complaint_id,txn_id,user_id,merchant_id,transaction_timestamp,reported_timestamp,disputed_amount,reason_code,complaint_text,resolution_status,bank_response_timestamp,severity,channel,disputed_amount_clean,reason_code_clean,resolution_status_clean,txn_id_clean,disputed_amount_recalculated,negative_amount_flag,valid_disputed_amount,amount_quality_status
CBK0002082,TXN00004325,usr97580,mch1127,2026/01/28,02-01-2026,,Merchant Not Delivered,Customer says amount was debited twice.,CLOSED,2026-02-10 03:19:10,Critical,ivr,,DELIVERY_ISSUE,CLOSED,TXN00004325,,False,,MISSING
CBK0001941,TXN00003720,USR54113,3835,25/02/2026 10:24 AM,1772691855,414.69,login compromised,User reports money deducted but merchant denies receiving payment.,In Progress,12/03/2026 06:24 AM,H,Call Center,41469.0,ACCOUNT_TAKEOVER,IN_PROGRESS,TXN00003720,414.69,False,414.69,VALID_POSITIVE
CBK0001799,TXN00012539,USR17980,mch3700,2026/02/04,02-05-2026,"Rs. 7,039",customer issue,merchant service was not delivered after payment.,OPEN,06/03/2026,P4,IVR,7039.0,CUSTOMER_DISPUTE,OPEN,TXN00012539,7039.0,False,7039.0,VALID_POSITIVE
CBK0002465,TXN00017802,USR76148,MCH4534,30-Mar-2026,01-Apr-2026,1303.05,no service,Suspicious high-value payment disputed by customer. pls check asap,Rejected,07-Apr-2026,H,ivr,130305.0,SERVICE_ISSUE,REJECTED,TXN00017802,1303.05,False,1303.05,VALID_POSITIVE
CBK0001870,TXN00015944,USR24660,MCH1686,09-Jan-2026,1768424501,1459.42,merchant service issue,Merchant service was not delivered after payment.,In Progress,01-26-2026,Low,App,145942.0,SERVICE_ISSUE,IN_PROGRESS,TXN00015944,1459.42,False,1459.42,VALID_POSITIVE
CBK0002663,TXN00009741,USR40631,MCH9584,02-05-2026,02-06-2026,Rs. 548,service failed,Complaint received after multiple failed attempts. urgent,Closed,02-23-2026,LOW,Branch,548.0,SERVICE_ISSUE,CLOSED,TXN00009741,548.0,False,548.0,VALID_POSITIVE
CBK0000782,TXN00015086,USR58789,MCH6008,05/02/2026,02-10-2026,"₹1,949.60",extra amount deducted,User says UPI PIN was not entered by them.,In Progress,03-Mar-2026,M,chatbot,194960.0,AMOUNT_MISMATCH,IN_PROGRESS,TXN00015086,1949.6,False,1949.6,VALID_POSITIVE
CBK0001838,TXN00014426,usr30157,MCH-4526,2026-03-26 10:17:08,2026-04-06 04:17:08,4193.52,Service Not Provided,Merchant service was not delivered after payment. details missing,OPEN,18-Apr-2026,M,CHATBOT,419352.0,SERVICE_ISSUE,OPEN,TXN00014426,4193.52,False,4193.52,VALID_POSITIVE
CBK0001095,TXN00015316,86750,MCH5980,2026/01/12,13/01/2026,930.83,dispute raised,Customer complaint text unclear due to poor call center notes.,Open,14-Jan-2026,P2,Branch,93083.0,CUSTOMER_DISPUTE,OPEN,TXN00015316,930.83,False,930.83,VALID_POSITIVE
CBK0002541,TXN00002822,USR11987,MCH3992,2026-03-18 10:04:06,23/03/2026,,UNAUTHORISED,User claims account was compromised before transaction.,OPEN,30/03/2026,P2,ivr,,UNAUTHORIZED_TRANSACTION,OPEN,TXN00002822,,False,,MISSING
CBK0001147,TXN00002456,USR89588,mch2614,2026-02-10 03:16:00,12/02/2026,1805.23,double debit,customer says amount was debited twice.,IN_PROGRESS,12/03/2026 02:16 PM,P4,chatbot,180523.0,DUPLICATE_DEBIT,IN_PROGRESS,TXN00002456,1805.23,False,1805.23,VALID_POSITIVE
CBK0001137,TXN00015627,USR35882,MCH8913,21/01/2026 01:07 AM,21/01/2026,"4,853.70",dispute raised,Customer says amount was debited twice.,Resolved,2026-02-06 08:07:54,Medium,CHATBOT,485370.0,CUSTOMER_DISPUTE,RESOLVED,TXN00015627,4853.7,False,4853.7,VALID_POSITIVE
CBK0002213,TXN00009870,USR 79046,8457,02/01/2026,02-17-2026,"Rs. 12,334",Merchant Not Delivered,Merchant service was not delivered after payment.,WIP,,P3,IVR,12334.0,DELIVERY_ISSUE,IN_PROGRESS,TXN00009870,12334.0,False,12334.0,VALID_POSITIVE
CBK0000946,TXN00013141,USR22644,MCH9193,01-26-2026,2026-01-31 14:01:41,"7,638.70",Fraud Suspected,MERCHANT SERVICE WAS NOT DELIVERED AFTER PAYMENT.,IN_PROGRESS,,CRITICAL,Email,763870.0,FRAUD,IN_PROGRESS,TXN00013141,7638.7,False,7638.7,VALID_POSITIVE
CBK0002366,TXN00012165,USR98915,MCH6399,2026/02/20,20/02/2026,,fraud,Customer says transaction was not authorized.,IN_PROGRESS,23/02/2026 09:48 PM,P4,Call Center,,FRAUD,IN_PROGRESS,TXN00012165,,False,,MISSING
CBK0002026,TXN00019737,USR27262,MCH-4852,13-Jan-2026,23-Jan-2026,174.11,charged twice,Merchant service was not delivered after payment.,RESOLVED,1770837913,MEDIUM,IVR,17411.0,CHARGED TWICE,RESOLVED,TXN00019737,174.11,False,174.11,VALID_POSITIVE
CBK0001099,TXN00011289,USR94570,MCH4545,30/01/2026 04:49 AM,02-04-2026,Rs. 305,Account Takeover,Payment made to unknown merchant as per customer statement.,Closed,02-28-2026,CRITICAL,IVR,305.0,ACCOUNT_TAKEOVER,CLOSED,TXN00011289,305.0,False,305.0,VALID_POSITIVE
CBK0001197,TXN00006253,USR19220,MCH7286,2026/01/08,01-10-2026,"Rs. 4,952",dispute raised,Complaint received after multiple failed attempts.,Rejected,1768920206,Medium,CHATBOT,4952.0,CUSTOMER_DISPUTE,REJECTED,TXN00006253,4952.0,False,4952.0,VALID_POSITIVE
CBK0002347,TXN00010961,USR55439,MCH7581,02-13-2026,15-Mar-2026,1126.18,Wrong Amount,Customer says transaction was not authorized.,Rejected,,LOW,Branch,112618.0,AMOUNT_MISMATCH,REJECTED,TXN00010961,1126.18,False,1126.18,VALID_POSITIVE
CBK0000289,TXN00005764,USR38028,MCH6758,12/03/2026 11:03 PM,,513.84,Fraud Suspected,User claims account was compromised before transaction.,REJECTED,,Medium,chatbot,51384.0,FRAUD,REJECTED,TXN00005764,513.84,False,513.84,VALID_POSITIVE
CBK0002002,TXN00010298,USR97772,MCH-5269,2026/01/03,01-08-2026,534.44,service failed,Merchant service was not delivered after payment. urgent,WIP,2026-02-03 23:32:04,P1,chatbot,53444.0,SERVICE_ISSUE,IN_PROGRESS,TXN00010298,534.44,False,534.44,VALID_POSITIVE
CBK0000512,TXN00014054,usr_27947,MCH7667,21-Jan-2026,01-26-2026,"4,010.97",Unauthorized Transaction,Customer says amount was debited twice.,Closed,01-30-2026,P4,CHATBOT,401097.0,UNAUTHORIZED_TRANSACTION,CLOSED,TXN00014054,4010.97,False,4010.97,VALID_POSITIVE
CBK0001155,TXN00010146,USR94690,MCH3957,2026-02-09 19:16:42,,"₹2,637.93",unauthorized_transaction,Payment made to unknown merchant as per customer statement.,In Progress,1771827402,MEDIUM,IVR,263793.0,UNAUTHORIZED_TRANSACTION,IN_PROGRESS,TXN00010146,2637.93,False,2637.93,VALID_POSITIVE
CBK0001330,TXN00005940,usr67471,MCH8738,14/03/2026 12:34 AM,15/03/2026 12:34 PM,"INR 1,360.01",DUP_DEBIT,Suspicious high-value payment disputed by customer.,Pending Bank,03-27-2026,MEDIUM,CHATBOT,136001.0,DUPLICATE_DEBIT,PENDING,TXN00005940,1360.01,False,1360.01,VALID_POSITIVE
CBK0000259,TXN00017504,USR 24872,MCH9291,22-Jan-2026,30/01/2026 09:27 AM,12647.35,unauthorized_transaction,merchant service was not delivered after payment.,IN_PROGRESS,13/02/2026,P4,chatbot,1264735.0,UNAUTHORIZED_TRANSACTION,IN_PROGRESS,TXN00017504,12647.35,False,12647.35,VALID_POSITIVE
CBK0000164,TXN00010786,usr79443,MCH 3729,2026-01-08 02:00:24,2026/01/18,,charged twice,Payment made to unknown merchant as per customer statement.,CLOSED,2026-01-23 04:00:24,MEDIUM,IVR,,CHARGED TWICE,CLOSED,TXN00010786,,False,,MISSING
CBK0000681,TXN00006290,USR89588,MCH 9105,2026/01/28,02/02/2026,,extra amount deducted,Merchant service was not delivered after payment.,REJECTED,28/02/2026,LOW,IVR,,AMOUNT_MISMATCH,REJECTED,TXN00006290,,False,,MISSING
CBK0002683,TXN00004094,USR73891,MCH8154,08/01/2026,06-Jan-2026,2519.45,incorrect amount,suspicious high-value payment disputed by customer.,In Progress,21-Jan-2026,HIGH,ivr,251945.0,AMOUNT_MISMATCH,IN_PROGRESS,TXN00004094,2519.45,False,2519.45,VALID_POSITIVE
CBK0002792,TXN00005061,USR22154,MCH9022,2026-02-28 13:16:03,03-02-2026,"INR 1,535.65",account hacked,Customer says amount was debited twice.,REJECTED,30/03/2026,High,chatbot,153565.0,ACCOUNT_TAKEOVER,REJECTED,TXN00005061,1535.65,False,1535.65,VALID_POSITIVE
CBK0000594,TXN65742,USR32980,MCH7020,2026/02/19,,Rs. 470,Merchant Not Delivered,suspicious high-value payment disputed by customer.,Closed,24-Feb-2026,MEDIUM,Email,470.0,DELIVERY_ISSUE,CLOSED,TXN65742,470.0,False,470.0,VALID_POSITIVE
CBK0001247,TXN00003165,usr41524,MCH2342,01-04-2026,09-Jan-2026,"2,714.54",scam,Suspicious high-value payment disputed by customer.,Resolved,03/02/2026,Medium,Call Center,271454.0,FRAUD,RESOLVED,TXN00003165,2714.54,False,2714.54,VALID_POSITIVE
CBK0000566,TXN00000086,USR11727,MCH4948,23/02/2026,24/02/2026 02:13 AM,411.83,unauth txn,User says UPI PIN was not entered by them.,REJECTED,2026/03/15,H,CHATBOT,41183.0,UNAUTHORIZED_TRANSACTION,REJECTED,TXN00000086,411.83,False,411.83,VALID_POSITIVE
CBK0002764,TXN00014418,usr_71468,MCH6403,03-Mar-2026,05/03/2026,1393.43,Service Not Provided,customer complaint text unclear due to poor call center notes.,PENDING_BANK,,M,Email,139343.0,SERVICE_ISSUE,PENDING,TXN00014418,1393.43,False,1393.43,VALID_POSITIVE
CBK0000023,TXN00001464,92751,MCH2757,03-14-2026,2026/04/13,"₹1,112.83",Merchant Not Delivered,MERCHANT SERVICE WAS NOT DELIVERED AFTER PAYMENT.,RESOLVED,2026/04/16,P3,ivr,111283.0,DELIVERY_ISSUE,RESOLVED,TXN00001464,1112.83,False,1112.83,VALID_POSITIVE
CBK0000361,TXN00012527,USR24926,MCH7438,14-Feb-2026,2026-02-16 18:13:57,"Rs. 2,311",Duplicate Debit,User claims account was compromised before transaction.,CLOSED,,LOW,IVR,2311.0,DUPLICATE_DEBIT,CLOSED,TXN00012527,2311.0,False,2311.0,VALID_POSITIVE
CBK0002544,TXN00018727,USR27888,MCH5076,2026-03-20 01:26:11,25/03/2026,10161.06,delivery issue,merchant service was not delivered after payment.,Open,2026-04-24 20:26:11,HIGH,CHATBOT,1016106.0,DELIVERY_ISSUE,OPEN,TXN00018727,10161.06,False,10161.06,VALID_POSITIVE
CBK0000430,TXN00018881,USR-47299,MCH3382,1770780031,26-Feb-2026,2108.9,fraud,Merchant service was not delivered after payment. urgent,IN_PROGRESS,2026-03-23 06:20:31,P2,ivr,21089.0,FRAUD,IN_PROGRESS,TXN00018881,2108.9,False,2108.9,VALID_POSITIVE
CBK0001264,TXN00008143,USR92737,MCH4183,1774200089,25/03/2026 10:21 PM,INR 240.64,unauth txn,Merchant service was not delivered after payment.,OPEN,,L,ivr,24064.0,UNAUTHORIZED_TRANSACTION,OPEN,TXN00008143,240.64,False,240.64,VALID_POSITIVE
CBK0001919,TXN00005826,USR72795,MCH2259,31-Jan-2026,04/02/2026 02:03 PM,"INR 1,770.58",login compromised,Merchant service was not delivered after payment.,Rejected,02-08-2026,P1,IVR,177058.0,ACCOUNT_TAKEOVER,REJECTED,TXN00005826,1770.58,False,1770.58,VALID_POSITIVE
CBK0000069,TXN00002744,USR21384,MCH4252,1768440280,,₹840.07,delivery issue,USER CLAIMS ACCOUNT WAS COMPROMISED BEFORE TRANSACTION.,In Progress,11/02/2026,CRIT,Email,84007.0,DELIVERY_ISSUE,IN_PROGRESS,TXN00002744,840.07,False,840.07,VALID_POSITIVE
CBK0001760,TXN00017025,USR79110,MCH1320,,1774394238,,FRAUD,user says upi pin was not entered by them.,Resolved,,Low,ivr,,FRAUD,RESOLVED,TXN00017025,,False,,MISSING
CBK0002232,TXN00009269,USR99886,MCH 1941,1769455485,1769707485,₹385.53,Merchant Not Delivered,Payment made to unknown merchant as per customer statement.,CLOSED,,Medium,CHATBOT,38553.0,DELIVERY_ISSUE,CLOSED,TXN00009269,385.53,False,385.53,VALID_POSITIVE
CBK0002798,TXN66039,USR24087,MCH6965,14-Jan-2026,2026-01-22 06:27:51,"Rs. 1,372",Service Not Provided,User reports money deducted but merchant denies receiving payment.,RESOLVED,02-09-2026,P4,CHATBOT,1372.0,SERVICE_ISSUE,RESOLVED,TXN66039,1372.0,False,1372.0,VALID_POSITIVE
CBK0000080,TXN00007630,USR70905,MCH 7833,1768160100,1768199700,963.14,Duplicate Debit,user claims account was compromised before transaction.,IN_PROGRESS,2026/01/24,P4,Branch,96314.0,DUPLICATE_DEBIT,IN_PROGRESS,TXN00007630,963.14,False,963.14,VALID_POSITIVE
CBK0000789,TXN00006632,USR56899,MCH7296,03-28-2026,03/04/2026,"₹4,124.85",fraud,Merchant service was not delivered after payment.,WIP,,L,Email,412485.0,FRAUD,IN_PROGRESS,TXN00006632,4124.85,False,4124.85,VALID_POSITIVE
CBK0002564,TXN00013473,USR78994,2383,16/02/2026 02:17 AM,26/02/2026,2485.28,Customer Dispute,Customer says amount was debited twice.,Pending Bank,04-Mar-2026,MEDIUM,CHATBOT,248528.0,CUSTOMER_DISPUTE,PENDING,TXN00013473,2485.28,False,2485.28,VALID_POSITIVE
CBK0000359,TXN00014970,USR35935,3100,,02-20-2026,3336.7,Account Takeover,user reports money deducted but merchant denies receiving payment.,WIP,2026-03-12 18:19:47,MEDIUM,CHATBOT,33367.0,ACCOUNT_TAKEOVER,IN_PROGRESS,TXN00014970,3336.7,False,3336.7,VALID_POSITIVE
CBK0002003,TXN00015085,USR71636,mch4256,16/01/2026,18/01/2026 06:11 AM,-956.46,Merchant Not Delivered,suspicious high-value payment disputed by customer.,In Progress,2026/02/09,P3,App,-95646.0,DELIVERY_ISSUE,IN_PROGRESS,TXN00015085,-956.46,True,,NEGATIVE_INVALID
CBK0002463,TXN00014364,USR87498,MCH4089,19/01/2026,1769015896,"2,489.04",suspicious transaction,Customer says amount was debited twice.,Resolved,11-Feb-2026,LOW,chatbot,248904.0,FRAUD,RESOLVED,TXN00014364,2489.04,False,2489.04,VALID_POSITIVE
CBK0001171,TXN00006955,USR26685,MCH3901,,1771261047,1336.86,ATO,payment made to unknown merchant as per customer statement.,OPEN,19-Feb-2026,LOW,chatbot,133686.0,ACCOUNT_TAKEOVER,OPEN,TXN00006955,1336.86,False,1336.86,VALID_POSITIVE
CBK0002716,txn-00003119,USR34955,MCH8691,,1771970338,"INR 1,198.29",suspicious transaction,Payment made to unknown merchant as per customer statement.,CLOSED,,L,Email,119829.0,FRAUD,CLOSED,TXN-00003119,1198.29,False,1198.29,VALID_POSITIVE
CBK0001839,TXN00004638,USR67862,MCH 8953,12/02/2026 09:49 AM,12/02/2026 11:49 AM,"₹1,651.94",extra amount deducted,User reports money deducted but merchant denies receiving payment.,IN_PROGRESS,17/02/2026,High,Email,165194.0,AMOUNT_MISMATCH,IN_PROGRESS,TXN00004638,1651.94,False,1651.94,VALID_POSITIVE
CBK0002314,TXN00014145,USR21162,MCH 2383,09-Mar-2026,1773176596,"Rs. 3,888",suspicious transaction,Complaint received after multiple failed attempts.,CLOSED,07/04/2026,L,ivr,3888.0,FRAUD,CLOSED,TXN00014145,3888.0,False,3888.0,VALID_POSITIVE
CBK0000406,TXN00007974,usr33394,MCH 3064,,11/03/2026,4101.89,Wrong Amount,user claims account was compromised before transaction.,Open,2026-03-20 06:27:39,Low,ivr,410189.0,AMOUNT_MISMATCH,OPEN,TXN00007974,4101.89,False,4101.89,VALID_POSITIVE
CBK0002718,TXN00013934,usr84084,mch7370,20/02/2026,1774221317,"INR 7,727.87",Account Takeover,User claims account was compromised before transaction.,OPEN,04-Apr-2026,L,ivr,772787.0,ACCOUNT_TAKEOVER,OPEN,TXN00013934,7727.87,False,7727.87,VALID_POSITIVE
CBK0002400,TXN00015733,USR87357,MCH9878,2026/01/22,01-25-2026,2313.86,UNAUTHORISED,customer complaint text unclear due to poor call center notes.,CLOSED,22-Feb-2026,P3,ivr,231386.0,UNAUTHORIZED_TRANSACTION,CLOSED,TXN00015733,2313.86,False,2313.86,VALID_POSITIVE
CBK0002758,,USR60667,MCH2383,1774246748,2026/03/25,1225.29,fraud,payment made to unknown merchant as per customer statement.,IN_PROGRESS,13/04/2026,Medium,Branch,122529.0,FRAUD,IN_PROGRESS,,1225.29,False,1225.29,VALID_POSITIVE
CBK0002250,TXN00008645,usr60783,MCH8613,2026-01-12 12:57:11,19-Jan-2026,5443.5,Unauthorized Transaction,PAYMENT MADE TO UNKNOWN MERCHANT AS PER CUSTOMER STATEMENT.,CLOSED,,HIGH,Call Center,54435.0,UNAUTHORIZED_TRANSACTION,CLOSED,TXN00008645,5443.5,False,5443.5,VALID_POSITIVE
CBK0000661,TXN00012553,USR87727,MCH 8876,2026-01-21 17:03:00,01-23-2026,901.62,no service,User claims account was compromised before transaction.,Resolved,2026-02-15 06:03:00,Low,IVR,90162.0,SERVICE_ISSUE,RESOLVED,TXN00012553,901.62,False,901.62,VALID_POSITIVE
CBK0001020,TXN84758,USR36590,mch1368,23/02/2026,26/02/2026,,Service Not Provided,User says UPI PIN was not entered by them.,Open,2026/03/15,H,ivr,,SERVICE_ISSUE,OPEN,TXN84758,,False,,MISSING
CBK0002104,TXN00006293,USR-48479,mch8779,01-08-2026,2026/01/19,"₹2,214.27",DUP_DEBIT,Complaint received after multiple failed attempts.,REJECTED,,LOW,Branch,221427.0,DUPLICATE_DEBIT,REJECTED,TXN00006293,2214.27,False,2214.27,VALID_POSITIVE
CBK0002572,TXN00002760,USR 49176,MCH 2925,1768487176,30/01/2026,1345.79,unauth txn,User says UPI PIN was not entered by them.,RESOLVED,02-09-2026,L,ivr,134579.0,UNAUTHORIZED_TRANSACTION,RESOLVED,TXN00002760,1345.79,False,1345.79,VALID_POSITIVE
CBK0000929,TXN00014710,USR38547,MCH 5541,1769173864,1770120664,"INR 3,089.13",Unauthorized Transaction,Merchant service was not delivered after payment.,OPEN,04/02/2026 12:11 PM,M,IVR,308913.0,UNAUTHORIZED_TRANSACTION,OPEN,TXN00014710,3089.13,False,3089.13,VALID_POSITIVE
CBK0002608,TXN00012654,usr13367,MCH8076,2026-03-29 04:01:37,,₹326.32,account hacked,User claims account was compromised before transaction.,RESOLVED,24/04/2026 07:01 PM,P4,App,32632.0,ACCOUNT_TAKEOVER,RESOLVED,TXN00012654,326.32,False,326.32,VALID_POSITIVE
CBK0002430,TXN00019681,USR37650,MCH5655,2026/01/29,04-Feb-2026,"₹9,661.70",not delivered,Customer says amount was debited twice.,Resolved,15-Feb-2026,High,ivr,966170.0,DELIVERY_ISSUE,RESOLVED,TXN00019681,9661.7,False,9661.7,VALID_POSITIVE
CBK0002156,TXN00013206,USR11987,MCH 6665,24/01/2026 09:52 AM,25/01/2026 04:52 AM,26477.69,Customer Dispute,Complaint received after multiple failed attempts.,In Progress,,High,Email,2647769.0,CUSTOMER_DISPUTE,IN_PROGRESS,TXN00013206,26477.69,False,26477.69,VALID_POSITIVE
CBK0000366,TXN00002078,USR73403,MCH5076,1772476172,2026/03/04,6907.46,extra amount deducted,Customer says transaction was not authorized.,Closed,,LOW,Call Center,690746.0,AMOUNT_MISMATCH,CLOSED,TXN00002078,6907.46,False,6907.46,VALID_POSITIVE
CBK0000432,TXN94213,USR96958,MCH7286,29-Jan-2026,01/02/2026,-1411.26,unauth txn,User reports money deducted but merchant denies receiving payment.,RESOLVED,02-Feb-2026,High,Email,-141126.0,UNAUTHORIZED_TRANSACTION,RESOLVED,TXN94213,-1411.26,True,,NEGATIVE_INVALID
CBK0001972,TXN00001376,USR12133,MCH6555,1769912648,2026-02-06 04:24:08,"1,261.15",item not received,Merchant service was not delivered after payment.,Closed,,M,chatbot,126115.0,DELIVERY_ISSUE,CLOSED,TXN00001376,1261.15,False,1261.15,VALID_POSITIVE
CBK0001250,TXN00015587,USR11697,MCH-8741,2026/02/02,05/02/2026,11364.57,no service,Complaint received after multiple failed attempts.,PENDING_BANK,,Low,App,1136457.0,SERVICE_ISSUE,PENDING,TXN00015587,11364.57,False,11364.57,VALID_POSITIVE
CBK0001283,TXN00002013,USR31545,MCH5974,,2026-03-04 02:59:29,Rs. 439,unauth txn,Suspicious high-value payment disputed by customer.,REJECTED,28-Mar-2026,Medium,Call Center,439.0,UNAUTHORIZED_TRANSACTION,REJECTED,TXN00002013,439.0,False,439.0,VALID_POSITIVE
CBK0000973,TXN00016040,USR25345,MCH3851,04/02/2026,06-Feb-2026,"Rs. 3,127",unauth txn,Complaint received after multiple failed attempts.,PENDING_BANK,07-Mar-2026,Low,IVR,3127.0,UNAUTHORIZED_TRANSACTION,PENDING,TXN00016040,3127.0,False,3127.0,VALID_POSITIVE
CBK0000578,TXN00006468,USR71457,mch6810,1767959563,2026-01-11 20:52:43,7884.04,UNAUTHORISED,Suspicious high-value payment disputed by customer.,IN_PROGRESS,2026/01/13,Low,ivr,788404.0,UNAUTHORIZED_TRANSACTION,IN_PROGRESS,TXN00006468,7884.04,False,7884.04,VALID_POSITIVE
CBK0001696,TXN00019601,USR19556,MCH5844,08/03/2026,09/03/2026 01:14 PM,9956.85,ATO,Suspicious high-value payment disputed by customer.,Closed,04-03-2026,P2,CHATBOT,995685.0,ACCOUNT_TAKEOVER,CLOSED,TXN00019601,9956.85,False,9956.85,VALID_POSITIVE
CBK0002333,TXN00002832,USR10042,mch1611,02/03/2026 01:26 PM,05-Mar-2026,8214.17,Account Takeover,Merchant service was not delivered after payment.,Rejected,04/04/2026,P3,IVR,821417.0,ACCOUNT_TAKEOVER,REJECTED,TXN00002832,8214.17,False,8214.17,VALID_POSITIVE
CBK0001122,TXN00015275,USR-61052,MCH 8979,03-07-2026,1773419268,320.53,not delivered,Complaint received after multiple failed attempts.,REJECTED,1775924868,Medium,ivr,32053.0,DELIVERY_ISSUE,REJECTED,TXN00015275,320.53,False,320.53,VALID_POSITIVE
CBK0000959,TXN00011129,USR50320,MCH6319,2026/02/07,09/03/2026 11:52 AM,"₹4,888.42",unauth txn,User reports money deducted but merchant denies receiving payment.,Closed,,P3,Email,488842.0,UNAUTHORIZED_TRANSACTION,CLOSED,TXN00011129,4888.42,False,4888.42,VALID_POSITIVE
CBK0001968,,USR46599,MCH1320,21/03/2026,2026/03/23,2799.09,dispute raised,Customer says amount was debited twice.,Pending Bank,13/04/2026 03:36 AM,M,Email,279909.0,CUSTOMER_DISPUTE,PENDING,,2799.09,False,2799.09,VALID_POSITIVE
CBK0001828,TXN00016623,USR-59679,MCH8755,2026/01/05,2026-01-15 08:21:37,818.66,account hacked,Customer says amount was debited twice. pls check asap,PENDING_BANK,2026-02-03 08:21:37,HIGH,Branch,81866.0,ACCOUNT_TAKEOVER,PENDING,TXN00016623,818.66,False,818.66,VALID_POSITIVE
CBK0001654,TXN00012039,USR76792,MCH6492,02-05-2026,2026-02-07 05:28:28,Rs. 966,extra amount deducted,User reports money deducted but merchant denies receiving payment.,WIP,22/02/2026 05:28 AM,P2,Call Center,966.0,AMOUNT_MISMATCH,IN_PROGRESS,TXN00012039,966.0,False,966.0,VALID_POSITIVE
CBK0002440,txn-00014010,usr71922,MCH6703,2026-01-31 08:39:15,01/02/2026 08:39 AM,"1,883.55",unauth txn,complaint received after multiple failed attempts.,WIP,,High,ivr,188355.0,UNAUTHORIZED_TRANSACTION,IN_PROGRESS,TXN-00014010,1883.55,False,1883.55,VALID_POSITIVE
CBK0001278,TXN00008385,USR17657,MCH-3542,2026/02/20,04-06-2026,"₹1,944.27",dispute raised,PAYMENT MADE TO UNKNOWN MERCHANT AS PER CUSTOMER STATEMENT.,Resolved,,LOW,CHATBOT,194427.0,CUSTOMER_DISPUTE,RESOLVED,TXN00008385,1944.27,False,1944.27,VALID_POSITIVE
CBK0002370,TXN00001816,usr_24664,MCH3992,25-Mar-2026,1774554101,"₹6,501.45",DUP_DEBIT,Payment made to unknown merchant as per customer statement.,PENDING_BANK,04-13-2026,Low,Call Center,650145.0,DUPLICATE_DEBIT,PENDING,TXN00001816,6501.45,False,6501.45,VALID_POSITIVE
CBK0001105,TXN00019695,USR34180,MCH6310,04/03/2026,,1782.96,Duplicate Debit,User reports money deducted but merchant denies receiving payment.,OPEN,,M,chatbot,178296.0,DUPLICATE_DEBIT,OPEN,TXN00019695,1782.96,False,1782.96,VALID_POSITIVE
CBK0000180,TXN00019503,USR70812,MCH3936,18/01/2026,2026/01/22,"INR 1,537.27",not delivered,user claims account was compromised before transaction.,WIP,02-02-2026,L,Branch,153727.0,DELIVERY_ISSUE,IN_PROGRESS,TXN00019503,1537.27,False,1537.27,VALID_POSITIVE
CBK0000369,TXN00008758,usr_86274,MCH3418,2026-03-18 04:15:38,2026-03-20 15:15:38,"Rs. 11,352",UNAUTHORISED,User says UPI PIN was not entered by them.,IN_PROGRESS,,M,ivr,11352.0,UNAUTHORIZED_TRANSACTION,IN_PROGRESS,TXN00008758,11352.0,False,11352.0,VALID_POSITIVE
CBK0002303,TXN00016593,usr96415,MCH1320,11-Jan-2026,01-13-2026,6511.97,Unauthorized Transaction,Customer complaint text unclear due to poor call center notes.,Resolved,2026-01-22 01:23:48,MEDIUM,ivr,651197.0,UNAUTHORIZED_TRANSACTION,RESOLVED,TXN00016593,6511.97,False,6511.97,VALID_POSITIVE
CBK0001525,TXN00004103,USR 18453,MCH-7793,,2026/01/28,4864.83,ATO,User claims account was compromised before transaction.,CLOSED,01/02/2026,Medium,Email,486483.0,ACCOUNT_TAKEOVER,CLOSED,TXN00004103,4864.83,False,4864.83,VALID_POSITIVE
CBK0000316,TXN00016400,USR40842,MCH3815,18-Mar-2026,18/04/2026,"₹1,616.81",Wrong Amount,COMPLAINT RECEIVED AFTER MULTIPLE FAILED ATTEMPTS.,Resolved,05-03-2026,P3,CHATBOT,161681.0,AMOUNT_MISMATCH,RESOLVED,TXN00016400,1616.81,False,1616.81,VALID_POSITIVE
CBK0001238,TXN00006193,USR35817,7061,12/03/2026,13/03/2026,26207.56,FRAUD,Customer says amount was debited twice.,In Progress,04-10-2026,LOW,App,2620756.0,FRAUD,IN_PROGRESS,TXN00006193,26207.56,False,26207.56,VALID_POSITIVE
CBK0002585,TXN00018187,USR23937,MCH4560,24/03/2026,27/03/2026,,ATO,Customer complaint text unclear due to poor call center notes.,RESOLVED,1776177535,M,chatbot,,ACCOUNT_TAKEOVER,RESOLVED,TXN00018187,,False,,MISSING
CBK0001427,TXN00019824,USR76289,MCH5563,06-Jan-2026,2026/02/05,₹755.08,no service,Suspicious high-value payment disputed by customer.,Rejected,03/03/2026 08:07 AM,CRITICAL,Email,75508.0,SERVICE_ISSUE,REJECTED,TXN00019824,755.08,False,755.08,VALID_POSITIVE
CBK0002514,TXN00001801,usr_99493,mch3992,1773327218,,"₹4,455.80",not delivered,Customer says transaction was not authorized.,PENDING_BANK,2026/03/19,Low,Branch,445580.0,DELIVERY_ISSUE,PENDING,TXN00001801,4455.8,False,4455.8,VALID_POSITIVE
CBK0001680,TXN00009645,USR11085,MCH 7073,31/01/2026 04:31 PM,02/02/2026,3937.19,not delivered,Complaint received after multiple failed attempts.,OPEN,,MEDIUM,chatbot,393719.0,DELIVERY_ISSUE,OPEN,TXN00009645,3937.19,False,3937.19,VALID_POSITIVE
CBK0002041,TXN00015934,USR69637,MCH2240,,24-Mar-2026,1508.23,complaint,Customer complaint text unclear due to poor call center notes.,CLOSED,04-17-2026,P2,CHATBOT,150823.0,CUSTOMER_DISPUTE,CLOSED,TXN00015934,1508.23,False,1508.23,VALID_POSITIVE
CBK0002780,TXN40959,USR75376,MCH 4293,26/02/2026,13-Mar-2026,823.15,item not received,User says UPI PIN was not entered by them.,WIP,,H,chatbot,82315.0,DELIVERY_ISSUE,IN_PROGRESS,TXN40959,823.15,False,823.15,VALID_POSITIVE
CBK0000294,TXN00019876,USR55690,MCH6739,,,2134.32,Duplicate Debit,CUSTOMER COMPLAINT TEXT UNCLEAR DUE TO POOR CALL CENTER NOTES.,PENDING_BANK,20/03/2026 11:37 PM,Low,ivr,213432.0,DUPLICATE_DEBIT,PENDING,TXN00019876,2134.32,False,2134.32,VALID_POSITIVE
CBK0002617,TXN00016671,USR-60544,MCH7838,2026/02/09,24-Feb-2026,1587.1,Customer Dispute,User claims account was compromised before transaction.,REJECTED,1773789436,LOW,Call Center,15871.0,CUSTOMER_DISPUTE,REJECTED,TXN00016671,1587.1,False,1587.1,VALID_POSITIVE
CBK0001175,TXN61071,USR22543,MCH3116,1770219797,10/02/2026,,customer issue,customer says amount was debited twice.,In Progress,22/02/2026 11:43 AM,P1,chatbot,,CUSTOMER_DISPUTE,IN_PROGRESS,TXN61071,,False,,MISSING
CBK0001087,TXN00014733,USR20889,MCH5264,02-06-2026,06/02/2026,"₹1,558.23",merchant service issue,Suspicious high-value payment disputed by customer.,In Progress,,P2,Call Center,155823.0,SERVICE_ISSUE,IN_PROGRESS,TXN00014733,1558.23,False,1558.23,VALID_POSITIVE
CBK0002077,TXN00005419,USR-55970,MCH9128,22/01/2026,01-30-2026,"Rs. 8,383",Fraud Suspected,Payment made to unknown merchant as per customer statement.,Rejected,2026/02/25,P4,Call Center,8383.0,FRAUD,REJECTED,TXN00005419,8383.0,False,8383.0,VALID_POSITIVE
CBK0001820,TXN00007866,USR51854,MCH1450,21/02/2026,2026/02/22,-2477.45,incorrect amount,complaint received after multiple failed attempts.,Rejected,23/03/2026 07:57 PM,LOW,Email,-247745.0,AMOUNT_MISMATCH,REJECTED,TXN00007866,-2477.45,True,,NEGATIVE_INVALID
CBK0001018,TXN00018348,USR13510,1320,28/01/2026,1770960388,1207.49,Unauthorized Transaction,Complaint received after multiple failed attempts.,Resolved,17/02/2026,P4,App,120749.0,UNAUTHORIZED_TRANSACTION,RESOLVED,TXN00018348,1207.49,False,1207.49,VALID_POSITIVE
CBK0001949,TXN00000319,USR60096,MCH-4998,2026/02/19,24-Feb-2026,"Rs. 2,189",customer issue,Customer says amount was debited twice.,PENDING_BANK,21/03/2026,MEDIUM,Email,2189.0,CUSTOMER_DISPUTE,PENDING,TXN00000319,2189.0,False,2189.0,VALID_POSITIVE
CBK0000860,TXN00007296,USR97580,MCH3701,2026/02/04,,"INR 1,425.61",delivery issue,Suspicious high-value payment disputed by customer.,Pending Bank,,M,CHATBOT,142561.0,DELIVERY_ISSUE,PENDING,TXN00007296,1425.61,False,1425.61,VALID_POSITIVE
CBK0000879,TXN00018041,USR59366,MCH6145,14-Mar-2026,2026/03/24,₹479.19,scam,Customer complaint text unclear due to poor call center notes.,PENDING_BANK,25-Mar-2026,P4,ivr,47919.0,FRAUD,PENDING,TXN00018041,479.19,False,479.19,VALID_POSITIVE
CBK0001383,TXN00005315,USR50648,MCH2822,06-Mar-2026,2026/03/12,819.89,Customer Dispute,User reports money deducted but merchant denies receiving payment.,OPEN,2026-03-27 05:23:46,L,chatbot,81989.0,CUSTOMER_DISPUTE,OPEN,TXN00005315,819.89,False,819.89,VALID_POSITIVE
CBK0001532,,USR52450,MCH6244,,12-Mar-2026,3174.58,complaint,User reports money deducted but merchant denies receiving payment.,Rejected,2026/03/30,L,IVR,317458.0,CUSTOMER_DISPUTE,REJECTED,,3174.58,False,3174.58,VALID_POSITIVE
CBK0000448,TXN00013063,USR62513,MCH8391,02-14-2026,,395.16,merchant service issue,Suspicious high-value payment disputed by customer.,Rejected,17/02/2026 10:59 AM,Medium,Email,39516.0,SERVICE_ISSUE,REJECTED,TXN00013063,395.16,False,395.16,VALID_POSITIVE
CBK0002336,TXN00014456,USR56287,MCH 4473,,2026-01-10 09:07:37,"INR 4,534.17",merchant service issue,Merchant service was not delivered after payment.,PENDING_BANK,05/02/2026,Low,Email,453417.0,SERVICE_ISSUE,PENDING,TXN00014456,4534.17,False,4534.17,VALID_POSITIVE
CBK0001121,TXN00005396,usr14769,MCH-8455,23/01/2026 08:19 AM,,"₹2,926.18",scam,Customer says transaction was not authorized.,Open,,P3,Email,292618.0,FRAUD,OPEN,TXN00005396,2926.18,False,2926.18,VALID_POSITIVE
CBK0001266,TXN00017098,USR19427,MCH5980,30/01/2026,1770042047,1358.37,DUP_DEBIT,Complaint received after multiple failed attempts.,Rejected,02-03-2026,P3,chatbot,135837.0,DUPLICATE_DEBIT,REJECTED,TXN00017098,1358.37,False,1358.37,VALID_POSITIVE
CBK0001732,TXN00007456,usr17657,MCH3806,2026/03/17,03-17-2026,"Rs. 2,655",Fraud Suspected,User claims account was compromised before transaction.,CLOSED,,P1,Branch,2655.0,FRAUD,CLOSED,TXN00007456,2655.0,False,2655.0,VALID_POSITIVE
CBK0000575,TXN00009966,usr_40897,MCH9575,2026/02/23,2026/02/23,₹606.33,item not received,merchant service was not delivered after payment.,REJECTED,,CRIT,Email,60633.0,DELIVERY_ISSUE,REJECTED,TXN00009966,606.33,False,606.33,VALID_POSITIVE
CBK0002268,TXN00008063,USR89588,MCH1457,08-Mar-2026,19/03/2026,"₹2,296.42",complaint,User says UPI PIN was not entered by them.,Open,2026/03/28,P2,Branch,229642.0,CUSTOMER_DISPUTE,OPEN,TXN00008063,2296.42,False,2296.42,VALID_POSITIVE
CBK0001126,TXN00007982,USR 35882,MCH4473,28/03/2026 09:42 PM,,-3415.3,unauthorized_transaction,Merchant service was not delivered after payment.,Closed,,P2,Email,-34153.0,UNAUTHORIZED_TRANSACTION,CLOSED,TXN00007982,-3415.3,True,,NEGATIVE_INVALID
CBK0002517,txn-00011567,USR30157,MCH1130,2026/01/26,26/01/2026 10:31 PM,-7727.83,complaint,Customer says transaction was not authorized. urgent,Closed,2026-01-30 22:31:46,M,Call Center,-772783.0,CUSTOMER_DISPUTE,CLOSED,TXN-00011567,-7727.83,True,,NEGATIVE_INVALID
CBK0001815,TXN00017040,USR53591,MCH4590,1773247388,,"₹2,935.06",item not received,Payment made to unknown merchant as per customer statement.,WIP,04-05-2026,Medium,IVR,293506.0,DELIVERY_ISSUE,IN_PROGRESS,TXN00017040,2935.06,False,2935.06,VALID_POSITIVE
CBK0000752,TXN00012584,USR47668,mch3678,01-17-2026,16-Feb-2026,397.91,Customer Dispute,COMPLAINT RECEIVED AFTER MULTIPLE FAILED ATTEMPTS.,CLOSED,,P4,App,39791.0,CUSTOMER_DISPUTE,CLOSED,TXN00012584,397.91,False,397.91,VALID_POSITIVE
CBK0000688,TXN00018235,USR63160,MCH6399,1771318187,19/02/2026,"5,681.16",Customer Dispute,User says UPI PIN was not entered by them.,Rejected,03-18-2026,HIGH,App,568116.0,CUSTOMER_DISPUTE,REJECTED,TXN00018235,5681.16,False,5681.16,VALID_POSITIVE
CBK0001827,TXN00003656,USR-60742,MCH 3472,2026/03/26,04-11-2026,1011.36,dispute raised,complaint received after multiple failed attempts.,Rejected,,P4,Branch,101136.0,CUSTOMER_DISPUTE,REJECTED,TXN00003656,1011.36,False,1011.36,VALID_POSITIVE
CBK0001798,TXN00017706,USR 24802,MCH9650,1769114366,01-24-2026,1159.44,Account Takeover,User says UPI PIN was not entered by them.,Closed,18/02/2026 08:39 PM,Low,Branch,115944.0,ACCOUNT_TAKEOVER,CLOSED,TXN00017706,1159.44,False,1159.44,VALID_POSITIVE
CBK0001588,TXN00006200,USR71373,MCH4370,25/01/2026,28/01/2026,5233.09,not delivered,Customer says transaction was not authorized.,WIP,,P2,Email,523309.0,DELIVERY_ISSUE,IN_PROGRESS,TXN00006200,5233.09,False,5233.09,VALID_POSITIVE
CBK0001960,txn-00008459,USR48339,MCH3765,07/01/2026 05:57 AM,2026/01/12,"3,145.24",Account Takeover,Customer complaint text unclear due to poor call center notes.,WIP,2026/02/09,M,Call Center,314524.0,ACCOUNT_TAKEOVER,IN_PROGRESS,TXN-00008459,3145.24,False,3145.24,VALID_POSITIVE
CBK0000227,TXN00013273,USR34180,MCH 1485,07-Feb-2026,1770626234,465.76,login compromised,User claims account was compromised before transaction.,PENDING_BANK,,H,Email,46576.0,ACCOUNT_TAKEOVER,PENDING,TXN00013273,465.76,False,465.76,VALID_POSITIVE
CBK0001487,TXN00015922,USR41135,MCH5982,23-Feb-2026,2026/02/25,-759.33,dispute raised,Complaint received after multiple failed attempts.,WIP,03-16-2026,P2,IVR,-75933.0,CUSTOMER_DISPUTE,IN_PROGRESS,TXN00015922,-759.33,True,,NEGATIVE_INVALID
CBK0002403,TXN00000926,USR-32749,MCH6945,03-17-2026,19/03/2026 01:26 PM,Rs. 486,no service,SUSPICIOUS HIGH-VALUE PAYMENT DISPUTED BY CUSTOMER.,IN_PROGRESS,2026-04-17 13:26:01,P3,CHATBOT,486.0,SERVICE_ISSUE,IN_PROGRESS,TXN00000926,486.0,False,486.0,VALID_POSITIVE
CBK0001606,TXN00006400,USR91446,mch8696,2026/01/29,02-01-2026,"3,582.55",UNAUTHORISED,Suspicious high-value payment disputed by customer. call dropped,In Progress,13-Feb-2026,High,Email,358255.0,UNAUTHORIZED_TRANSACTION,IN_PROGRESS,TXN00006400,3582.55,False,3582.55,VALID_POSITIVE
CBK0002158,TXN00015104,USR76750,MCH-6228,01-19-2026,25-Jan-2026,2517.56,Customer Dispute,User claims account was compromised before transaction.,Rejected,01-30-2026,LOW,Branch,251756.0,CUSTOMER_DISPUTE,REJECTED,TXN00015104,2517.56,False,2517.56,VALID_POSITIVE
CBK0000247,TXN00019340,USR75302,MCH7286,2026-01-04 20:29:59,2026/01/04,"Rs. 1,486",service failed,Customer says transaction was not authorized.,RESOLVED,2026/01/18,P2,Call Center,1486.0,SERVICE_ISSUE,RESOLVED,TXN00019340,1486.0,False,1486.0,VALID_POSITIVE
CBK0002588,TXN00008732,USR22039,MCH2374,03-22-2026,2026/04/01,3491.72,charged twice,User says UPI PIN was not entered by them.,CLOSED,,HIGH,chatbot,349172.0,CHARGED TWICE,CLOSED,TXN00008732,3491.72,False,3491.72,VALID_POSITIVE
CBK0001636,TXN00012003,USR66224,MCH3992,20-Feb-2026,27-Feb-2026,"INR 1,641.33",extra amount deducted,SUSPICIOUS HIGH-VALUE PAYMENT DISPUTED BY CUSTOMER.,WIP,,P3,App,164133.0,AMOUNT_MISMATCH,IN_PROGRESS,TXN00012003,1641.33,False,1641.33,VALID_POSITIVE
CBK0001542,TXN00007849,68559,MCH 4064,21/01/2026 03:43 AM,1769139780,"Rs. 1,413",Service Not Provided,Complaint received after multiple failed attempts.,PENDING_BANK,1771126980,MEDIUM,Branch,1413.0,SERVICE_ISSUE,PENDING,TXN00007849,1413.0,False,1413.0,VALID_POSITIVE
CBK0000088,TXN00002716,USR62830,MCH4381,2026/01/22,25/01/2026,"INR 8,825.16",incorrect amount,merchant service was not delivered after payment.,Rejected,2026/02/15,Medium,Call Center,882516.0,AMOUNT_MISMATCH,REJECTED,TXN00002716,8825.16,False,8825.16,VALID_POSITIVE
CBK0002664,TXN00008946,usr84093,mch1298,1767707873,2026-01-09 07:57:53,₹815.57,unauth txn,Suspicious high-value payment disputed by customer. details missing,REJECTED,08/02/2026 07:57 AM,M,IVR,81557.0,UNAUTHORIZED_TRANSACTION,REJECTED,TXN00008946,815.57,False,815.57,VALID_POSITIVE
CBK0001415,TXN00018932,usr90778,MCH1764,2026-03-29 04:23:47,31/03/2026 10:23 AM,"Rs. 1,825",not done by me,complaint received after multiple failed attempts.,Open,1776248627,High,ivr,1825.0,UNAUTHORIZED_TRANSACTION,OPEN,TXN00018932,1825.0,False,1825.0,VALID_POSITIVE
CBK0000390,txn-00006356,USR12919,MCH6810,23/03/2026,2026/05/07,-344.33,customer issue,User says UPI PIN was not entered by them.,RESOLVED,03/06/2026,P4,Call Center,-34433.0,CUSTOMER_DISPUTE,RESOLVED,TXN-00006356,-344.33,True,,NEGATIVE_INVALID
CBK0000693,TXN00018137,USR29306,MCH7744,15/02/2026,2026/02/18,"INR 7,022.75",extra amount deducted,Customer says txn was not authorized.,IN_PROGRESS,18-Feb-2026,M,IVR,702275.0,AMOUNT_MISMATCH,IN_PROGRESS,TXN00018137,7022.75,False,7022.75,VALID_POSITIVE
CBK0002485,TXN00010063,USR21384,MCH 6470,2026/03/03,03-05-2026,-1603.64,Service Not Provided,complaint received after multiple failed attempts.,IN_PROGRESS,,P3,Branch,-160364.0,SERVICE_ISSUE,IN_PROGRESS,TXN00010063,-1603.64,True,,NEGATIVE_INVALID
CBK0002258,txn-00014019,USR41320,MCH3992,09-Mar-2026,11-Mar-2026,"Rs. 1,550",ATO,User claims account was compromised before transaction.,Resolved,31-Mar-2026,L,Email,1550.0,ACCOUNT_TAKEOVER,RESOLVED,TXN-00014019,1550.0,False,1550.0,VALID_POSITIVE
CBK0002045,TXN00002711,USR 57231,MCH4181,2026/01/23,31/01/2026,"Rs. 3,969",Service Not Provided,Customer complaint text unclear due to poor call center notes.,CLOSED,12-Feb-2026,Low,chatbot,3969.0,SERVICE_ISSUE,CLOSED,TXN00002711,3969.0,False,3969.0,VALID_POSITIVE
CBK0000122,TXN00015011,USR 79150,MCH 7474,25/02/2026,07-Mar-2026,"₹1,339.61",UNAUTHORISED,User reports money deducted but merchant denies receiving payment.,IN_PROGRESS,2026/03/18,P4,Email,133961.0,UNAUTHORIZED_TRANSACTION,IN_PROGRESS,TXN00015011,1339.61,False,1339.61,VALID_POSITIVE
CBK0002239,TXN00004673,USR82373,MCH4473,2026-02-13 09:50:18,19/02/2026,1272.25,Customer Dispute,Customer says amount was debited twice.,Resolved,2026-02-26 04:50:18,LOW,CHATBOT,127225.0,CUSTOMER_DISPUTE,RESOLVED,TXN00004673,1272.25,False,1272.25,VALID_POSITIVE
CBK0001382,,USR57424,MCH4684,02/01/2026,03-Jan-2026,678.56,unauth txn,Customer complaint text unclear due to poor call center notes.,Pending Bank,01-Feb-2026,Low,ivr,67856.0,UNAUTHORIZED_TRANSACTION,PENDING,,678.56,False,678.56,VALID_POSITIVE
CBK0002315,TXN00012331,usr91192,MCH2718,,14-Feb-2026,"INR 1,246.25",FRAUD,Customer complaint text unclear due to poor call center notes.,PENDING_BANK,,M,Branch,124625.0,FRAUD,PENDING,TXN00012331,1246.25,False,1246.25,VALID_POSITIVE
CBK0001978,TXN00012089,83284,MCH4334,31/03/2026 04:45 AM,04/04/2026,1931.29,UNAUTHORISED,User reports money deducted but merchant denies receiving payment.,Open,04-28-2026,Low,ivr,193129.0,UNAUTHORIZED_TRANSACTION,OPEN,TXN00012089,1931.29,False,1931.29,VALID_POSITIVE
CBK0001151,TXN00002195,USR98362,MCH1468,1774910313,05/04/2026 01:38 AM,"₹4,960.35",Unauthorized Transaction,Complaint received after multiple failed attempts.,Rejected,,L,App,496035.0,UNAUTHORIZED_TRANSACTION,REJECTED,TXN00002195,4960.35,False,4960.35,VALID_POSITIVE
CBK0000424,TXN95161,USR40061,mch1589,2026-03-22 09:02:49,24/03/2026,"₹4,157.35",Wrong Amount,Payment made to unknown merchant as per customer statement.,Open,2026/04/20,P4,ivr,415735.0,AMOUNT_MISMATCH,OPEN,TXN95161,4157.35,False,4157.35,VALID_POSITIVE
CBK0002543,TXN00001628,USR-11727,mch7286,2026/02/09,,,amount mismatch,Payment made to unknown merchant as per customer statement.,PENDING_BANK,20/02/2026,MEDIUM,IVR,,AMOUNT_MISMATCH,PENDING,TXN00001628,,False,,MISSING
CBK0000371,TXN00002374,USR58639,MCH5954,03-31-2026,2026-04-03 04:13:08,"1,428.93",unauth txn,Customer complaint text unclear due to poor call center notes.,Resolved,,P2,App,142893.0,UNAUTHORIZED_TRANSACTION,RESOLVED,TXN00002374,1428.93,False,1428.93,VALID_POSITIVE
CBK0001586,TXN00001182,USR80241,MCH7734,30/03/2026,04-Apr-2026,261.51,service failed,User says UPI PIN was not entered by them. pls check asap,Pending Bank,,P3,Branch,26151.0,SERVICE_ISSUE,PENDING,TXN00001182,261.51,False,261.51,VALID_POSITIVE
CBK0002553,TXN00012590,usr_41260,MCH 4089,2026/03/16,31/03/2026,"Rs. 8,645",dispute raised,COMPLAINT RECEIVED AFTER MULTIPLE FAILED ATTEMPTS.,Closed,17/04/2026,P1,ivr,8645.0,CUSTOMER_DISPUTE,CLOSED,TXN00012590,8645.0,False,8645.0,VALID_POSITIVE
CBK0002432,TXN00013381,USR11036,MCH9344,31-Mar-2026,02/04/2026 05:19 AM,738.73,extra amount deducted,User claims account was compromised before transaction.,Pending Bank,2026/04/15,Medium,IVR,73873.0,AMOUNT_MISMATCH,PENDING,TXN00013381,738.73,False,738.73,VALID_POSITIVE
CBK0001998,TXN00000406,USR93650,mch2266,2026-01-31 22:47:03,02-01-2026,"₹2,066.08",Fraud Suspected,Customer says amount was debited twice.,IN_PROGRESS,06/02/2026 01:47 AM,High,CHATBOT,206608.0,FRAUD,IN_PROGRESS,TXN00000406,2066.08,False,2066.08,VALID_POSITIVE
CBK0002566,TXN00000405,USR64878,MCH-8953,1773393493,2026/03/24,3060.38,not delivered,suspicious high-value payment disputed by customer.,WIP,08-Apr-2026,LOW,App,306038.0,DELIVERY_ISSUE,IN_PROGRESS,TXN00000405,3060.38,False,3060.38,VALID_POSITIVE
CBK0001756,TXN00005028,USR40684,MCH7978,22/02/2026,,1800.13,login compromised,User reports money deducted but merchant denies receiving payment.,Pending Bank,2026/03/10,HIGH,CHATBOT,180013.0,ACCOUNT_TAKEOVER,PENDING,TXN00005028,1800.13,False,1800.13,VALID_POSITIVE
CBK0002645,TXN00004392,43033,3019,18/02/2026,21/02/2026 12:13 PM,272.46,merchant service issue,User claims account was compromised before transaction.,Rejected,2026-03-09 12:13:05,LOW,CHATBOT,27246.0,SERVICE_ISSUE,REJECTED,TXN00004392,272.46,False,272.46,VALID_POSITIVE
CBK0002230,TXN00009287,usr50434,MCH1683,10-Jan-2026,2026/01/13,"Rs. 1,407",fraud,Merchant service was not delivered after payment.,IN_PROGRESS,2026/02/03,Medium,chatbot,1407.0,FRAUD,IN_PROGRESS,TXN00009287,1407.0,False,1407.0,VALID_POSITIVE
CBK0000526,TXN00006600,usr65622,mch3129,28-Jan-2026,31/01/2026 09:13 PM,,item not received,Customer complaint text unclear due to poor call center notes.,OPEN,05-Feb-2026,P3,App,,DELIVERY_ISSUE,OPEN,TXN00006600,,False,,MISSING
CBK0001449,TXN00008116,USR21449,MCH 7397,27-Mar-2026,29/03/2026 03:23 PM,"19,544.30",login compromised,Customer says amount was debited twice.,Resolved,03-29-2026,P3,Email,1954430.0,ACCOUNT_TAKEOVER,RESOLVED,TXN00008116,19544.3,False,19544.3,VALID_POSITIVE
CBK0002686,TXN00017656,usr_69648,mch9430,,03/01/2026 03:37 AM,-447.83,unauth txn,Customer complaint text unclear due to poor call center notes.,RESOLVED,08/01/2026,P3,chatbot,-44783.0,UNAUTHORIZED_TRANSACTION,RESOLVED,TXN00017656,-447.83,True,,NEGATIVE_INVALID
CBK0000533,TXN00001047,USR30500,MCH9291,1768803645,21/01/2026,Rs. 518,item not received,suspicious high-value payment disputed by customer.,RESOLVED,,P4,chatbot,518.0,DELIVERY_ISSUE,RESOLVED,TXN00001047,518.0,False,518.0,VALID_POSITIVE
CBK0001709,TXN00014343,USR-26622,MCH8668,04/02/2026,02-Feb-2026,"Rs. 2,893",Service Not Provided,User says UPI PIN was not entered by them.,OPEN,17/02/2026,P3,Branch,2893.0,SERVICE_ISSUE,OPEN,TXN00014343,2893.0,False,2893.0,VALID_POSITIVE
CBK0001509,TXN00011866,USR-37594,MCH9858,16/02/2026 12:27 PM,27/02/2026,628.55,service failed,Customer says transaction was not authorized.,RESOLVED,,L,CHATBOT,62855.0,SERVICE_ISSUE,RESOLVED,TXN00011866,628.55,False,628.55,VALID_POSITIVE
CBK0000303,TXN00015469,USR54853,MCH2556,11/01/2026 02:40 PM,02-26-2026,,DUP_DEBIT,Customer complaint text unclear due to poor call center notes.,In Progress,,P3,chatbot,,DUPLICATE_DEBIT,IN_PROGRESS,TXN00015469,,False,,MISSING
CBK0001911,TXN00009220,USR30497,MCH8391,1771856964,02-27-2026,Rs. 914,no service,User says UPI PIN was not entered by them.,OPEN,03-14-2026,M,App,914.0,SERVICE_ISSUE,OPEN,TXN00009220,914.0,False,914.0,VALID_POSITIVE
CBK0000626,TXN00018979,USR61349,MCH5687,1770007295,,"INR 2,995.87",scam,Customer says transaction was not authorized.,IN_PROGRESS,2026/02/28,MEDIUM,chatbot,299587.0,FRAUD,IN_PROGRESS,TXN00018979,2995.87,False,2995.87,VALID_POSITIVE
CBK0000415,TXN00009182,usr26627,MCH9291,03-28-2026,29/03/2026 12:42 PM,-4153.73,incorrect amount,user claims account was compromised before transaction.,REJECTED,2026-04-16 12:42:25,Medium,ivr,-415373.0,AMOUNT_MISMATCH,REJECTED,TXN00009182,-4153.73,True,,NEGATIVE_INVALID
CBK0002793,TXN00005174,USR 39885,MCH8673,06-Feb-2026,2026/02/12,"₹1,679.19",unauth txn,user reports money deducted but merchant denies receiving payment.,RESOLVED,2026/02/12,High,chatbot,167919.0,UNAUTHORIZED_TRANSACTION,RESOLVED,TXN00005174,1679.19,False,1679.19,VALID_POSITIVE
CBK0001629,TXN00012665,USR52097,MCH2757,2026/03/16,03-19-2026,"₹3,223.69",delivery issue,Complaint received after multiple failed attempts.,WIP,,P1,Email,322369.0,DELIVERY_ISSUE,IN_PROGRESS,TXN00012665,3223.69,False,3223.69,VALID_POSITIVE
CBK0001065,TXN00018250,USR21407,mch5172,11-Jan-2026,2026-01-14 23:22:45,4835.58,not done by me,Customer complaint text unclear due to poor call center notes.,CLOSED,19/01/2026,L,ivr,483558.0,UNAUTHORIZED_TRANSACTION,CLOSED,TXN00018250,4835.58,False,4835.58,VALID_POSITIVE
CBK0002087,TXN00011160,usr_29051,MCH4590,03-17-2026,03-18-2026,1773.89,no service,Customer says amount was debited twice.,Rejected,03/04/2026 09:26 AM,P4,Branch,177389.0,SERVICE_ISSUE,REJECTED,TXN00011160,1773.89,False,1773.89,VALID_POSITIVE
CBK0001063,TXN00000271,USR23350,MCH6258,2026-03-17 03:29:28,03-18-2026,"16,937.48",Account Takeover,Customer says amount was debited twice.,PENDING_BANK,,Medium,IVR,1693748.0,ACCOUNT_TAKEOVER,PENDING,TXN00000271,16937.48,False,16937.48,VALID_POSITIVE
CBK0002348,TXN00012938,USR62273,MCH 3100,2026/03/09,2026/03/19,3749.0,account hacked,User claims account was compromised before transaction.,Open,2026/03/20,Low,App,37490.0,ACCOUNT_TAKEOVER,OPEN,TXN00012938,3749.0,False,3749.0,VALID_POSITIVE
CBK0002447,TXN00012629,USR35956,MCH8605,2026/02/13,2026/03/16,3056.74,item not received,Customer says transaction was not authorized. NA,OPEN,04-04-2026,M,Call Center,305674.0,DELIVERY_ISSUE,OPEN,TXN00012629,3056.74,False,3056.74,VALID_POSITIVE
CBK0001531,txn-00018893,USR98962,MCH8250,28/02/2026 09:20 PM,01/03/2026,3450.22,Duplicate Debit,User claims account was compromised before transaction. pls check asap,PENDING_BANK,,M,Email,345022.0,DUPLICATE_DEBIT,PENDING,TXN-00018893,3450.22,False,3450.22,VALID_POSITIVE
CBK0000921,TXN00009757,USR21384,6474,2026-02-12 02:48:37,1771321717,,incorrect amount,Merchant service was not delivered after payment.,REJECTED,2026/03/06,L,Branch,,AMOUNT_MISMATCH,REJECTED,TXN00009757,,False,,MISSING
CBK0002660,TXN00015268,USR84844,MCH-9709,23/03/2026,2026/03/25,"Rs. 4,086",delivery issue,Suspicious high-value payment disputed by customer.,Open,2026-04-20 10:49:25,P3,Email,4086.0,DELIVERY_ISSUE,OPEN,TXN00015268,4086.0,False,4086.0,VALID_POSITIVE
CBK0000513,TXN00003962,USR43455,mch5580,16/02/2026,21/02/2026,12077.97,Wrong Amount,Complaint received after multiple failed attempts. urgent,Resolved,16/03/2026 12:04 PM,P1,CHATBOT,1207797.0,AMOUNT_MISMATCH,RESOLVED,TXN00003962,12077.97,False,12077.97,VALID_POSITIVE
CBK0000969,TXN00014162,45011,MCH6383,02-18-2026,2026/03/06,"₹4,363.63",not delivered,payment made to unknown merchant as per customer statement.,In Progress,2026-03-19 11:52:22,Low,Branch,436363.0,DELIVERY_ISSUE,IN_PROGRESS,TXN00014162,4363.63,False,4363.63,VALID_POSITIVE
CBK0000468,TXN00004108,usr22727,3160,02-25-2026,01/03/2026 01:25 AM,"₹5,763.03",Fraud Suspected,User says UPI PIN was not entered by them.,RESOLVED,03-18-2026,HIGH,chatbot,576303.0,FRAUD,RESOLVED,TXN00004108,5763.03,False,5763.03,VALID_POSITIVE
CBK0002014,TXN00016742,USR94725,MCH8212,24/01/2026,,"1,163.64",Fraud Suspected,Complaint received after multiple failed attempts.,Open,,LOW,Email,116364.0,FRAUD,OPEN,TXN00016742,1163.64,False,1163.64,VALID_POSITIVE
CBK0000951,TXN00000025,USR43827,mch5400,,2026/03/28,"₹1,302.18",delivery issue,Suspicious high-value payment disputed by customer. details missing,CLOSED,04-10-2026,L,App,130218.0,DELIVERY_ISSUE,CLOSED,TXN00000025,1302.18,False,1302.18,VALID_POSITIVE
CBK0001507,TXN00014680,usr38336,MCH1475,29/01/2026,28-Feb-2026,"₹6,017.37",Wrong Amount,Payment made to unknown merchant as per customer statement.,REJECTED,25-Mar-2026,Low,chatbot,601737.0,AMOUNT_MISMATCH,REJECTED,TXN00014680,6017.37,False,6017.37,VALID_POSITIVE
CBK0000470,TXN00016736,usr_95074,MCH2822,02-08-2026,1770745906,"INR 15,548.64",Fraud Suspected,User claims account was compromised before transaction.,Rejected,03-12-2026,P3,CHATBOT,1554864.0,FRAUD,REJECTED,TXN00016736,15548.64,False,15548.64,VALID_POSITIVE
CBK0000453,TXN00008829,USR76027,MCH5301,25/03/2026 05:00 PM,29/03/2026,"INR 19,778.02",Merchant Not Delivered,CUSTOMER COMPLAINT TEXT UNCLEAR DUE TO POOR CALL CENTER NOTES.,IN_PROGRESS,13/04/2026 01:00 PM,P1,Branch,1977802.0,DELIVERY_ISSUE,IN_PROGRESS,TXN00008829,19778.02,False,19778.02,VALID_POSITIVE
CBK0000183,TXN00018275,USR61083,MCH2383,2026-03-29 06:16:45,08/04/2026 07:16 AM,894.24,Wrong Amount,Suspicious high-value payment disputed by customer.,Rejected,2026/04/29,LOW,Call Center,89424.0,AMOUNT_MISMATCH,REJECTED,TXN00018275,894.24,False,894.24,VALID_POSITIVE
CBK0000309,TXN00008361,USR 59660,MCH3485,02-12-2026,02-23-2026,5163.82,customer issue,User claims account was compromised before transaction.,OPEN,03-12-2026,P4,Email,516382.0,CUSTOMER_DISPUTE,OPEN,TXN00008361,5163.82,False,5163.82,VALID_POSITIVE
CBK0001243,TXN00018079,USR63150,MCH6850,2026/03/25,29/03/2026,"INR 8,988.28",Duplicate Debit,Complaint received after multiple failed attempts.,Resolved,07/04/2026 02:25 AM,P3,chatbot,898828.0,DUPLICATE_DEBIT,RESOLVED,TXN00018079,8988.28,False,8988.28,VALID_POSITIVE
CBK0000692,TXN00005181,usr_70317,MCH3740,01/03/2026 01:57 PM,05-Mar-2026,1107.86,no service,Merchant service was not delivered after payment.,Open,15/03/2026 12:57 AM,Low,chatbot,110786.0,SERVICE_ISSUE,OPEN,TXN00005181,1107.86,False,1107.86,VALID_POSITIVE
CBK0000685,TXN00011648,USR-24719,MCH-5852,08-Feb-2026,02-11-2026,2218.94,charged twice,User claims account was compromised before transaction.,REJECTED,,Medium,Email,221894.0,CHARGED TWICE,REJECTED,TXN00011648,2218.94,False,2218.94,VALID_POSITIVE
CBK0000550,TXN00015783,usr50831,MCH8921,03-27-2026,,"2,852.68",account hacked,Customer complaint text unclear due to poor call center notes.,IN_PROGRESS,07/04/2026,P2,IVR,285268.0,ACCOUNT_TAKEOVER,IN_PROGRESS,TXN00015783,2852.68,False,2852.68,VALID_POSITIVE
CBK0000201,TXN00011466,usr99920,MCH9344,06-Feb-2026,09-Feb-2026,Rs. 860,UNAUTHORISED,User reports money deducted but merchant denies receiving payment.,IN_PROGRESS,04/03/2026,H,Email,860.0,UNAUTHORIZED_TRANSACTION,IN_PROGRESS,TXN00011466,860.0,False,860.0,VALID_POSITIVE
CBK0001657,TXN00002770,USR79332,MCH7033,19/03/2026,22/03/2026,"1,004.64",ATO,Customer says transaction was not authorized.,OPEN,28/03/2026 05:25 PM,MEDIUM,Email,100464.0,ACCOUNT_TAKEOVER,OPEN,TXN00002770,1004.64,False,1004.64,VALID_POSITIVE
CBK0002790,TXN00005364,USR44424,MCH3678,03/02/2026,05/02/2026,,not delivered,PAYMENT MADE TO UNKNOWN MERCHANT AS PER CUSTOMER STATEMENT.,Closed,03-04-2026,P1,Email,,DELIVERY_ISSUE,CLOSED,TXN00005364,,False,,MISSING
CBK0001692,TXN54083,USR 37452,mch4658,02/02/2026,05-Feb-2026,664.5,unauth txn,customer says transaction was not authorized.,REJECTED,1770884872,M,Call Center,6645.0,UNAUTHORIZED_TRANSACTION,REJECTED,TXN54083,664.5,False,664.5,VALID_POSITIVE
CBK0000389,TXN00015997,USR38082,MCH5891,,1772156670,"INR 1,370.91",not done by me,Customer says amount was debited twice.,PENDING_BANK,04/03/2026 01:44 AM,Low,IVR,137091.0,UNAUTHORIZED_TRANSACTION,PENDING,TXN00015997,1370.91,False,1370.91,VALID_POSITIVE
CBK0001599,txn-00018048,45408,MCH4590,03/02/2026 07:57 AM,05/02/2026 04:57 PM,"₹2,467.08",Service Not Provided,Customer complaint text unclear due to poor call center notes.,PENDING_BANK,,H,CHATBOT,246708.0,SERVICE_ISSUE,PENDING,TXN-00018048,2467.08,False,2467.08,VALID_POSITIVE
CBK0000152,TXN56695,USR13925,MCH6810,24/03/2026 11:00 AM,19/03/2026 11:00 AM,-3475.46,UNAUTHORISED,Suspicious high-value payment disputed by customer.,Open,2026-04-13 11:00:46,P1,Email,-347546.0,UNAUTHORIZED_TRANSACTION,OPEN,TXN56695,-3475.46,True,,NEGATIVE_INVALID
CBK0001688,TXN00015571,USR42338,MCH6498,02-03-2026,07-Feb-2026,722.56,login compromised,Merchant service was not delivered after payment.,CLOSED,15/02/2026 01:16 PM,P3,Call Center,72256.0,ACCOUNT_TAKEOVER,CLOSED,TXN00015571,722.56,False,722.56,VALID_POSITIVE
CBK0002187,TXN00007012,usr_73010,MCH4473,2026/01/01,,"Rs. 1,064",customer issue,Payment made to unknown merchant as per customer statement.,Closed,2026/01/25,HIGH,App,1064.0,CUSTOMER_DISPUTE,CLOSED,TXN00007012,1064.0,False,1064.0,VALID_POSITIVE
CBK0001704,TXN00005100,USR11419,MCH1320,03-11-2026,19/03/2026 06:04 PM,-3671.61,account hacked,User reports money deducted but merchant denies receiving payment.,In Progress,1774202680,Low,chatbot,-367161.0,ACCOUNT_TAKEOVER,IN_PROGRESS,TXN00005100,-3671.61,True,,NEGATIVE_INVALID
CBK0002113,TXN00002480,USR 12658,MCH3815,03-27-2026,2026/04/02,"INR 5,722.09",fraud,Merchant service was not delivered after payment.,REJECTED,1776092981,High,CHATBOT,572209.0,FRAUD,REJECTED,TXN00002480,5722.09,False,5722.09,VALID_POSITIVE
CBK0001594,TXN00004839,usr_23350,MCH9444,2026-03-25 14:10:57,2026/04/24,₹955.91,Merchant Not Delivered,customer says amount was debited twice.,Closed,2026-04-24 21:10:57,H,chatbot,95591.0,DELIVERY_ISSUE,CLOSED,TXN00004839,955.91,False,955.91,VALID_POSITIVE
CBK0000893,TXN00017214,USR89151,mch7710,03-06-2026,08-Mar-2026,-1267.1,FRAUD,User reports money deducted but merchant denies receiving payment.,PENDING_BANK,03-21-2026,P3,Email,-12671.0,FRAUD,PENDING,TXN00017214,-1267.1,True,,NEGATIVE_INVALID
CBK0002372,TXN37348,USR79864,MCH-6026,04-Jan-2026,2026-01-05 18:15:09,2069.0,extra amount deducted,Customer says transaction was not authorized.,Open,,MEDIUM,chatbot,20690.0,AMOUNT_MISMATCH,OPEN,TXN37348,2069.0,False,2069.0,VALID_POSITIVE
CBK0002491,TXN00019091,USR41955,MCH3954,2026-02-20 18:20:01,24-Feb-2026,"Rs. 11,124",no service,User reports money deducted but merchant denies receiving payment.,In Progress,15-Mar-2026,P3,Email,11124.0,SERVICE_ISSUE,IN_PROGRESS,TXN00019091,11124.0,False,11124.0,VALID_POSITIVE
CBK0000133,TXN00011403,USR18453,9291,2026/01/14,2026/01/19,3000.84,customer issue,Suspicious high-value payment disputed by customer.,Open,2026-02-17 16:25:35,High,Call Center,300084.0,CUSTOMER_DISPUTE,OPEN,TXN00011403,3000.84,False,3000.84,VALID_POSITIVE
CBK0002280,TXN00002173,USR47525,MCH1015,05/03/2026 03:02 AM,2026/03/06,856.42,Wrong Amount,Merchant service was not delivered after payment.,PENDING_BANK,2026-03-15 22:02:04,Low,Branch,85642.0,AMOUNT_MISMATCH,PENDING,TXN00002173,856.42,False,856.42,VALID_POSITIVE
CBK0002322,TXN00009493,USR71348,MCH-1425,26-Feb-2026,2026-03-13 11:10:29,INR 270.77,no service,user claims account was compromised before transaction.,Resolved,,Medium,ivr,27077.0,SERVICE_ISSUE,RESOLVED,TXN00009493,270.77,False,270.77,VALID_POSITIVE
CBK0002139,TXN00012172,USR85655,MCH2375,01/01/2026,1767367967,,Fraud Suspected,CUSTOMER SAYS TRANSACTION WAS NOT AUTHORIZED.,Rejected,24-Jan-2026,Low,App,,FRAUD,REJECTED,TXN00012172,,False,,MISSING
CBK0001864,,USR 51310,MCH8220,2026-03-17 12:10:45,23/03/2026,INR 464.81,scam,Merchant service was not delivered after payment.,Closed,04-07-2026,P4,CHATBOT,46481.0,FRAUD,CLOSED,,464.81,False,464.81,VALID_POSITIVE
CBK0002285,TXN00005474,usr53527,MCH4473,29/01/2026,30-Jan-2026,271.69,customer issue,User claims account was compromised before transaction.,CLOSED,,MEDIUM,IVR,27169.0,CUSTOMER_DISPUTE,CLOSED,TXN00005474,271.69,False,271.69,VALID_POSITIVE
CBK0000840,TXN00018717,usr16257,MCH3019,20/02/2026 08:58 AM,1772467124,4563.14,Service Not Provided,User claims account was compromised before transaction.,PENDING_BANK,13-Mar-2026,P4,ivr,456314.0,SERVICE_ISSUE,PENDING,TXN00018717,4563.14,False,4563.14,VALID_POSITIVE
CBK0000783,,USR96677,MCH2556,23/02/2026,2026/02/23,4726.95,Account Takeover,User says UPI PIN was not entered by them.,Closed,,MEDIUM,CHATBOT,472695.0,ACCOUNT_TAKEOVER,CLOSED,,4726.95,False,4726.95,VALID_POSITIVE
CBK0002629,TXN00010196,USR41172,MCH4588,21/02/2026,2026-02-18 02:42:14,Rs. 852,Fraud Suspected,User says UPI PIN was not entered by them.,Rejected,,P2,ivr,852.0,FRAUD,REJECTED,TXN00010196,852.0,False,852.0,VALID_POSITIVE
CBK0001589,TXN88540,USR96555,MCH2757,2026-01-30 00:47:43,31-Jan-2026,221.01,scam,Merchant service was not delivered after payment.,Rejected,1771966063,High,ivr,22101.0,FRAUD,REJECTED,TXN88540,221.01,False,221.01,VALID_POSITIVE
CBK0000809,TXN00013144,USR51720,mch9790,09-Mar-2026,19/03/2026 11:09 PM,688.92,unauth txn,CUSTOMER SAYS TRANSACTION WAS NOT AUTHORIZED.,Pending Bank,,H,Call Center,68892.0,UNAUTHORIZED_TRANSACTION,PENDING,TXN00013144,688.92,False,688.92,VALID_POSITIVE
CBK0000654,TXN00013810,USR50022,mch5980,2026/03/07,2026-03-08 07:44:45,"₹4,552.67",ATO,complaint received after multiple failed attempts.,Closed,,P4,IVR,455267.0,ACCOUNT_TAKEOVER,CLOSED,TXN00013810,4552.67,False,4552.67,VALID_POSITIVE
CBK0001614,TXN00017424,USR36509,MCH1316,2026/02/18,19/02/2026,9374.52,merchant service issue,customer says transaction was not authorized.,PENDING_BANK,21-Mar-2026,M,CHATBOT,937452.0,SERVICE_ISSUE,PENDING,TXN00017424,9374.52,False,9374.52,VALID_POSITIVE
CBK0000291,TXN00003485,USR79977,MCH 3900,02-10-2026,,INR 485.10,item not received,User reports money deducted but merchant denies receiving payment.,OPEN,,P4,Branch,48510.0,DELIVERY_ISSUE,OPEN,TXN00003485,485.1,False,485.1,VALID_POSITIVE
CBK0002114,TXN00004014,USR25900,MCH4717,12/03/2026,19/03/2026,"INR 4,940.23",item not received,Customer complaint text unclear due to poor call center notes. urgent,Resolved,2026-04-17 22:25:36,HIGH,CHATBOT,494023.0,DELIVERY_ISSUE,RESOLVED,TXN00004014,4940.23,False,4940.23,VALID_POSITIVE
CBK0000739,TXN00017315,USR29561,MCH 5980,04/01/2026,,704.73,login compromised,User says UPI PIN was not entered by them.,In Progress,2026-01-24 06:45:30,High,ivr,70473.0,ACCOUNT_TAKEOVER,IN_PROGRESS,TXN00017315,704.73,False,704.73,VALID_POSITIVE
CBK0002251,TXN00017472,USR79175,MCH4488,23/02/2026 08:37 AM,1773149876,"₹14,012.62",Customer Dispute,Suspicious high-value payment disputed by customer.,RESOLVED,2026/04/01,CRIT,IVR,1401262.0,CUSTOMER_DISPUTE,RESOLVED,TXN00017472,14012.62,False,14012.62,VALID_POSITIVE
CBK0001438,TXN00008449,22964,MCH2194,03-22-2026,03-26-2026,Rs. 653,customer issue,Complaint received after multiple failed attempts. urgent,Resolved,07-Apr-2026,P3,App,653.0,CUSTOMER_DISPUTE,RESOLVED,TXN00008449,653.0,False,653.0,VALID_POSITIVE
CBK0001884,TXN00019164,USR22644,MCH9648,02-08-2026,1770880098,"₹1,364.50",suspicious transaction,suspicious high-value payment disputed by customer.,WIP,14-Feb-2026,P4,CHATBOT,136450.0,FRAUD,IN_PROGRESS,TXN00019164,1364.5,False,1364.5,VALID_POSITIVE
CBK0001771,TXN00011619,USR 17315,MCH 2722,2026-01-25 21:15:13,2026/01/26,-893.52,service failed,Merchant service was not delivered after payment. call dropped,In Progress,,LOW,Email,-89352.0,SERVICE_ISSUE,IN_PROGRESS,TXN00011619,-893.52,True,,NEGATIVE_INVALID
CBK0001406,TXN00010864,USR66856,MCH-7459,,2026-03-23 04:34:25,2891.42,Unauthorized Transaction,Customer complaint text unclear due to poor call center notes. pls check asap,Open,2026-04-20 04:34:25,P1,CHATBOT,289142.0,UNAUTHORIZED_TRANSACTION,OPEN,TXN00010864,2891.42,False,2891.42,VALID_POSITIVE
CBK0001268,TXN00004622,USR97580,mch1348,01-24-2026,24/01/2026 05:29 PM,1330.95,item not received,Merchant service was not delivered after payment.,Rejected,31/01/2026,M,IVR,133095.0,DELIVERY_ISSUE,REJECTED,TXN00004622,1330.95,False,1330.95,VALID_POSITIVE
CBK0001693,TXN00009578,usr55777,MCH8533,2026/02/01,1770225923,5287.35,incorrect amount,complaint received after multiple failed attempts.,CLOSED,01/03/2026 05:25 PM,M,App,528735.0,AMOUNT_MISMATCH,CLOSED,TXN00009578,5287.35,False,5287.35,VALID_POSITIVE
CBK0002368,TXN00004923,USR50207,mch8391,27-Jan-2026,,"₹1,673.05",extra amount deducted,Merchant service was not delivered after payment.,CLOSED,,P4,ivr,167305.0,AMOUNT_MISMATCH,CLOSED,TXN00004923,1673.05,False,1673.05,VALID_POSITIVE
CBK0000452,TXN00002107,usr52224,MCH4529,2026-02-28 04:18:55,10/03/2026,6251.19,service failed,MERCHANT SERVICE WAS NOT DELIVERED AFTER PAYMENT.,Rejected,1774613935,HIGH,IVR,625119.0,SERVICE_ISSUE,REJECTED,TXN00002107,6251.19,False,6251.19,VALID_POSITIVE
CBK0001628,TXN00008857,USR61151,MCH4796,03-19-2026,2026-03-22 09:53:18,5937.26,Duplicate Debit,Payment made to unknown merchant as per cust statement.,Rejected,2026-04-04 09:53:18,P4,Call Center,593726.0,DUPLICATE_DEBIT,REJECTED,TXN00008857,5937.26,False,5937.26,VALID_POSITIVE
CBK0000543,TXN00001593,USR 30157,MCH9787,27-Mar-2026,28-Mar-2026,₹759.56,not delivered,User claims account was compromised before transaction.,Pending Bank,01/04/2026,H,Call Center,75956.0,DELIVERY_ISSUE,PENDING,TXN00001593,759.56,False,759.56,VALID_POSITIVE
CBK0002740,TXN00013424,USR71939,MCH4819,2026-02-13 22:58:37,16/02/2026,3989.1,item not received,User reports money deducted but merchant denies receiving payment.,PENDING_BANK,04/03/2026 01:58 PM,LOW,CHATBOT,39891.0,DELIVERY_ISSUE,PENDING,TXN00013424,3989.1,False,3989.1,VALID_POSITIVE
CBK0001471,TXN00003290,USR25087,mch3815,08/03/2026,03-09-2026,991.51,not delivered,Customer complaint text unclear due to poor call center notes. NA,CLOSED,2026/03/20,H,Email,99151.0,DELIVERY_ISSUE,CLOSED,TXN00003290,991.51,False,991.51,VALID_POSITIVE
CBK0001808,TXN00004140,usr30844,MCH8779,,14/02/2026,Rs. 378,complaint,User says UPI PIN was not entered by them.,WIP,04/03/2026,CRIT,Branch,378.0,CUSTOMER_DISPUTE,IN_PROGRESS,TXN00004140,378.0,False,378.0,VALID_POSITIVE
CBK0002225,TXN00011962,USR12961,MCH-8953,1772418975,2026-03-03 23:36:15,"₹6,403.50",unauth txn,Payment made to unknown merchant as per customer statement.,CLOSED,,L,IVR,640350.0,UNAUTHORIZED_TRANSACTION,CLOSED,TXN00011962,6403.5,False,6403.5,VALID_POSITIVE
CBK0000353,TXN00017372,USR56234,MCH7986,2026-02-02 18:14:36,2026-02-05 01:14:36,"1,275.74",not done by me,Customer complaint text unclear due to poor call center notes.,Rejected,02-25-2026,H,IVR,127574.0,UNAUTHORIZED_TRANSACTION,REJECTED,TXN00017372,1275.74,False,1275.74,VALID_POSITIVE
CBK0002065,TXN00010646,USR10669,MCH-3100,2026/01/27,29/01/2026,-5027.32,Wrong Amount,Customer says transaction was not authorized. NA,In Progress,10-Feb-2026,CRIT,ivr,-502732.0,AMOUNT_MISMATCH,IN_PROGRESS,TXN00010646,-5027.32,True,,NEGATIVE_INVALID
CBK0000833,TXN00007902,USR66726,MCH6087,2026/02/26,09-Mar-2026,"Rs. 5,099",DUP_DEBIT,Merchant service was not delivered after payment. NA,IN_PROGRESS,28/03/2026 04:34 AM,High,IVR,5099.0,DUPLICATE_DEBIT,IN_PROGRESS,TXN00007902,5099.0,False,5099.0,VALID_POSITIVE
CBK0002388,TXN00018528,USR77072,MCH-5954,,14/03/2026,"3,336.11",account hacked,Complaint received after multiple failed attempts.,RESOLVED,03-21-2026,M,IVR,333611.0,ACCOUNT_TAKEOVER,RESOLVED,TXN00018528,3336.11,False,3336.11,VALID_POSITIVE
CBK0001420,TXN00010436,USR26201,MCH-9908,2026-03-16 06:56:10,21/03/2026 01:56 PM,509.15,delivery issue,User says UPI PIN was not entered by them.,Rejected,04-16-2026,P3,ivr,50915.0,DELIVERY_ISSUE,REJECTED,TXN00010436,509.15,False,509.15,VALID_POSITIVE
CBK0001795,txn-00017402,USR78513,MCH4226,2026-01-23 04:47:03,1769820423,"INR 2,837.81",login compromised,Complaint received after multiple failed attempts.,REJECTED,2026-02-11 00:47:03,P4,ivr,283781.0,ACCOUNT_TAKEOVER,REJECTED,TXN-00017402,2837.81,False,2837.81,VALID_POSITIVE
CBK0001315,TXN00005438,USR68023,MCH-5877,2026/02/16,22/02/2026 07:46 AM,1581.74,extra amount deducted,Merchant service was not delivered after payment. urgent,Open,,H,Branch,158174.0,AMOUNT_MISMATCH,OPEN,TXN00005438,1581.74,False,1581.74,VALID_POSITIVE
CBK0000115,TXN00000541,USR 20121,MCH8779,20/02/2026,1774236669,"Rs. 1,346",complaint,Customer says amount was debited twice.,Resolved,05/04/2026,L,Email,1346.0,CUSTOMER_DISPUTE,RESOLVED,TXN00000541,1346.0,False,1346.0,VALID_POSITIVE
CBK0000627,TXN00003619,usr39542,MCH-7650,03-22-2026,03-22-2026,-4189.62,amount mismatch,suspicious high-value payment disputed by customer.,OPEN,,P3,Call Center,-418962.0,AMOUNT_MISMATCH,OPEN,TXN00003619,-4189.62,True,,NEGATIVE_INVALID
CBK0000510,TXN00007774,USR 73010,MCH1407,2026/03/07,03-09-2026,1443.57,unauthorized_transaction,User claims account was compromised before txn.,Rejected,2026/04/04,P3,ivr,144357.0,UNAUTHORIZED_TRANSACTION,REJECTED,TXN00007774,1443.57,False,1443.57,VALID_POSITIVE
CBK0001979,TXN00007772,USR77274,MCH7833,03-24-2026,2026/03/31,1320.83,incorrect amount,Customer complaint text unclear due to poor call center notes.,Pending Bank,2026-04-17 10:47:26,CRIT,IVR,132083.0,AMOUNT_MISMATCH,PENDING,TXN00007772,1320.83,False,1320.83,VALID_POSITIVE
CBK0001738,TXN00010457,USR59679,MCH9291,2026/03/05,03-06-2026,2161.39,fraud,Merchant service was not delivered after payment.,Open,2026-03-17 18:20:16,P1,Call Center,216139.0,FRAUD,OPEN,TXN00010457,2161.39,False,2161.39,VALID_POSITIVE
CBK0002680,TXN00009041,USR 82433,MCH4594,07-Feb-2026,10-Feb-2026,865.19,charged twice,User says UPI PIN was not entered by them.,Open,02-16-2026,P4,Email,86519.0,CHARGED TWICE,OPEN,TXN00009041,865.19,False,865.19,VALID_POSITIVE
CBK0001521,TXN00010065,51069,MCH8953,02-14-2026,2026-03-17 18:07:42,"INR 4,146.46",Merchant Not Delivered,user reports money deducted but merchant denies receiving payment.,Closed,10-Apr-2026,L,chatbot,414646.0,DELIVERY_ISSUE,CLOSED,TXN00010065,4146.46,False,4146.46,VALID_POSITIVE
CBK0000013,TXN00019943,USR-42818,MCH6838,1767365934,05/01/2026,INR 728.13,customer issue,User says UPI PIN was not entered by them. call dropped,In Progress,,P4,App,72813.0,CUSTOMER_DISPUTE,IN_PROGRESS,TXN00019943,728.13,False,728.13,VALID_POSITIVE
CBK0002262,TXN88490,usr30627,MCH2594,,17/03/2026,4274.13,merchant service issue,User reports money deducted but merchant denies receiving payment. NA,WIP,,High,chatbot,427413.0,SERVICE_ISSUE,IN_PROGRESS,TXN88490,4274.13,False,4274.13,VALID_POSITIVE
CBK0000718,TXN00011539,USR 60803,MCH7874,1773082311,10/03/2026,"₹1,528.98",unauthorized_transaction,customer complaint text unclear due to poor call center notes.,In Progress,31/03/2026,HIGH,chatbot,152898.0,UNAUTHORIZED_TRANSACTION,IN_PROGRESS,TXN00011539,1528.98,False,1528.98,VALID_POSITIVE
CBK0000446,TXN00010750,usr_17864,MCH-4002,12/01/2026,2026/01/15,"₹2,928.89",delivery issue,Payment made to unknown merchant as per customer statement.,Rejected,1769892497,P3,Call Center,292889.0,DELIVERY_ISSUE,REJECTED,TXN00010750,2928.89,False,2928.89,VALID_POSITIVE
CBK0000258,TXN00017642,USR41056,MCH-9394,26/02/2026 12:19 AM,01-Mar-2026,"INR 1,505.96",customer issue,Customer says amount was debited twice.,RESOLVED,2026/03/24,H,chatbot,150596.0,CUSTOMER_DISPUTE,RESOLVED,TXN00017642,1505.96,False,1505.96,VALID_POSITIVE
CBK0000449,txn-00007492,USR66286,MCH2383,19/02/2026,20-Feb-2026,"₹2,062.69",complaint,Merchant service was not delivered after payment.,Open,02-25-2026,L,App,206269.0,CUSTOMER_DISPUTE,OPEN,TXN-00007492,2062.69,False,2062.69,VALID_POSITIVE
CBK0000486,TXN00002729,usr58335,MCH6810,,2026-01-14 19:40:25,1526.62,Wrong Amount,Payment made to unknown merchant as per customer statement.,In Progress,30/01/2026 07:40 PM,L,Call Center,152662.0,AMOUNT_MISMATCH,IN_PROGRESS,TXN00002729,1526.62,False,1526.62,VALID_POSITIVE
CBK0000888,TXN00015372,USR10047,6850,2026/02/12,14/02/2026,"₹1,341.86",amount mismatch,PAYMENT MADE TO UNKNOWN MERCHANT AS PER CUSTOMER STATEMENT.,Pending Bank,02-Mar-2026,P1,chatbot,134186.0,AMOUNT_MISMATCH,PENDING,TXN00015372,1341.86,False,1341.86,VALID_POSITIVE
CBK0000711,TXN00015632,USR47206,MCH3217,05/03/2026,2026/03/06,INR 386.01,complaint,User says UPI PIN was not entered by them.,IN_PROGRESS,2026-04-01 23:17:35,Low,Branch,38601.0,CUSTOMER_DISPUTE,IN_PROGRESS,TXN00015632,386.01,False,386.01,VALID_POSITIVE
CBK0001690,TXN00011230,USR60327,MCH9976,15/02/2026,,-2395.8,complaint,Complaint received after multiple failed attempts.,IN_PROGRESS,13-Mar-2026,Low,chatbot,-23958.0,CUSTOMER_DISPUTE,IN_PROGRESS,TXN00011230,-2395.8,True,,NEGATIVE_INVALID
CBK0001395,TXN00016017,USR47363,MCH-9787,23-Feb-2026,27/02/2026,-849.31,dispute raised,User claims account was compromised before transaction.,OPEN,24/03/2026 05:41 AM,P2,CHATBOT,-84931.0,CUSTOMER_DISPUTE,OPEN,TXN00016017,-849.31,True,,NEGATIVE_INVALID
CBK0002728,TXN00014794,usr_60133,mch9291,03/03/2026 03:24 PM,04/03/2026 11:24 AM,975.44,Customer Dispute,Payment made to unknown merchant as per customer statement.,In Progress,03-12-2026,MEDIUM,CHATBOT,97544.0,CUSTOMER_DISPUTE,IN_PROGRESS,TXN00014794,975.44,False,975.44,VALID_POSITIVE
CBK0001237,TXN00015341,USR-87558,MCH4264,1768074513,2026-01-12 14:48:33,6901.63,item not received,Complaint received after multiple failed attempts.,PENDING_BANK,,CRITICAL,ivr,690163.0,DELIVERY_ISSUE,PENDING,TXN00015341,6901.63,False,6901.63,VALID_POSITIVE
CBK0002749,txn-00019208,USR22131,MCH6084,08-Mar-2026,1773105377,"INR 1,146.96",Customer Dispute,Suspicious high-value payment disputed by customer.,REJECTED,12-Mar-2026,M,chatbot,114696.0,CUSTOMER_DISPUTE,REJECTED,TXN-00019208,1146.96,False,1146.96,VALID_POSITIVE
CBK0001101,TXN00002219,USR11618,MCH-1518,2026/03/15,17-Mar-2026,"3,127.19",item not received,COMPLAINT RECEIVED AFTER MULTIPLE FAILED ATTEMPTS.,Open,04-12-2026,P2,chatbot,312719.0,DELIVERY_ISSUE,OPEN,TXN00002219,3127.19,False,3127.19,VALID_POSITIVE
CBK0000963,TXN00003306,USR42884,mch8953,04/01/2026,,"INR 2,280.54",Duplicate Debit,Payment made to unknown merchant as per customer statement.,IN_PROGRESS,1769906935,P3,Email,228054.0,DUPLICATE_DEBIT,IN_PROGRESS,TXN00003306,2280.54,False,2280.54,VALID_POSITIVE
CBK0000772,TXN00010034,USR25196,MCH1320,2026/01/06,1767864126,Rs. 305,dispute raised,Customer says amount was debited twice.,Open,02-05-2026,CRITICAL,CHATBOT,305.0,CUSTOMER_DISPUTE,OPEN,TXN00010034,305.0,False,305.0,VALID_POSITIVE
CBK0002005,,USR66391,MCH8391,16/03/2026 01:33 PM,2026/03/24,1171.4,no service,customer says amount was debited twice.,RESOLVED,16-Apr-2026,L,chatbot,11714.0,SERVICE_ISSUE,RESOLVED,,1171.4,False,1171.4,VALID_POSITIVE
CBK0000345,TXN00007052,usr24877,mch7863,1772864694,09/03/2026,,dispute raised,Payment made to unknown merchant as per customer statement.,PENDING_BANK,1774218294,L,CHATBOT,,CUSTOMER_DISPUTE,PENDING,TXN00007052,,False,,MISSING
CBK0000194,TXN00009105,USR80813,mch3548,10/03/2026 07:37 AM,12/03/2026 03:37 AM,,delivery issue,Customer complaint text unclear due to poor call center notes.,Rejected,25-Mar-2026,Low,App,,DELIVERY_ISSUE,REJECTED,TXN00009105,,False,,MISSING
CBK0002591,TXN00004763,USR40127,MCH4473,10/03/2026,2026-03-12 23:20:31,"2,865.75",double debit,Customer says transaction was not authorized.,Pending Bank,1773962431,M,chatbot,286575.0,DUPLICATE_DEBIT,PENDING,TXN00004763,2865.75,False,2865.75,VALID_POSITIVE
CBK0001957,TXN00009699,64159,MCH2134,1770115642,06-Feb-2026,"INR 3,917.90",Duplicate Debit,MERCHANT SERVICE WAS NOT DELIVERED AFTER PAYMENT.,In Progress,2026/03/03,H,CHATBOT,391790.0,DUPLICATE_DEBIT,IN_PROGRESS,TXN00009699,3917.9,False,3917.9,VALID_POSITIVE
CBK0000922,TXN00018185,USR 61372,MCH8331,2026/02/27,28/02/2026,Rs. 660,Service Not Provided,user reports money deducted but merchant denies receiving payment.,Open,,P1,Email,660.0,SERVICE_ISSUE,OPEN,TXN00018185,660.0,False,660.0,VALID_POSITIVE
CBK0000118,TXN00008970,usr64312,mch2858,26/01/2026,,450.63,suspicious transaction,Payment made to unknown merchant as per customer statement.,Closed,,Low,ivr,45063.0,FRAUD,CLOSED,TXN00008970,450.63,False,450.63,VALID_POSITIVE
CBK0002416,TXN00007831,USR38240,MCH6533,06/01/2026 01:46 AM,07/01/2026,₹905.66,account hacked,Suspicious high-value payment disputed by customer.,OPEN,2026-01-28 08:46:41,P4,Email,90566.0,ACCOUNT_TAKEOVER,OPEN,TXN00007831,905.66,False,905.66,VALID_POSITIVE
CBK0000075,TXN00014086,USR84007,mch8154,03-18-2026,03-25-2026,"INR 1,493.94",scam,User reports money deducted but merchant denies receiving payment.,Resolved,26/03/2026,M,App,149394.0,FRAUD,RESOLVED,TXN00014086,1493.94,False,1493.94,VALID_POSITIVE
CBK0001584,TXN00016151,USR53727,MCH 3815,03/02/2026,1770193687,"1,236.73",login compromised,Merchant service was not delivered after payment.,WIP,06-Mar-2026,LOW,Call Center,123673.0,ACCOUNT_TAKEOVER,IN_PROGRESS,TXN00016151,1236.73,False,1236.73,VALID_POSITIVE
CBK0001958,TXN00018222,USR46902,MCH5561,08-Mar-2026,10/03/2026 06:32 PM,"Rs. 1,611",merchant service issue,Customer complaint text unclear due to poor call center notes.,Closed,,P4,Branch,1611.0,SERVICE_ISSUE,CLOSED,TXN00018222,1611.0,False,1611.0,VALID_POSITIVE
CBK0001192,,USR17450,MCH6659,1774343974,31/03/2026,"4,315.76",fraud,CUSTOMER SAYS AMOUNT WAS DEBITED TWICE.,Rejected,2026-04-30 20:19:34,LOW,IVR,431576.0,FRAUD,REJECTED,,4315.76,False,4315.76,VALID_POSITIVE
CBK0002096,TXN00008557,USR-89656,MCH-4345,03-14-2026,20/03/2026,Rs. 752,FRAUD,Payment made to unknown merchant as per customer statement.,Rejected,,H,chatbot,752.0,FRAUD,REJECTED,TXN00008557,752.0,False,752.0,VALID_POSITIVE
CBK0000989,TXN00012972,USR-33348,MCH5173,2026-03-03 18:36:37,1773495397,"1,647.57",unauth txn,Customer says amount was debited twice.,Resolved,20/03/2026,P1,ivr,164757.0,UNAUTHORIZED_TRANSACTION,RESOLVED,TXN00012972,1647.57,False,1647.57,VALID_POSITIVE
CBK0002306,txn-00008650,usr_32641,MCH1565,2026/02/18,19/02/2026,1166.57,not delivered,user claims account was compromised before transaction.,OPEN,12-Mar-2026,P3,chatbot,116657.0,DELIVERY_ISSUE,OPEN,TXN-00008650,1166.57,False,1166.57,VALID_POSITIVE
CBK0001387,TXN00008870,USR26871,MCH3687,1768937720,23/01/2026,"INR 4,628.47",unauthorized_transaction,Suspicious high-value payment disputed by customer.,REJECTED,,Medium,chatbot,462847.0,UNAUTHORIZED_TRANSACTION,REJECTED,TXN00008870,4628.47,False,4628.47,VALID_POSITIVE
CBK0000996,TXN00000021,USR 22644,MCH4473,07/01/2026,2026-01-17 19:42:38,"₹1,284.05",dispute raised,Complaint received after multiple failed attempts. pls check asap,Rejected,11/02/2026,P4,chatbot,128405.0,CUSTOMER_DISPUTE,REJECTED,TXN00000021,1284.05,False,1284.05,VALID_POSITIVE
CBK0001421,TXN00015594,USR50434,MCH6889,26/01/2026,30/01/2026,"INR 1,421.26",Account Takeover,Customer complaint text unclear due to poor call center notes.,Open,1771322934,L,Email,142126.0,ACCOUNT_TAKEOVER,OPEN,TXN00015594,1421.26,False,1421.26,VALID_POSITIVE
CBK0000238,TXN00008222,USR-40061,MCH2274,19-Feb-2026,2026/02/22,4360.22,dispute raised,User reports money deducted but merchant denies receiving payment.,In Progress,,L,App,436022.0,CUSTOMER_DISPUTE,IN_PROGRESS,TXN00008222,4360.22,False,4360.22,VALID_POSITIVE
CBK0001241,TXN00019245,usr_99206,MCH4590,11-Mar-2026,2026/03/12,"2,987.16",suspicious transaction,Customer complaint text unclear due to poor call center notes.,Closed,06/04/2026,Medium,Branch,298716.0,FRAUD,CLOSED,TXN00019245,2987.16,False,2987.16,VALID_POSITIVE
CBK0000558,TXN00006037,USR26658,MCH7509,13-Feb-2026,02-14-2026,739.74,dispute raised,user reports money deducted but merchant denies receiving payment.,Closed,22/02/2026 03:45 AM,P4,Email,73974.0,CUSTOMER_DISPUTE,CLOSED,TXN00006037,739.74,False,739.74,VALID_POSITIVE
CBK0001977,TXN00000225,USR94159,MCH5655,2026/03/07,07/03/2026 10:21 PM,666.0,complaint,Payment made to unknown merchant as per customer statement.,RESOLVED,,HIGH,Branch,6660.0,CUSTOMER_DISPUTE,RESOLVED,TXN00000225,666.0,False,666.0,VALID_POSITIVE
CBK0000076,TXN00001158,USR27355,MCH5963,04-Jan-2026,2026-01-05 22:59:45,₹461.85,no service,CUSTOMER SAYS TRANSACTION WAS NOT AUTHORIZED.,REJECTED,09/01/2026 10:59 PM,L,ivr,46185.0,SERVICE_ISSUE,REJECTED,TXN00001158,461.85,False,461.85,VALID_POSITIVE
CBK0002083,TXN00014640,USR-17657,MCH2822,03-25-2026,27/03/2026,"Rs. 5,247",no service,Suspicious high-value payment disputed by customer. NA,Closed,2026-04-03 14:05:27,P4,Email,5247.0,SERVICE_ISSUE,CLOSED,TXN00014640,5247.0,False,5247.0,VALID_POSITIVE
CBK0001948,TXN00014225,USR73728,MCH8953,17/02/2026,02-18-2026,,UNAUTHORISED,Payment made to unknown merchant as per customer statement.,OPEN,,MEDIUM,Call Center,,UNAUTHORIZED_TRANSACTION,OPEN,TXN00014225,,False,,MISSING
CBK0002583,TXN00016902,USR33856,MCH 4131,1768489859,1768687859,1595.05,unauthorized_transaction,Customer says amount was debited twice.,Pending Bank,02-10-2026,LOW,Branch,159505.0,UNAUTHORIZED_TRANSACTION,PENDING,TXN00016902,1595.05,False,1595.05,VALID_POSITIVE
CBK0002069,TXN00019571,23992,MCH 5315,,2026/03/05,Rs. 475,unauthorized_transaction,User claims account was compromised before transaction.,Open,1775337140,M,Branch,475.0,UNAUTHORIZED_TRANSACTION,OPEN,TXN00019571,475.0,False,475.0,VALID_POSITIVE
CBK0000924,TXN00003076,USR28031,MCH8603,01/01/2026,,Rs. 342,customer issue,User says UPI PIN was not entered by them.,PENDING_BANK,24/01/2026 01:31 AM,MEDIUM,App,342.0,CUSTOMER_DISPUTE,PENDING,TXN00003076,342.0,False,342.0,VALID_POSITIVE
CBK0002449,TXN00010509,USR57946,mch4966,26/02/2026 06:53 AM,2026/02/28,"INR 1,835.21",service failed,Suspicious high-value payment disputed by customer.,Open,03-25-2026,M,ivr,183521.0,SERVICE_ISSUE,OPEN,TXN00010509,1835.21,False,1835.21,VALID_POSITIVE
CBK0000169,TXN84777,USR83541,MCH 9196,03-02-2026,,-1091.87,FRAUD,Payment made to unknown merchant as per customer statement.,OPEN,03-22-2026,M,App,-109187.0,FRAUD,OPEN,TXN84777,-1091.87,True,,NEGATIVE_INVALID
CBK0001675,TXN00007698,USR30500,MCH1290,2026/03/25,27/03/2026,1746.55,DUP_DEBIT,Merchant service was not delivered after payment.,Resolved,1775800227,Medium,Branch,174655.0,DUPLICATE_DEBIT,RESOLVED,TXN00007698,1746.55,False,1746.55,VALID_POSITIVE
CBK0002129,TXN00005777,USR99787,MCH-8779,2026/03/05,2026/03/21,891.95,FRAUD,Customer says amount was debited twice.,OPEN,04-02-2026,P2,Call Center,89195.0,FRAUD,OPEN,TXN00005777,891.95,False,891.95,VALID_POSITIVE
CBK0000286,TXN00017361,62049,MCH6810,1769914671,02-11-2026,1755.45,Unauthorized Transaction,user claims account was compromised before transaction.,IN_PROGRESS,28-Feb-2026,Low,IVR,175545.0,UNAUTHORIZED_TRANSACTION,IN_PROGRESS,TXN00017361,1755.45,False,1755.45,VALID_POSITIVE
CBK0002438,TXN00006364,USR79500,MCH2963,2026/02/17,18/02/2026 09:05 PM,2678.39,Merchant Not Delivered,Complaint received after multiple failed attempts.,Closed,16/03/2026,LOW,Email,267839.0,DELIVERY_ISSUE,CLOSED,TXN00006364,2678.39,False,2678.39,VALID_POSITIVE
CBK0002365,TXN00000567,USR77716,mch2387,1773593865,19/03/2026,"INR 1,015.09",scam,suspicious high-value payment disputed by customer.,OPEN,12/04/2026 05:57 AM,P4,CHATBOT,101509.0,FRAUD,OPEN,TXN00000567,1015.09,False,1015.09,VALID_POSITIVE
CBK0002224,TXN00008421,USR 39089,MCH2822,06-Jan-2026,11/01/2026,964.56,Unauthorized Transaction,User claims account was compromised before transaction.,CLOSED,2026/01/17,P4,Call Center,96456.0,UNAUTHORIZED_TRANSACTION,CLOSED,TXN00008421,964.56,False,964.56,VALID_POSITIVE
CBK0000686,TXN00000850,USR54783,8420,2026/01/23,2026/01/20,"INR 1,203.18",UNAUTHORISED,Customer says txn was not authorized.,PENDING_BANK,,P3,Branch,120318.0,UNAUTHORIZED_TRANSACTION,PENDING,TXN00000850,1203.18,False,1203.18,VALID_POSITIVE
CBK0002291,TXN00000916,USR59058,MCH4473,1767226780,03-Jan-2026,Rs. 577,unauthorized_transaction,Merchant service was not delivered after payment. details missing,Open,,HIGH,IVR,577.0,UNAUTHORIZED_TRANSACTION,OPEN,TXN00000916,577.0,False,577.0,VALID_POSITIVE
CBK0000999,TXN00009812,USR25934,MCH4473,2026-03-11 14:54:18,15-Mar-2026,"2,069.51",dispute raised,User reports money deducted but merchant denies receiving payment. details missing,Open,01-Apr-2026,Low,Call Center,206951.0,CUSTOMER_DISPUTE,OPEN,TXN00009812,2069.51,False,2069.51,VALID_POSITIVE
CBK0002761,TXN00017387,USR73413,MCH2266,09-Mar-2026,2026-03-12 11:20:23,₹303.26,not done by me,User says UPI PIN was not entered by them.,OPEN,03-30-2026,P3,App,30326.0,UNAUTHORIZED_TRANSACTION,OPEN,TXN00017387,303.26,False,303.26,VALID_POSITIVE
CBK0002125,TXN00011157,USR38625,MCH3327,26/01/2026 03:53 AM,10/02/2026,-2138.06,Customer Dispute,Customer says transaction was not authorized. urgent,PENDING_BANK,16/02/2026 06:53 AM,M,IVR,-213806.0,CUSTOMER_DISPUTE,PENDING,TXN00011157,-2138.06,True,,NEGATIVE_INVALID
CBK0002511,TXN00014471,USR91311,MCH8100,2026/02/21,27-Feb-2026,2509.27,Account Takeover,COMPLAINT RECEIVED AFTER MULTIPLE FAILED ATTEMPTS.,Open,,H,ivr,250927.0,ACCOUNT_TAKEOVER,OPEN,TXN00014471,2509.27,False,2509.27,VALID_POSITIVE
CBK0002548,TXN00003431,USR51725,MCH-1320,01-Jan-2026,09/01/2026,"₹3,242.15",merchant service issue,User reports money deducted but merchant denies receiving payment.,OPEN,09/01/2026 12:08 AM,M,CHATBOT,324215.0,SERVICE_ISSUE,OPEN,TXN00003431,3242.15,False,3242.15,VALID_POSITIVE
CBK0002220,TXN00018020,USR89284,MCH2757,15/03/2026 01:36 PM,03-18-2026,"INR 1,238.72",Service Not Provided,Payment made to unknown merchant as per customer statement.,CLOSED,1775784974,P4,Call Center,123872.0,SERVICE_ISSUE,CLOSED,TXN00018020,1238.72,False,1238.72,VALID_POSITIVE
CBK0000131,,USR16031,MCH4997,1771704628,23/02/2026,"Rs. 1,424",Unauthorized Transaction,Customer complaint text unclear due to poor call center notes.,IN_PROGRESS,21-Mar-2026,H,Call Center,1424.0,UNAUTHORIZED_TRANSACTION,IN_PROGRESS,,1424.0,False,1424.0,VALID_POSITIVE
CBK0001441,TXN00017441,USR-80479,MCH 2733,2026/01/12,2026/01/15,766.94,unauthorized_transaction,Customer says amount was debited twice.,IN_PROGRESS,,H,Call Center,76694.0,UNAUTHORIZED_TRANSACTION,IN_PROGRESS,TXN00017441,766.94,False,766.94,VALID_POSITIVE
CBK0001641,TXN00012030,USR59679,MCH5954,30/03/2026 06:54 PM,,,service failed,Customer complaint text unclear due to poor call center notes.,REJECTED,23/04/2026,P4,Call Center,,SERVICE_ISSUE,REJECTED,TXN00012030,,False,,MISSING
CBK0002766,TXN00011236,USR61715,MCH4062,02-17-2026,19-Feb-2026,,Fraud Suspected,Customer says amount was debited twice.,RESOLVED,2026/02/26,P4,IVR,,FRAUD,RESOLVED,TXN00011236,,False,,MISSING
CBK0001084,TXN00017437,USR13933,mch2265,1768646468,18-Jan-2026,"Rs. 1,311",customer issue,Customer complaint text unclear due to poor call center notes.,PENDING_BANK,09/02/2026,P3,chatbot,1311.0,CUSTOMER_DISPUTE,PENDING,TXN00017437,1311.0,False,1311.0,VALID_POSITIVE
CBK0001109,TXN00008405,usr77137,mch8779,18-Feb-2026,02-20-2026,-1327.89,DUP_DEBIT,Suspicious high-value payment disputed by customer.,CLOSED,28/02/2026 01:12 AM,M,App,-132789.0,DUPLICATE_DEBIT,CLOSED,TXN00008405,-1327.89,True,,NEGATIVE_INVALID
CBK0001142,TXN00013418,USR 55881,MCH1320,13/01/2026 07:02 PM,01-15-2026,6925.85,Merchant Not Delivered,User claims account was compromised before transaction.,CLOSED,,MEDIUM,IVR,692585.0,DELIVERY_ISSUE,CLOSED,TXN00013418,6925.85,False,6925.85,VALID_POSITIVE
CBK0000777,,USR 41853,MCH3327,03-01-2026,,"₹7,674.18",Unauthorized Transaction,Customer says amount was debited twice.,In Progress,,L,CHATBOT,767418.0,UNAUTHORIZED_TRANSACTION,IN_PROGRESS,,7674.18,False,7674.18,VALID_POSITIVE
CBK0002610,TXN00011255,USR62673,mch3100,06/01/2026,2026-01-21 17:51:37,2068.22,account hacked,Merchant service was not delivered after payment.,OPEN,1769363497,P4,Call Center,206822.0,ACCOUNT_TAKEOVER,OPEN,TXN00011255,2068.22,False,2068.22,VALID_POSITIVE
CBK0000938,TXN00011273,USR80424,MCH1874,02-16-2026,21-Feb-2026,1062.27,not delivered,Customer says amount was debited twice.,RESOLVED,28-Feb-2026,CRITICAL,Branch,106227.0,DELIVERY_ISSUE,RESOLVED,TXN00011273,1062.27,False,1062.27,VALID_POSITIVE
CBK0000720,TXN00009292,usr62461,MCH 8044,16/01/2026,21/01/2026,2299.02,scam,Payment made to unknown merchant as per cust statement.,IN_PROGRESS,,P4,CHATBOT,229902.0,FRAUD,IN_PROGRESS,TXN00009292,2299.02,False,2299.02,VALID_POSITIVE
CBK0000534,TXN00009187,USR89514,MCH5319,2026/01/18,01-19-2026,3008.39,item not received,User says UPI PIN was not entered by them. details missing,CLOSED,07/02/2026,L,Email,300839.0,DELIVERY_ISSUE,CLOSED,TXN00009187,3008.39,False,3008.39,VALID_POSITIVE
CBK0001713,TXN00019900,USR24117,MCH3622,2026/01/19,01-27-2026,"₹4,072.76",no service,Complaint received after multiple failed attempts. call dropped,IN_PROGRESS,,MEDIUM,Branch,407276.0,SERVICE_ISSUE,IN_PROGRESS,TXN00019900,4072.76,False,4072.76,VALID_POSITIVE
CBK0002694,TXN00017451,USR-11727,MCH6810,2026/03/04,2026-03-06 17:47:56,1007.69,no service,Customer says transaction was not authorized.,PENDING_BANK,25/03/2026,P4,IVR,100769.0,SERVICE_ISSUE,PENDING,TXN00017451,1007.69,False,1007.69,VALID_POSITIVE
CBK0002018,TXN00005542,USR80304,MCH8953,01-31-2026,1769941553,INR 236.16,DUP_DEBIT,Complaint received after multiple failed attempts.,IN_PROGRESS,,M,App,23616.0,DUPLICATE_DEBIT,IN_PROGRESS,TXN00005542,236.16,False,236.16,VALID_POSITIVE
CBK0002775,TXN00018203,USR60939,MCH9570,,2026-02-12 08:26:59,1403.54,Unauthorized Transaction,Complaint received after multiple failed attempts.,CLOSED,15/02/2026 08:26 AM,Low,App,140354.0,UNAUTHORIZED_TRANSACTION,CLOSED,TXN00018203,1403.54,False,1403.54,VALID_POSITIVE
CBK0002030,TXN00019111,USR11036,MCH5122,2026/01/15,19/01/2026 03:25 AM,"Rs. 1,094",UNAUTHORISED,Payment made to unknown merchant as per customer statement.,Rejected,01-22-2026,P2,Email,1094.0,UNAUTHORIZED_TRANSACTION,REJECTED,TXN00019111,1094.0,False,1094.0,VALID_POSITIVE
CBK0002007,TXN00018681,USR53356,MCH5076,06-Mar-2026,06-Mar-2026,5525.44,amount mismatch,merchant service was not delivered after payment.,Pending Bank,,Medium,CHATBOT,552544.0,AMOUNT_MISMATCH,PENDING,TXN00018681,5525.44,False,5525.44,VALID_POSITIVE
CBK0001825,TXN00000995,usr60939,MCH9788,,22/02/2026,,scam,customer says amount was debited twice.,In Progress,03-06-2026,MEDIUM,App,,FRAUD,IN_PROGRESS,TXN00000995,,False,,MISSING
CBK0000191,TXN00016165,22024,mch5684,2026/02/10,16/02/2026,"₹4,335.54",merchant service issue,Merchant service was not delivered after payment. urgent,Closed,2026/02/19,H,Branch,433554.0,SERVICE_ISSUE,CLOSED,TXN00016165,4335.54,False,4335.54,VALID_POSITIVE
CBK0001412,TXN00007645,USR75440,MCH 4862,2026/02/23,2026/02/23,-1667.95,not delivered,Customer says transaction was not authorized.,In Progress,1774090685,Critical,Email,-166795.0,DELIVERY_ISSUE,IN_PROGRESS,TXN00007645,-1667.95,True,,NEGATIVE_INVALID
CBK0000015,TXN00003408,USR88037,MCH7845,,,895.1,no service,Suspicious high-value payment disputed by cust.,IN_PROGRESS,2026-04-01 14:30:26,P3,IVR,8951.0,SERVICE_ISSUE,IN_PROGRESS,TXN00003408,895.1,False,895.1,VALID_POSITIVE
CBK0001722,TXN00001041,USR72483,MCH9013,06/01/2026,2026/01/08,"₹1,977.08",extra amount deducted,customer says amount was debited twice.,PENDING_BANK,2026/01/18,L,Branch,197708.0,AMOUNT_MISMATCH,PENDING,TXN00001041,1977.08,False,1977.08,VALID_POSITIVE
CBK0000826,TXN00002919,USR50535,MCH2014,11/01/2026,13-Jan-2026,"INR 4,331.37",scam,customer says amount was debited twice.,Pending Bank,,HIGH,IVR,433137.0,FRAUD,PENDING,TXN00002919,4331.37,False,4331.37,VALID_POSITIVE
CBK0001912,txn-00004776,usr_25848,MCH1193,17/01/2026 01:51 AM,22/01/2026,2319.55,not delivered,Complaint received after multiple failed attempts.,Rejected,1769809911,HIGH,chatbot,231955.0,DELIVERY_ISSUE,REJECTED,TXN-00004776,2319.55,False,2319.55,VALID_POSITIVE
CBK0002561,TXN00002204,usr14039,MCH6810,04/03/2026,03-08-2026,₹455.59,Unauthorized Transaction,User says UPI PIN was not entered by them.,WIP,2026/03/11,P2,IVR,45559.0,UNAUTHORIZED_TRANSACTION,IN_PROGRESS,TXN00002204,455.59,False,455.59,VALID_POSITIVE
CBK0000224,TXN00019488,USR33856,7833,,11/01/2026 04:59 AM,6544.91,not done by me,User says UPI PIN was not entered by them. urgent,CLOSED,,MEDIUM,CHATBOT,654491.0,UNAUTHORIZED_TRANSACTION,CLOSED,TXN00019488,6544.91,False,6544.91,VALID_POSITIVE
CBK0000554,TXN00016199,usr_58457,MCH2818,03/03/2026,2026/03/13,4366.91,account hacked,Payment made to unknown merchant as per customer statement.,WIP,03-20-2026,High,chatbot,436691.0,ACCOUNT_TAKEOVER,IN_PROGRESS,TXN00016199,4366.91,False,4366.91,VALID_POSITIVE
CBK0001687,TXN00003168,usr_79935,MCH8154,02-26-2026,2026/03/01,2132.64,Fraud Suspected,merchant service was not delivered after payment.,PENDING_BANK,11/03/2026 03:30 AM,MEDIUM,CHATBOT,213264.0,FRAUD,PENDING,TXN00003168,2132.64,False,2132.64,VALID_POSITIVE
CBK0001186,TXN00018221,USR-54313,MCH 9511,01-30-2026,03-17-2026,Rs. 119,Wrong Amount,User claims account was compromised before transaction. pls check asap,Open,03/04/2026,LOW,Branch,119.0,AMOUNT_MISMATCH,OPEN,TXN00018221,119.0,False,119.0,VALID_POSITIVE
CBK0000923,TXN94657,USR35229,MCH 1505,23-Mar-2026,23-Apr-2026,"Rs. 2,556",Wrong Amount,Merchant service was not delivered after payment.,CLOSED,26-Apr-2026,HIGH,Branch,2556.0,AMOUNT_MISMATCH,CLOSED,TXN94657,2556.0,False,2556.0,VALID_POSITIVE
CBK0000322,TXN00019719,USR68594,MCH8391,2026/03/23,2026-04-02 20:20:18,"INR 4,373.83",delivery issue,merchant service was not delivered after payment.,Closed,2026-04-18 20:20:18,HIGH,Branch,437383.0,DELIVERY_ISSUE,CLOSED,TXN00019719,4373.83,False,4373.83,VALID_POSITIVE
CBK0000056,TXN00002715,USR49193,MCH9467,2026/01/23,03/02/2026 08:44 AM,,service failed,Merchant service was not delivered after payment.,Rejected,,H,chatbot,,SERVICE_ISSUE,REJECTED,TXN00002715,,False,,MISSING
CBK0000778,TXN00004797,USR 73637,mch1026,12/01/2026 03:41 AM,27/02/2026,3784.33,UNAUTHORISED,customer says transaction was not authorized.,RESOLVED,,MEDIUM,Call Center,378433.0,UNAUTHORIZED_TRANSACTION,RESOLVED,TXN00004797,3784.33,False,3784.33,VALID_POSITIVE
CBK0001904,TXN00006057,USR27947,mch5098,23/01/2026 08:43 AM,26-Jan-2026,378.18,amount mismatch,Merchant service was not delivered after payment.,PENDING_BANK,2026-02-15 09:43:00,P2,Call Center,37818.0,AMOUNT_MISMATCH,PENDING,TXN00006057,378.18,False,378.18,VALID_POSITIVE
CBK0001858,TXN00019309,usr57601,MCH7194,10/01/2026,11/01/2026,"6,862.58",complaint,User claims account was compromised before transaction.,WIP,,High,App,686258.0,CUSTOMER_DISPUTE,IN_PROGRESS,TXN00019309,6862.58,False,6862.58,VALID_POSITIVE
CBK0001327,TXN00010704,USR57352,MCH9854,15/01/2026 08:40 PM,21/01/2026,"2,880.65",FRAUD,Complaint received after multiple failed attempts.,In Progress,,L,Branch,288065.0,FRAUD,IN_PROGRESS,TXN00010704,2880.65,False,2880.65,VALID_POSITIVE
CBK0000612,TXN00008353,USR-59073,MCH2016,03-04-2026,1772823462,1208.71,fraud,customer says transaction was not authorized.,Rejected,11/03/2026 06:57 PM,Medium,Branch,120871.0,FRAUD,REJECTED,TXN00008353,1208.71,False,1208.71,VALID_POSITIVE
CBK0001251,TXN00007334,USR34180,mch8904,03-05-2026,08/03/2026,903.47,service failed,PAYMENT MADE TO UNKNOWN MERCHANT AS PER CUSTOMER STATEMENT.,Closed,19-Mar-2026,L,CHATBOT,90347.0,SERVICE_ISSUE,CLOSED,TXN00007334,903.47,False,903.47,VALID_POSITIVE
CBK0000036,TXN00007642,USR23143,mch2032,01-14-2026,1768666863,"Rs. 1,258",complaint,Customer says transaction was not authorized. NA,Rejected,1770308463,CRITICAL,Email,1258.0,CUSTOMER_DISPUTE,REJECTED,TXN00007642,1258.0,False,1258.0,VALID_POSITIVE
CBK0001074,TXN00016035,USR-30137,MCH4252,18-Mar-2026,20-Mar-2026,2162.74,charged twice,Customer complaint text unclear due to poor call center notes.,Open,,M,Branch,216274.0,CHARGED TWICE,OPEN,TXN00016035,2162.74,False,2162.74,VALID_POSITIVE
CBK0000045,TXN00018877,usr30701,MCH8391,,10-Mar-2026,2653.61,service failed,Payment made to unknown merchant as per customer statement.,OPEN,,CRIT,chatbot,265361.0,SERVICE_ISSUE,OPEN,TXN00018877,2653.61,False,2653.61,VALID_POSITIVE
CBK0002044,TXN00012234,USR38814,MCH2495,2026/02/25,2026/04/11,"₹1,786.57",UNAUTHORISED,Customer says amount was debited twice.,Pending Bank,2026/04/17,P1,IVR,178657.0,UNAUTHORIZED_TRANSACTION,PENDING,TXN00012234,1786.57,False,1786.57,VALID_POSITIVE
CBK0002390,TXN00008564,USR-53527,mch1450,14-Mar-2026,1774011139,7520.47,delivery issue,USER CLAIMS ACCOUNT WAS COMPROMISED BEFORE TRANSACTION.,Resolved,18/04/2026,MEDIUM,chatbot,752047.0,DELIVERY_ISSUE,RESOLVED,TXN00008564,7520.47,False,7520.47,VALID_POSITIVE
CBK0000991,TXN00016978,USR85967,MCH9642,28/03/2026 06:01 AM,2026-04-12 20:01:14,"Rs. 3,895",suspicious transaction,Customer says amount was debited twice.,Closed,04-12-2026,MEDIUM,IVR,3895.0,FRAUD,CLOSED,TXN00016978,3895.0,False,3895.0,VALID_POSITIVE
CBK0001740,TXN00009712,USR32707,4181,28/01/2026,01-29-2026,803.59,Customer Dispute,User reports money deducted but merchant denies receiving payment.,CLOSED,28-Feb-2026,M,App,80359.0,CUSTOMER_DISPUTE,CLOSED,TXN00009712,803.59,False,803.59,VALID_POSITIVE
CBK0000182,TXN00013078,usr_91108,MCH4931,06/02/2026 09:01 PM,2026/02/06,3943.46,merchant service issue,Suspicious high-value payment disputed by customer.,OPEN,2026/03/01,CRITICAL,App,394346.0,SERVICE_ISSUE,OPEN,TXN00013078,3943.46,False,3943.46,VALID_POSITIVE
CBK0002641,TXN00005655,USR10307,MCH4859,27/02/2026,03/03/2026,5976.8,incorrect amount,Merchant service was not delivered after payment.,Open,,HIGH,chatbot,59768.0,AMOUNT_MISMATCH,OPEN,TXN00005655,5976.8,False,5976.8,VALID_POSITIVE
CBK0001106,TXN81951,usr_84942,MCH2073,12/02/2026 01:12 AM,,3816.43,login compromised,Customer says transaction was not authorized. call dropped,Pending Bank,12/03/2026,P3,Branch,381643.0,ACCOUNT_TAKEOVER,PENDING,TXN81951,3816.43,False,3816.43,VALID_POSITIVE
CBK0002466,TXN00013029,USR16995,MCH7040,13/01/2026 05:39 AM,15/01/2026 07:39 PM,"₹1,491.88",merchant service issue,Customer says transaction was not authorized.,Rejected,1769369946,MEDIUM,Email,149188.0,SERVICE_ISSUE,REJECTED,TXN00013029,1491.88,False,1491.88,VALID_POSITIVE
CBK0001305,TXN00017826,USR89617,MCH-5076,18/01/2026 11:38 PM,03/02/2026,"₹5,617.04",Account Takeover,Payment made to unknown merchant as per customer statement.,WIP,2026/02/24,LOW,ivr,561704.0,ACCOUNT_TAKEOVER,IN_PROGRESS,TXN00017826,5617.04,False,5617.04,VALID_POSITIVE
CBK0002675,TXN00007158,USR38065,MCH6195,2026/02/10,2026-02-25 18:38:29,-1520.53,delivery issue,User reports money deducted but merchant denies receiving payment.,IN_PROGRESS,2026/02/25,High,IVR,-152053.0,DELIVERY_ISSUE,IN_PROGRESS,TXN00007158,-1520.53,True,,NEGATIVE_INVALID
CBK0002337,TXN00008947,usr74187,mch2877,05-Jan-2026,08-Jan-2026,"Rs. 4,079",dispute raised,Customer says amount was debited twice.,RESOLVED,01-14-2026,LOW,ivr,4079.0,CUSTOMER_DISPUTE,RESOLVED,TXN00008947,4079.0,False,4079.0,VALID_POSITIVE
CBK0000211,TXN00019098,USR76655,MCH2383,12-Feb-2026,27-Feb-2026,536.94,login compromised,Complaint received after multiple failed attempts.,PENDING_BANK,14/03/2026,Medium,Email,53694.0,ACCOUNT_TAKEOVER,PENDING,TXN00019098,536.94,False,536.94,VALID_POSITIVE
CBK0000042,TXN00001246,USR48537,MCH 2700,2026/02/08,,Rs. 702,complaint,customer says transaction was not authorized.,Closed,02-25-2026,HIGH,IVR,702.0,CUSTOMER_DISPUTE,CLOSED,TXN00001246,702.0,False,702.0,VALID_POSITIVE
CBK0002778,TXN34155,USR63286,mch5795,31/03/2026,2026/05/15,736.99,delivery issue,Suspicious high-value payment disputed by customer.,Pending Bank,,M,CHATBOT,73699.0,DELIVERY_ISSUE,PENDING,TXN34155,736.99,False,736.99,VALID_POSITIVE
CBK0002652,TXN00008454,USR79705,MCH2757,,27-Feb-2026,Rs. 268,login compromised,Suspicious high-value payment disputed by customer.,PENDING_BANK,03-14-2026,Medium,chatbot,268.0,ACCOUNT_TAKEOVER,PENDING,TXN00008454,268.0,False,268.0,VALID_POSITIVE
CBK0000226,TXN00015815,USR-35149,MCH8971,11/02/2026 01:43 AM,2026/02/26,INR 458.03,customer issue,Customer complaint text unclear due to poor call center notes.,IN_PROGRESS,,LOW,Email,45803.0,CUSTOMER_DISPUTE,IN_PROGRESS,TXN00015815,458.03,False,458.03,VALID_POSITIVE
CBK0001226,TXN00014655,usr64776,MCH-4837,19-Jan-2026,29/01/2026,INR 290.31,double debit,customer complaint text unclear due to poor call center notes.,PENDING_BANK,08/02/2026,High,CHATBOT,29031.0,DUPLICATE_DEBIT,PENDING,TXN00014655,290.31,False,290.31,VALID_POSITIVE
CBK0001961,TXN00004780,USR62254,9817,05/02/2026,06/02/2026,-673.13,scam,Customer says transaction was not authorized.,PENDING_BANK,,H,ivr,-67313.0,FRAUD,PENDING,TXN00004780,-673.13,True,,NEGATIVE_INVALID
CBK0001650,TXN00007842,USR43371,MCH9291,24-Mar-2026,03-27-2026,"Rs. 5,443",amount mismatch,Customer says amount was debited twice.,In Progress,2026/04/21,LOW,ivr,5443.0,AMOUNT_MISMATCH,IN_PROGRESS,TXN00007842,5443.0,False,5443.0,VALID_POSITIVE
CBK0002294,TXN00004771,USR12753,MCH-9267,03/02/2026,19-Feb-2026,"INR 5,005.08",Customer Dispute,Complaint received after multiple failed attempts.,Pending Bank,,CRITICAL,CHATBOT,500508.0,CUSTOMER_DISPUTE,PENDING,TXN00004771,5005.08,False,5005.08,VALID_POSITIVE
CBK0000256,TXN00001617,USR63778,MCH6614,01-29-2026,30/01/2026,"INR 14,278.20",delivery issue,User reports money deducted but merchant denies receiving payment.,In Progress,02-17-2026,L,ivr,1427820.0,DELIVERY_ISSUE,IN_PROGRESS,TXN00001617,14278.2,False,14278.2,VALID_POSITIVE
CBK0000634,TXN00003160,USR20310,MCH5168,2026/03/14,14/03/2026 07:16 AM,"INR 11,376.00",amount mismatch,USER SAYS UPI PIN WAS NOT ENTERED BY THEM.,REJECTED,,P4,Email,1137600.0,AMOUNT_MISMATCH,REJECTED,TXN00003160,11376.0,False,11376.0,VALID_POSITIVE
CBK0001898,TXN00012370,USR72048,MCH5535,2026/03/29,04-02-2026,-9690.23,DUP_DEBIT,User claims account was compromised before transaction.,OPEN,,M,Call Center,-969023.0,DUPLICATE_DEBIT,OPEN,TXN00012370,-9690.23,True,,NEGATIVE_INVALID
CBK0001953,txn-00002867,USR48061,8600,15/01/2026,1768558376,"INR 4,361.29",dispute raised,Suspicious high-value payment disputed by customer.,Pending Bank,24-Jan-2026,Low,Email,436129.0,CUSTOMER_DISPUTE,PENDING,TXN-00002867,4361.29,False,4361.29,VALID_POSITIVE
CBK0000414,TXN71282,51465,MCH8403,05/03/2026,21/03/2026 02:45 AM,4105.21,ATO,USER CLAIMS ACCOUNT WAS COMPROMISED BEFORE TRANSACTION.,In Progress,30/03/2026 02:45 AM,P1,Call Center,410521.0,ACCOUNT_TAKEOVER,IN_PROGRESS,TXN71282,4105.21,False,4105.21,VALID_POSITIVE
CBK0000229,TXN00011498,USR25152,MCH5516,10/03/2026 08:33 AM,2026/03/13,"₹1,209.77",Fraud Suspected,User says UPI PIN was not entered by them.,IN_PROGRESS,1773851619,Low,CHATBOT,120977.0,FRAUD,IN_PROGRESS,TXN00011498,1209.77,False,1209.77,VALID_POSITIVE
CBK0002621,TXN00013196,USR 25302,MCH2285,05/01/2026,08-Jan-2026,"Rs. 4,814",Merchant Not Delivered,Merchant service was not delivered after payment.,Pending Bank,2026/02/06,Medium,Branch,4814.0,DELIVERY_ISSUE,PENDING,TXN00013196,4814.0,False,4814.0,VALID_POSITIVE
CBK0002599,TXN00015427,USR46465,MCH 3243,03-04-2026,2026/04/04,1089.6,fraud,Customer says transaction was not authorized. NA,Open,2026/04/18,P3,chatbot,10896.0,FRAUD,OPEN,TXN00015427,1089.6,False,1089.6,VALID_POSITIVE
CBK0001385,TXN00015532,USR43241,MCH 2822,02/02/2026 09:47 PM,03-Feb-2026,90.26,Account Takeover,Customer says transaction was not authorized.,PENDING_BANK,02-15-2026,P1,App,9026.0,ACCOUNT_TAKEOVER,PENDING,TXN00015532,90.26,False,90.26,VALID_POSITIVE
CBK0001645,TXN00004849,USR87914,MCH2065,31/03/2026 03:04 PM,2026/04/03,"Rs. 1,212",no service,Payment made to unknown merchant as per customer statement.,IN_PROGRESS,1775293481,Medium,Branch,1212.0,SERVICE_ISSUE,IN_PROGRESS,TXN00004849,1212.0,False,1212.0,VALID_POSITIVE
CBK0000995,TXN00005999,USR40639,MCH1381,11/01/2026 08:47 PM,13-Jan-2026,-3530.1,not delivered,COMPLAINT RECEIVED AFTER MULTIPLE FAILED ATTEMPTS.,In Progress,,LOW,CHATBOT,-35301.0,DELIVERY_ISSUE,IN_PROGRESS,TXN00005999,-3530.1,True,,NEGATIVE_INVALID
CBK0000553,TXN00001388,USR38124,mch8462,07/03/2026,09/03/2026 04:59 PM,-5809.0,merchant service issue,merchant service was not delivered after payment.,CLOSED,18-Mar-2026,High,Email,-58090.0,SERVICE_ISSUE,CLOSED,TXN00001388,-5809.0,True,,NEGATIVE_INVALID
CBK0000812,TXN00003721,USR76959,MCH8190,,2026/03/05,-3807.76,scam,User says UPI PIN was not entered by them.,Closed,,P2,Branch,-380776.0,FRAUD,CLOSED,TXN00003721,-3807.76,True,,NEGATIVE_INVALID
CBK0000841,TXN00007967,usr_49028,MCH7643,31/03/2026,04-11-2026,,item not received,Customer says transaction was not authorized. call dropped,REJECTED,12/04/2026 01:44 AM,HIGH,IVR,,DELIVERY_ISSUE,REJECTED,TXN00007967,,False,,MISSING
CBK0000266,TXN00006755,usr13301,MCH5226,01-07-2026,2026/01/07,"Rs. 1,874",amount mismatch,Customer complaint text unclear due to poor call center notes. call dropped,Closed,1770057866,MEDIUM,Call Center,1874.0,AMOUNT_MISMATCH,CLOSED,TXN00006755,1874.0,False,1874.0,VALID_POSITIVE
CBK0002431,TXN00015350,USR 95800,4448,1774487295,1774667295,676.77,account hacked,Customer complaint text unclear due to poor call center notes.,WIP,10/04/2026 03:08 AM,L,Call Center,67677.0,ACCOUNT_TAKEOVER,IN_PROGRESS,TXN00015350,676.77,False,676.77,VALID_POSITIVE
CBK0000907,TXN00018961,usr73332,MCH5096,03-24-2026,,Rs. 409,account hacked,Merchant service was not delivered after payment.,Resolved,,LOW,ivr,409.0,ACCOUNT_TAKEOVER,RESOLVED,TXN00018961,409.0,False,409.0,VALID_POSITIVE
CBK0000568,TXN00005915,USR 19528,MCH-9192,,02-24-2026,215.32,Fraud Suspected,Customer says transaction was not authorized. urgent,Pending Bank,,Medium,CHATBOT,21532.0,FRAUD,PENDING,TXN00005915,215.32,False,215.32,VALID_POSITIVE
CBK0002248,TXN00018611,USR80560,MCH1043,11/02/2026,13/02/2026,"INR 1,143.89",DUP_DEBIT,Customer says amount was debited twice.,OPEN,2026/02/28,MEDIUM,Branch,114389.0,DUPLICATE_DEBIT,OPEN,TXN00018611,1143.89,False,1143.89,VALID_POSITIVE
CBK0001578,TXN00008775,USR61019,MCH8496,30/03/2026 01:32 PM,31-Mar-2026,"8,304.41",ATO,Customer says amount was debited twice.,RESOLVED,2026/04/22,P4,Email,830441.0,ACCOUNT_TAKEOVER,RESOLVED,TXN00008775,8304.41,False,8304.41,VALID_POSITIVE
CBK0001548,TXN00000463,USR-79013,7615,,05/01/2026 08:53 PM,,Service Not Provided,User says UPI PIN was not entered by them.,Resolved,2026/01/10,High,Branch,,SERVICE_ISSUE,RESOLVED,TXN00000463,,False,,MISSING
CBK0002013,TXN00007063,USR45520,MCH1320,2026-03-01 06:39:21,02/03/2026,₹370.32,login compromised,User says UPI PIN was not entered by them.,In Progress,17-Mar-2026,LOW,CHATBOT,37032.0,ACCOUNT_TAKEOVER,IN_PROGRESS,TXN00007063,370.32,False,370.32,VALID_POSITIVE
CBK0001094,TXN00017457,USR 13306,MCH4473,07/03/2026 08:44 AM,10/03/2026,,Duplicate Debit,Merchant service was not delivered after payment. NA,PENDING_BANK,,Low,Call Center,,DUPLICATE_DEBIT,PENDING,TXN00017457,,False,,MISSING
CBK0001077,TXN00009149,88897,MCH-5127,02-Feb-2026,2026/02/04,-2970.62,FRAUD,Payment made to unknown merchant as per cust statement.,REJECTED,,Critical,Email,-297062.0,FRAUD,REJECTED,TXN00009149,-2970.62,True,,NEGATIVE_INVALID
CBK0001003,TXN00006075,USR31466,MCH8516,07/02/2026 03:40 AM,12/02/2026 09:40 AM,"Rs. 1,413",no service,User claims account was compromised before transaction.,IN_PROGRESS,,P1,Email,1413.0,SERVICE_ISSUE,IN_PROGRESS,TXN00006075,1413.0,False,1413.0,VALID_POSITIVE
CBK0002093,TXN00017223,95193,MCH 2383,25/03/2026,2026-03-20 21:23:30,-711.68,ATO,CUSTOMER SAYS TRANSACTION WAS NOT AUTHORIZED.,Closed,14/04/2026,LOW,Call Center,-71168.0,ACCOUNT_TAKEOVER,CLOSED,TXN00017223,-711.68,True,,NEGATIVE_INVALID
CBK0001520,TXN00005376,usr68623,MCH8701,03-31-2026,03/04/2026,6375.04,not delivered,User claims account was compromised before transaction.,Pending Bank,18-Apr-2026,P3,App,637504.0,DELIVERY_ISSUE,PENDING,TXN00005376,6375.04,False,6375.04,VALID_POSITIVE
CBK0002269,txn-00002609,USR70968,MCH6810,03-06-2026,05-Apr-2026,"Rs. 3,155",extra amount deducted,MERCHANT SERVICE WAS NOT DELIVERED AFTER PAYMENT.,IN_PROGRESS,22/04/2026,P3,Email,3155.0,AMOUNT_MISMATCH,IN_PROGRESS,TXN-00002609,3155.0,False,3155.0,VALID_POSITIVE
CBK0001060,TXN00004377,USR 65291,MCH5076,01-08-2026,12/01/2026 01:45 PM,6954.75,customer issue,Payment made to unknown merchant as per customer statement.,WIP,06/02/2026,Low,chatbot,695475.0,CUSTOMER_DISPUTE,IN_PROGRESS,TXN00004377,6954.75,False,6954.75,VALID_POSITIVE
CBK0000878,TXN00017227,USR23617,MCH9290,28/02/2026 04:25 PM,08/03/2026 01:25 PM,"INR 2,799.72",charged twice,User claims account was compromised before transaction. urgent,IN_PROGRESS,09/03/2026,HIGH,chatbot,279972.0,CHARGED TWICE,IN_PROGRESS,TXN00017227,2799.72,False,2799.72,VALID_POSITIVE
CBK0002419,TXN00008154,USR61213,MCH1320,25/02/2026 02:30 PM,04-12-2026,"1,654.89",delivery issue,suspicious high-value payment disputed by customer.,OPEN,,M,App,165489.0,DELIVERY_ISSUE,OPEN,TXN00008154,1654.89,False,1654.89,VALID_POSITIVE
CBK0000142,TXN00017373,USR 22644,mch2266,,17/03/2026,"4,758.01",Fraud Suspected,Merchant service was not delivered after payment.,WIP,15/04/2026 03:50 PM,MEDIUM,Email,475801.0,FRAUD,IN_PROGRESS,TXN00017373,4758.01,False,4758.01,VALID_POSITIVE
CBK0000028,TXN00005785,USR15008,MCH 4604,03/02/2026 03:28 PM,06/03/2026 12:28 AM,222.95,charged twice,Payment made to unknown merchant as per cust statement.,CLOSED,03-28-2026,M,ivr,22295.0,CHARGED TWICE,CLOSED,TXN00005785,222.95,False,222.95,VALID_POSITIVE
CBK0000090,txn-00018546,USR-70795,MCH 3992,02-26-2026,23/02/2026,"7,492.62",item not received,MERCHANT SERVICE WAS NOT DELIVERED AFTER PAYMENT.,Closed,2026/03/03,HIGH,IVR,749262.0,DELIVERY_ISSUE,CLOSED,TXN-00018546,7492.62,False,7492.62,VALID_POSITIVE
CBK0000644,txn-00007288,USR97139,MCH2822,2026/02/03,06/02/2026,320.6,not done by me,Suspicious high-value payment disputed by customer.,Open,1770911743,Low,Branch,3206.0,UNAUTHORIZED_TRANSACTION,OPEN,TXN-00007288,320.6,False,320.6,VALID_POSITIVE
CBK0000171,txn-00003032,usr85839,MCH 4965,02/02/2026 06:26 AM,04/03/2026,₹988.93,not delivered,User says UPI PIN was not entered by them.,REJECTED,,HIGH,CHATBOT,98893.0,DELIVERY_ISSUE,REJECTED,TXN-00003032,988.93,False,988.93,VALID_POSITIVE
CBK0002288,TXN00001620,USR-79613,MCH2822,07/03/2026,03-07-2026,650.47,Duplicate Debit,User reports money deducted but merchant denies receiving payment.,Closed,,H,CHATBOT,65047.0,DUPLICATE_DEBIT,CLOSED,TXN00001620,650.47,False,650.47,VALID_POSITIVE
CBK0000236,TXN00015982,USR78462,MCH5980,2026-02-19 02:15:55,2026/03/21,3445.69,dispute raised,Suspicious high-value payment disputed by customer.,OPEN,04-14-2026,L,ivr,344569.0,CUSTOMER_DISPUTE,OPEN,TXN00015982,3445.69,False,3445.69,VALID_POSITIVE
CBK0001256,TXN00012543,USR97472,MCH-2266,2026/03/26,03-29-2026,-5621.9,Duplicate Debit,Payment made to unknown merchant as per customer statement. NA,Closed,12/04/2026 01:21 AM,LOW,chatbot,-56219.0,DUPLICATE_DEBIT,CLOSED,TXN00012543,-5621.9,True,,NEGATIVE_INVALID
CBK0002263,TXN00017565,USR 25091,2757,2026/03/25,,"INR 3,265.92",not delivered,User claims account was compromised before transaction.,OPEN,08-Apr-2026,M,App,326592.0,DELIVERY_ISSUE,OPEN,TXN00017565,3265.92,False,3265.92,VALID_POSITIVE
CBK0000491,TXN00012981,USR53356,MCH3100,02-28-2026,01-Mar-2026,"Rs. 1,168",no service,MERCHANT SERVICE WAS NOT DELIVERED AFTER PAYMENT.,Pending Bank,09/03/2026,H,IVR,1168.0,SERVICE_ISSUE,PENDING,TXN00012981,1168.0,False,1168.0,VALID_POSITIVE
CBK0000790,TXN00010376,31294,MCH2721,21/02/2026,02-21-2026,"Rs. 3,789",Wrong Amount,suspicious high-value payment disputed by customer.,Pending Bank,,MEDIUM,App,3789.0,AMOUNT_MISMATCH,PENDING,TXN00010376,3789.0,False,3789.0,VALID_POSITIVE
CBK0002734,TXN86247,usr30500,MCH-9900,01-02-2026,04/01/2026,1425.14,Unauthorized Transaction,SUSPICIOUS HIGH-VALUE PAYMENT DISPUTED BY CUSTOMER.,OPEN,,High,chatbot,142514.0,UNAUTHORIZED_TRANSACTION,OPEN,TXN86247,1425.14,False,1425.14,VALID_POSITIVE
CBK0000108,TXN00012720,USR63044,mch3342,03/01/2026 07:04 AM,05/01/2026,"Rs. 1,297",UNAUTHORISED,User reports money deducted but merchant denies receiving payment.,RESOLVED,05/01/2026,LOW,CHATBOT,1297.0,UNAUTHORIZED_TRANSACTION,RESOLVED,TXN00012720,1297.0,False,1297.0,VALID_POSITIVE
CBK0000228,TXN00001207,USR-43461,MCH2457,10/02/2026,06/02/2026 09:57 PM,"₹5,779.34",ATO,Complaint received after multiple failed attempts.,REJECTED,17/02/2026 09:57 PM,MEDIUM,IVR,577934.0,ACCOUNT_TAKEOVER,REJECTED,TXN00001207,5779.34,False,5779.34,VALID_POSITIVE
CBK0002532,TXN00014807,USR72152,MCH4189,03-26-2026,30-Mar-2026,,Fraud Suspected,Customer says amount was debited twice.,WIP,04-25-2026,Critical,CHATBOT,,FRAUD,IN_PROGRESS,TXN00014807,,False,,MISSING
CBK0000489,TXN00009790,USR14874,3965,02-24-2026,2026-02-25 23:38:39,"₹1,114.59",merchant service issue,Customer says txn was not authorized.,Resolved,,MEDIUM,CHATBOT,111459.0,SERVICE_ISSUE,RESOLVED,TXN00009790,1114.59,False,1114.59,VALID_POSITIVE
CBK0001085,TXN00007125,USR27848,MCH8555,14/03/2026,16/03/2026,"₹1,467.82",no service,user reports money deducted but merchant denies receiving payment.,IN_PROGRESS,,P1,chatbot,146782.0,SERVICE_ISSUE,IN_PROGRESS,TXN00007125,1467.82,False,1467.82,VALID_POSITIVE
CBK0002462,TXN00017340,USR67399,MCH-8154,10/02/2026,03-28-2026,"1,945.77",unauthorized_transaction,PAYMENT MADE TO UNKNOWN MERCHANT AS PER CUSTOMER STATEMENT.,Pending Bank,17-Apr-2026,LOW,IVR,194577.0,UNAUTHORIZED_TRANSACTION,PENDING,TXN00017340,1945.77,False,1945.77,VALID_POSITIVE
CBK0002197,TXN00006372,USR66647,MCH5779,2026-02-17 13:16:55,21/02/2026,5763.76,unauth txn,user reports money deducted but merchant denies receiving payment.,IN_PROGRESS,,MEDIUM,CHATBOT,576376.0,UNAUTHORIZED_TRANSACTION,IN_PROGRESS,TXN00006372,5763.76,False,5763.76,VALID_POSITIVE
CBK0000814,TXN00017418,USR91623,MCH6810,,2026-01-03 02:57:39,"INR 1,350.91",charged twice,Merchant service was not delivered after payment.,PENDING_BANK,2026/01/29,P4,Email,135091.0,CHARGED TWICE,PENDING,TXN00017418,1350.91,False,1350.91,VALID_POSITIVE
CBK0001792,TXN00002522,USR78192,mch5237,1769143031,2026/01/24,877.59,not delivered,User reports money deducted but merchant denies receiving payment. pls check asap,CLOSED,,MEDIUM,IVR,87759.0,DELIVERY_ISSUE,CLOSED,TXN00002522,877.59,False,877.59,VALID_POSITIVE
CBK0001103,TXN00006537,USR64942,MCH8349,25/02/2026,2026-03-12 23:58:49,Rs. 418,customer issue,User says UPI PIN was not entered by them.,Pending Bank,21/03/2026 11:58 PM,MEDIUM,ivr,418.0,CUSTOMER_DISPUTE,PENDING,TXN00006537,418.0,False,418.0,VALID_POSITIVE
CBK0000208,TXN00011412,USR90908,MCH1460,01-05-2026,,"₹1,142.95",not delivered,User says UPI PIN was not entered by them.,REJECTED,04/02/2026,L,IVR,114295.0,DELIVERY_ISSUE,REJECTED,TXN00011412,1142.95,False,1142.95,VALID_POSITIVE
CBK0002160,TXN00003789,USR91387,MCH3992,2026/03/09,2026-03-13 00:02:43,1061.09,complaint,COMPLAINT RECEIVED AFTER MULTIPLE FAILED ATTEMPTS.,Pending Bank,31-Mar-2026,MEDIUM,Call Center,106109.0,CUSTOMER_DISPUTE,PENDING,TXN00003789,1061.09,False,1061.09,VALID_POSITIVE
CBK0002355,TXN00010287,USR83793,MCH2036,1772262599,2026/03/03,852.14,item not received,USER SAYS UPI PIN WAS NOT ENTERED BY THEM.,RESOLVED,,P1,CHATBOT,85214.0,DELIVERY_ISSUE,RESOLVED,TXN00010287,852.14,False,852.14,VALID_POSITIVE
CBK0001555,TXN00010998,USR55626,MCH3270,23/03/2026,23/03/2026 11:29 PM,"Rs. 1,074",unauth txn,Merchant service was not delivered after payment. NA,Closed,03-Apr-2026,P1,Call Center,1074.0,UNAUTHORIZED_TRANSACTION,CLOSED,TXN00010998,1074.0,False,1074.0,VALID_POSITIVE
CBK0000947,TXN00013726,USR 83095,MCH5410,28-Mar-2026,2026-03-29 11:05:48,"INR 6,019.31",double debit,suspicious high-value payment disputed by customer.,IN_PROGRESS,,HIGH,Branch,601931.0,DUPLICATE_DEBIT,IN_PROGRESS,TXN00013726,6019.31,False,6019.31,VALID_POSITIVE
CBK0002261,TXN00000527,USR82246,MCH-6318,18/01/2026,2026/01/20,3784.42,charged twice,Customer complaint text unclear due to poor call center notes.,In Progress,2026-01-29 03:15:21,P4,Branch,378442.0,CHARGED TWICE,IN_PROGRESS,TXN00000527,3784.42,False,3784.42,VALID_POSITIVE
CBK0001921,TXN00018097,USR29054,MCH8796,,27/02/2026,2522.66,delivery issue,Complaint received after multiple failed attempts.,Closed,03/03/2026 02:06 AM,High,IVR,252266.0,DELIVERY_ISSUE,CLOSED,TXN00018097,2522.66,False,2522.66,VALID_POSITIVE
CBK0000150,TXN00004153,USR21449,MCH8072,21/03/2026,22/03/2026,3630.27,FRAUD,Suspicious high-value payment disputed by customer.,In Progress,24/03/2026 09:18 AM,HIGH,App,363027.0,FRAUD,IN_PROGRESS,TXN00004153,3630.27,False,3630.27,VALID_POSITIVE
CBK0001255,,USR63146,MCH 9614,2026/02/21,02-27-2026,1677.54,Merchant Not Delivered,Customer says transaction was not authorized.,WIP,27-Feb-2026,L,chatbot,167754.0,DELIVERY_ISSUE,IN_PROGRESS,,1677.54,False,1677.54,VALID_POSITIVE
CBK0002165,TXN00011788,USR69706,MCH3368,01-04-2026,01-07-2026,"₹4,428.67",Duplicate Debit,Customer says amount was debited twice. details missing,REJECTED,01-16-2026,P4,ivr,442867.0,DUPLICATE_DEBIT,REJECTED,TXN00011788,4428.67,False,4428.67,VALID_POSITIVE
CBK0001143,TXN00010812,USR-29995,mch2068,11-Feb-2026,2026/02/13,-752.91,Duplicate Debit,User says UPI PIN was not entered by them.,Pending Bank,03-14-2026,L,CHATBOT,-75291.0,DUPLICATE_DEBIT,PENDING,TXN00010812,-752.91,True,,NEGATIVE_INVALID
CBK0001369,TXN00016708,USR40818,MCH-6534,,,2567.69,Fraud Suspected,Customer says amount was debited twice.,PENDING_BANK,27-Feb-2026,MEDIUM,ivr,256769.0,FRAUD,PENDING,TXN00016708,2567.69,False,2567.69,VALID_POSITIVE
CBK0001216,TXN00002147,USR51748,MCH7793,2026/01/25,2026/01/28,1064.06,Unauthorized Transaction,Complaint received after multiple failed attempts.,Rejected,,HIGH,Branch,106406.0,UNAUTHORIZED_TRANSACTION,REJECTED,TXN00002147,1064.06,False,1064.06,VALID_POSITIVE
CBK0000495,TXN00010199,USR31808,MCH4590,17-Jan-2026,27-Jan-2026,"Rs. 3,450",no service,Customer says transaction was not authorized.,WIP,2026/02/07,HIGH,IVR,3450.0,SERVICE_ISSUE,IN_PROGRESS,TXN00010199,3450.0,False,3450.0,VALID_POSITIVE
CBK0002274,TXN00008466,USR84517,MCH6508,21-Jan-2026,01-23-2026,₹494.63,suspicious transaction,user claims account was compromised before transaction.,PENDING_BANK,,M,ivr,49463.0,FRAUD,PENDING,TXN00008466,494.63,False,494.63,VALID_POSITIVE
CBK0000001,txn-00000797,usr85565,MCH-8779,2026-02-04 20:55:03,02-03-2026,1020.66,service failed,Suspicious high-value payment disputed by customer. details missing,RESOLVED,2026/02/13,LOW,Email,102066.0,SERVICE_ISSUE,RESOLVED,TXN-00000797,1020.66,False,1020.66,VALID_POSITIVE
CBK0000101,TXN00010812,USR81116,MCH4055,,04-04-2026,"Rs. 3,506",double debit,payment made to unknown merchant as per customer statement.,WIP,2026/04/05,Low,chatbot,3506.0,DUPLICATE_DEBIT,IN_PROGRESS,TXN00010812,3506.0,False,3506.0,VALID_POSITIVE
CBK0001075,TXN00013358,USR12571,MCH7477,,2026/02/27,2097.39,item not received,Customer says transaction was not authorized.,REJECTED,2026/03/16,L,chatbot,209739.0,DELIVERY_ISSUE,REJECTED,TXN00013358,2097.39,False,2097.39,VALID_POSITIVE
CBK0000412,TXN00007488,usr_50260,MCH1591,14/01/2026 05:30 AM,02-13-2026,₹384.26,Wrong Amount,USER REPORTS MONEY DEDUCTED BUT MERCHANT DENIES RECEIVING PAYMENT.,Pending Bank,19/02/2026,High,ivr,38426.0,AMOUNT_MISMATCH,PENDING,TXN00007488,384.26,False,384.26,VALID_POSITIVE
CBK0001587,TXN00016352,USR29556,mch9289,14-Jan-2026,01-18-2026,6616.61,no service,Complaint received after multiple failed attempts.,OPEN,2026/01/18,P3,chatbot,661661.0,SERVICE_ISSUE,OPEN,TXN00016352,6616.61,False,6616.61,VALID_POSITIVE
CBK0001232,TXN00009374,USR51626,MCH 6929,01-03-2026,2026-01-06 09:58:50,,double debit,User says UPI PIN was not entered by them.,Rejected,01-28-2026,LOW,IVR,,DUPLICATE_DEBIT,REJECTED,TXN00009374,,False,,MISSING
CBK0000381,TXN00014178,USR27107,mch3113,05/01/2026 05:14 PM,2026/01/11,INR 431.50,charged twice,customer says transaction was not authorized.,REJECTED,2026/01/27,L,IVR,43150.0,CHARGED TWICE,REJECTED,TXN00014178,431.5,False,431.5,VALID_POSITIVE
CBK0002726,TXN00003733,USR34851,MCH8714,2026/01/10,12/01/2026 06:21 AM,,fraud,Customer says amount was debited twice.,REJECTED,09/02/2026,P4,CHATBOT,,FRAUD,REJECTED,TXN00003733,,False,,MISSING
CBK0000805,TXN00009314,USR 13620,MCH3239,21-Jan-2026,2026/01/24,Rs. 766,Customer Dispute,User says UPI PIN was not entered by them.,WIP,,LOW,Email,766.0,CUSTOMER_DISPUTE,IN_PROGRESS,TXN00009314,766.0,False,766.0,VALID_POSITIVE
CBK0000901,TXN00012155,USR12240,MCH4226,27/02/2026,04/03/2026 03:39 PM,348.42,complaint,Customer says amount was debited twice.,WIP,2026-03-12 15:39:05,P3,App,34842.0,CUSTOMER_DISPUTE,IN_PROGRESS,TXN00012155,348.42,False,348.42,VALID_POSITIVE
CBK0002226,TXN00005923,USR15487,MCH2547,2026/01/26,06/02/2026 03:51 AM,"₹1,759.97",not done by me,Customer says transaction was not authorized.,Resolved,20-Feb-2026,M,Email,175997.0,UNAUTHORIZED_TRANSACTION,RESOLVED,TXN00005923,1759.97,False,1759.97,VALID_POSITIVE
CBK0000630,TXN00019233,USR41212,MCH3129,03-01-2026,1772984007,"₹1,007.91",FRAUD,User reports money deducted but merchant denies receiving payment.,Rejected,28-Mar-2026,Low,Email,100791.0,FRAUD,REJECTED,TXN00019233,1007.91,False,1007.91,VALID_POSITIVE
CBK0000965,TXN00009897,USR-16439,MCH 2212,11-Jan-2026,12/01/2026,"₹1,827.19",amount mismatch,User claims account was compromised before transaction.,REJECTED,2026/01/14,HIGH,Call Center,182719.0,AMOUNT_MISMATCH,REJECTED,TXN00009897,1827.19,False,1827.19,VALID_POSITIVE
CBK0001952,TXN00013367,USR59329,MCH3526,08/01/2026,01-11-2026,18514.67,FRAUD,User claims account was compromised before transaction.,IN_PROGRESS,2026-01-20 01:50:10,LOW,Email,1851467.0,FRAUD,IN_PROGRESS,TXN00013367,18514.67,False,18514.67,VALID_POSITIVE
CBK0001962,TXN00008141,USR88930,MCH5655,01-21-2026,2026/01/27,4306.86,FRAUD,Customer complaint text unclear due to poor call center notes.,Pending Bank,2026-02-06 06:00:00,M,App,430686.0,FRAUD,PENDING,TXN00008141,4306.86,False,4306.86,VALID_POSITIVE
CBK0000785,TXN00012403,USR 98061,MCH9923,24/03/2026,1774774422,,complaint,User claims account was compromised before transaction. details missing,PENDING_BANK,03-29-2026,P1,Branch,,CUSTOMER_DISPUTE,PENDING,TXN00012403,,False,,MISSING
CBK0000492,TXN00008504,USR51736,MCH8181,12/01/2026,2026-01-15 03:05:53,303.99,double debit,Customer complaint text unclear due to poor call center notes.,IN_PROGRESS,,P4,ivr,30399.0,DUPLICATE_DEBIT,IN_PROGRESS,TXN00008504,303.99,False,303.99,VALID_POSITIVE
CBK0001072,TXN00006554,20930,MCH7833,11-Jan-2026,11/02/2026,4172.97,Service Not Provided,merchant service was not delivered after payment.,WIP,2026-03-04 00:59:16,P3,Email,417297.0,SERVICE_ISSUE,IN_PROGRESS,TXN00006554,4172.97,False,4172.97,VALID_POSITIVE
CBK0002427,TXN00003973,usr_79707,MCH 2266,,2026-03-23 01:55:27,"2,121.87",amount mismatch,USER REPORTS MONEY DEDUCTED BUT MERCHANT DENIES RECEIVING PAYMENT.,PENDING_BANK,1776131727,L,Email,212187.0,AMOUNT_MISMATCH,PENDING,TXN00003973,2121.87,False,2121.87,VALID_POSITIVE
CBK0000433,TXN46623,USR-96958,MCH2105,2026-03-03 11:55:57,05/03/2026 12:55 PM,"Rs. 6,432",suspicious transaction,User claims account was compromised before transaction.,OPEN,,P2,CHATBOT,6432.0,FRAUD,OPEN,TXN46623,6432.0,False,6432.0,VALID_POSITIVE
CBK0001685,TXN00009635,USR26009,MCH-8203,2026-01-29 11:05:25,13/02/2026,"₹1,538.91",double debit,USER REPORTS MONEY DEDUCTED BUT MERCHANT DENIES RECEIVING PAYMENT.,Pending Bank,13-Feb-2026,Low,CHATBOT,153891.0,DUPLICATE_DEBIT,PENDING,TXN00009635,1538.91,False,1538.91,VALID_POSITIVE
CBK0001581,TXN96928,USR33856,MCH8779,06-Jan-2026,2026-01-08 02:03:43,2456.94,dispute raised,Payment made to unknown merchant as per customer statement.,IN_PROGRESS,20/01/2026,L,Call Center,245694.0,CUSTOMER_DISPUTE,IN_PROGRESS,TXN96928,2456.94,False,2456.94,VALID_POSITIVE
CBK0002730,TXN00004070,USR84719,MCH4590,15-Feb-2026,16/02/2026,"3,047.23",Account Takeover,Complaint received after multiple failed attempts.,PENDING_BANK,26-Feb-2026,P3,CHATBOT,304723.0,ACCOUNT_TAKEOVER,PENDING,TXN00004070,3047.23,False,3047.23,VALID_POSITIVE
CBK0000523,TXN00014885,USR52281,MCH1833,16-Jan-2026,01-26-2026,Rs. 573,dispute raised,Complaint received after multiple failed attempts.,WIP,10-Feb-2026,H,CHATBOT,573.0,CUSTOMER_DISPUTE,IN_PROGRESS,TXN00014885,573.0,False,573.0,VALID_POSITIVE
CBK0000301,TXN00016908,usr_68915,MCH4590,,03-26-2026,2938.45,Account Takeover,Payment made to unknown merchant as per customer statement.,IN_PROGRESS,2026-03-29 02:20:18,LOW,App,293845.0,ACCOUNT_TAKEOVER,IN_PROGRESS,TXN00016908,2938.45,False,2938.45,VALID_POSITIVE
CBK0000742,TXN00007076,USR36630,MCH5264,26-Feb-2026,28/02/2026,₹533.33,service failed,Customer complaint text unclear due to poor call center notes.,PENDING_BANK,2026-03-23 11:58:36,M,App,53333.0,SERVICE_ISSUE,PENDING,TXN00007076,533.33,False,533.33,VALID_POSITIVE
CBK0002215,TXN00007143,USR62254,mch6359,,29/01/2026,-2415.01,dispute raised,Customer complaint text unclear due to poor call center notes.,Pending Bank,02-28-2026,Medium,App,-241501.0,CUSTOMER_DISPUTE,PENDING,TXN00007143,-2415.01,True,,NEGATIVE_INVALID
CBK0000062,TXN00012210,usr39698,MCH5302,2026-01-22 10:10:40,01-25-2026,"₹1,467.32",extra amount deducted,Customer says amount was debited twice.,CLOSED,,P2,ivr,146732.0,AMOUNT_MISMATCH,CLOSED,TXN00012210,1467.32,False,1467.32,VALID_POSITIVE
CBK0002222,TXN00017740,USR92520,MCH5264,18/02/2026 05:42 PM,19/02/2026 04:42 AM,"Rs. 2,328",service failed,User claims account was compromised before transaction.,IN_PROGRESS,1771562556,P3,CHATBOT,2328.0,SERVICE_ISSUE,IN_PROGRESS,TXN00017740,2328.0,False,2328.0,VALID_POSITIVE
CBK0001068,TXN00011141,usr_85237,MCH 9377,1768336793,14/01/2026,"₹1,466.29",Merchant Not Delivered,user says upi pin was not entered by them.,CLOSED,26-Jan-2026,P3,IVR,146629.0,DELIVERY_ISSUE,CLOSED,TXN00011141,1466.29,False,1466.29,VALID_POSITIVE
CBK0000903,TXN00009145,usr_87189,MCH8391,01-14-2026,2026/01/14,"1,922.11",Unauthorized Transaction,Customer says transaction was not authorized.,In Progress,2026-01-19 18:38:44,P4,ivr,192211.0,UNAUTHORIZED_TRANSACTION,IN_PROGRESS,TXN00009145,1922.11,False,1922.11,VALID_POSITIVE
CBK0001360,TXN00018073,USR38459,MCH1267,1768628610,2026/01/18,171.37,Service Not Provided,User claims account was compromised before transaction.,PENDING_BANK,01-30-2026,L,Call Center,17137.0,SERVICE_ISSUE,PENDING,TXN00018073,171.37,False,171.37,VALID_POSITIVE
CBK0002773,TXN00003172,usr_63475,MCH 3441,09-Feb-2026,11-Feb-2026,-3809.65,Wrong Amount,User reports money deducted but merchant denies receiving payment.,OPEN,2026/03/03,LOW,CHATBOT,-380965.0,AMOUNT_MISMATCH,OPEN,TXN00003172,-3809.65,True,,NEGATIVE_INVALID
CBK0001595,TXN00019657,USR11057,MCH7114,1773104424,20/03/2026 02:00 PM,"Rs. 18,735",customer issue,Merchant service was not delivered after payment.,CLOSED,04-13-2026,P3,App,18735.0,CUSTOMER_DISPUTE,CLOSED,TXN00019657,18735.0,False,18735.0,VALID_POSITIVE
CBK0001556,TXN00003293,USR34180,MCH4663,09/03/2026 09:48 PM,,"Rs. 2,045",Duplicate Debit,User reports money deducted but merchant denies receiving payment.,Resolved,2026/03/22,Medium,Email,2045.0,DUPLICATE_DEBIT,RESOLVED,TXN00003293,2045.0,False,2045.0,VALID_POSITIVE
CBK0001298,TXN00007668,USR64776,MCH6492,13/02/2026,16-Feb-2026,872.83,account hacked,Complaint received after multiple failed attempts.,REJECTED,02/03/2026,L,IVR,87283.0,ACCOUNT_TAKEOVER,REJECTED,TXN00007668,872.83,False,872.83,VALID_POSITIVE
CBK0002671,TXN00018559,USR95364,MCH-3979,02-16-2026,1771295230,"Rs. 9,404",ATO,User says UPI PIN was not entered by them.,REJECTED,1773455230,L,Call Center,9404.0,ACCOUNT_TAKEOVER,REJECTED,TXN00018559,9404.0,False,9404.0,VALID_POSITIVE
CBK0000319,,usr75218,MCH7937,23/03/2026 07:09 PM,25-Mar-2026,-659.11,Wrong Amount,USER REPORTS MONEY DEDUCTED BUT MERCHANT DENIES RECEIVING PAYMENT.,Rejected,2026/04/01,L,IVR,-65911.0,AMOUNT_MISMATCH,REJECTED,,-659.11,True,,NEGATIVE_INVALID
CBK0000794,TXN00013962,USR28913,mch9984,12/01/2026 10:51 AM,2026/01/28,"Rs. 1,826",not delivered,User claims account was compromised before transaction.,Closed,,P3,Email,1826.0,DELIVERY_ISSUE,CLOSED,TXN00013962,1826.0,False,1826.0,VALID_POSITIVE
CBK0000484,TXN00005084,USR-96003,MCH8682,2026-03-06 05:20:24,03-08-2026,12351.07,merchant service issue,Customer says amount was debited twice.,Pending Bank,2026-03-30 23:20:24,LOW,IVR,1235107.0,SERVICE_ISSUE,PENDING,TXN00005084,12351.07,False,12351.07,VALID_POSITIVE
CBK0002284,TXN00019560,USR71503,MCH7874,2026-01-17 12:10:09,19-Jan-2026,"₹4,923.10",not delivered,Complaint received after multiple failed attempts.,WIP,05-Feb-2026,Critical,App,492310.0,DELIVERY_ISSUE,IN_PROGRESS,TXN00019560,4923.1,False,4923.1,VALID_POSITIVE
CBK0001920,TXN00011275,USR18736,MCH4473,21-Feb-2026,02-17-2026,10469.69,ATO,User claims account was compromised before txn.,WIP,23/02/2026 12:13 PM,P2,App,1046969.0,ACCOUNT_TAKEOVER,IN_PROGRESS,TXN00011275,10469.69,False,10469.69,VALID_POSITIVE
CBK0000338,TXN00014545,USR52948,MCH 4069,28/02/2026,03-06-2026,1623.27,customer issue,CUSTOMER SAYS AMOUNT WAS DEBITED TWICE.,Closed,,CRIT,chatbot,162327.0,CUSTOMER_DISPUTE,CLOSED,TXN00014545,1623.27,False,1623.27,VALID_POSITIVE
CBK0002530,TXN00008558,USR71564,4848,01-29-2026,1769927324,1053.3,unauthorized_transaction,User says UPI PIN was not entered by them. call dropped,CLOSED,2026-02-17 06:28:44,P2,ivr,10533.0,UNAUTHORIZED_TRANSACTION,CLOSED,TXN00008558,1053.3,False,1053.3,VALID_POSITIVE
CBK0002211,TXN00013107,USR37685,MCH-8309,2026-01-17 04:52:50,2026/01/18,"2,345.09",DUP_DEBIT,Customer complaint text unclear due to poor call center notes.,In Progress,2026/01/24,High,IVR,234509.0,DUPLICATE_DEBIT,IN_PROGRESS,TXN00013107,2345.09,False,2345.09,VALID_POSITIVE
CBK0000646,TXN00018578,USR49324,MCH3174,2026-03-01 01:31:22,03-02-2026,"Rs. 4,970",ATO,User says UPI PIN was not entered by them.,IN_PROGRESS,2026/03/11,MEDIUM,CHATBOT,4970.0,ACCOUNT_TAKEOVER,IN_PROGRESS,TXN00018578,4970.0,False,4970.0,VALID_POSITIVE
CBK0002328,txn-00016836,usr_20310,MCH6341,12/02/2026 04:33 PM,14/02/2026,,Duplicate Debit,Customer says transaction was not authorized.,In Progress,,MEDIUM,App,,DUPLICATE_DEBIT,IN_PROGRESS,TXN-00016836,,False,,MISSING
CBK0001817,TXN00010816,USR54649,MCH5999,2026/01/20,21/01/2026,"INR 1,622.49",dispute raised,Customer complaint text unclear due to poor call center notes.,WIP,27/01/2026,CRIT,CHATBOT,162249.0,CUSTOMER_DISPUTE,IN_PROGRESS,TXN00010816,1622.49,False,1622.49,VALID_POSITIVE
CBK0000700,TXN00001244,USR 88147,MCH-2972,13/02/2026,31-Mar-2026,"INR 1,404.94",service failed,User claims account was compromised before transaction.,WIP,04-04-2026,M,CHATBOT,140494.0,SERVICE_ISSUE,IN_PROGRESS,TXN00001244,1404.94,False,1404.94,VALID_POSITIVE
CBK0000223,TXN00005582,USR-74418,mch4130,1771513400,,"16,352.81",scam,User claims account was compromised before transaction.,RESOLVED,2026-02-25 03:03:20,P2,Call Center,1635281.0,FRAUD,RESOLVED,TXN00005582,16352.81,False,16352.81,VALID_POSITIVE
CBK0000775,TXN00004439,USR27107,mch7732,21/01/2026,01-24-2026,"INR 1,706.04",Merchant Not Delivered,Merchant service was not delivered after payment.,Rejected,,P2,IVR,170604.0,DELIVERY_ISSUE,REJECTED,TXN00004439,1706.04,False,1706.04,VALID_POSITIVE
CBK0000625,TXN00000101,USR93581,MCH-5578,16-Feb-2026,2026/02/19,703.07,Merchant Not Delivered,Customer says transaction was not authorized.,Resolved,,Critical,App,70307.0,DELIVERY_ISSUE,RESOLVED,TXN00000101,703.07,False,703.07,VALID_POSITIVE
CBK0001883,TXN00014046,USR51538,MCH5600,18-Mar-2026,1774012038,"₹4,405.58",merchant service issue,User says UPI PIN was not entered by them.,Pending Bank,25/03/2026,Low,App,440558.0,SERVICE_ISSUE,PENDING,TXN00014046,4405.58,False,4405.58,VALID_POSITIVE
CBK0000292,,USR21921,MCH4375,2026-03-15 21:06:18,2026/03/21,,incorrect amount,Complaint received after multiple failed attempts. details missing,In Progress,27/03/2026,Low,Branch,,AMOUNT_MISMATCH,IN_PROGRESS,,,False,,MISSING
CBK0001167,TXN00007185,USR30821,MCH4473,2026/03/14,03-15-2026,,unauthorized_transaction,Customer says amount was debited twice.,CLOSED,2026-03-28 06:08:16,MEDIUM,ivr,,UNAUTHORIZED_TRANSACTION,CLOSED,TXN00007185,,False,,MISSING
CBK0001821,TXN00015418,USR40538,MCH3027,02-09-2026,2026-02-07 19:59:09,-2520.29,extra amount deducted,Payment made to unknown merchant as per customer statement.,PENDING_BANK,,M,ivr,-252029.0,AMOUNT_MISMATCH,PENDING,TXN00015418,-2520.29,True,,NEGATIVE_INVALID
CBK0001959,TXN00011213,USR 97266,MCH-6311,2026-03-23 11:07:04,,1071.93,Account Takeover,Customer complaint text unclear due to poor call center notes.,RESOLVED,,LOW,Email,107193.0,ACCOUNT_TAKEOVER,RESOLVED,TXN00011213,1071.93,False,1071.93,VALID_POSITIVE
CBK0001011,TXN00016394,USR71985,MCH8514,1771910721,2026-03-11 17:25:21,,no service,User reports money deducted but merchant denies receiving payment.,OPEN,,High,CHATBOT,,SERVICE_ISSUE,OPEN,TXN00016394,,False,,MISSING
CBK0001468,TXN00016367,USR57411,MCH5305,1773309811,11/03/2026,"6,490.82",Customer Dispute,Payment made to unknown merchant as per customer statement.,In Progress,,P3,Email,649082.0,CUSTOMER_DISPUTE,IN_PROGRESS,TXN00016367,6490.82,False,6490.82,VALID_POSITIVE
CBK0002451,TXN00008228,USR86411,MCH8154,13/01/2026 05:23 AM,2026/01/18,-443.81,unauth txn,customer complaint text unclear due to poor call center notes.,RESOLVED,29/01/2026 09:23 AM,Low,Email,-44381.0,UNAUTHORIZED_TRANSACTION,RESOLVED,TXN00008228,-443.81,True,,NEGATIVE_INVALID
CBK0000026,TXN00001919,USR 39089,MCH 5042,03-03-2026,03-05-2026,1859.77,no service,Complaint received after multiple failed attempts.,Rejected,1774652175,Low,IVR,185977.0,SERVICE_ISSUE,REJECTED,TXN00001919,1859.77,False,1859.77,VALID_POSITIVE
CBK0002558,TXN00011898,USR64312,MCH7218,2026-01-14 19:22:13,01-18-2026,2771.91,DUP_DEBIT,Customer complaint text unclear due to poor call center notes.,REJECTED,04/02/2026,Low,Branch,277191.0,DUPLICATE_DEBIT,REJECTED,TXN00011898,2771.91,False,2771.91,VALID_POSITIVE
CBK0001307,TXN00008095,USR42956,MCH9637,2026-03-11 05:18:57,2026-03-15 03:18:57,,customer issue,User claims account was compromised before transaction.,In Progress,26-Mar-2026,High,Branch,,CUSTOMER_DISPUTE,IN_PROGRESS,TXN00008095,,False,,MISSING
CBK0001225,TXN00015094,USR 34566,mch5674,03-Mar-2026,03-05-2026,"12,640.85",double debit,Customer complaint text unclear due to poor call center notes.,PENDING_BANK,,LOW,App,1264085.0,DUPLICATE_DEBIT,PENDING,TXN00015094,12640.85,False,12640.85,VALID_POSITIVE
CBK0000822,TXN00005564,USR76792,mch6388,2026/03/15,16/03/2026 02:35 AM,1858.07,not delivered,Customer says amount was debited twice.,Pending Bank,08/04/2026 02:35 AM,Medium,ivr,185807.0,DELIVERY_ISSUE,PENDING,TXN00005564,1858.07,False,1858.07,VALID_POSITIVE
CBK0000596,TXN00006654,USR-37722,MCH4208,02-Jan-2026,08/01/2026 05:27 PM,"Rs. 2,733",UNAUTHORISED,User reports money deducted but merchant denies receiving payment.,CLOSED,,L,chatbot,2733.0,UNAUTHORIZED_TRANSACTION,CLOSED,TXN00006654,2733.0,False,2733.0,VALID_POSITIVE
CBK0001259,TXN00012199,USR39404,MCH2849,2026/03/30,2026/04/06,Rs. 879,dispute raised,User claims account was compromised before transaction.,OPEN,13-Apr-2026,LOW,CHATBOT,879.0,CUSTOMER_DISPUTE,OPEN,TXN00012199,879.0,False,879.0,VALID_POSITIVE
CBK0001764,TXN00007180,usr97480,mch8142,2026/01/31,01/02/2026,671.37,service failed,User reports money deducted but merchant denies receiving payment.,PENDING_BANK,10-Feb-2026,P2,Email,67137.0,SERVICE_ISSUE,PENDING,TXN00007180,671.37,False,671.37,VALID_POSITIVE
CBK0002513,TXN00003753,USR-11110,mch5076,01-03-2026,2026-01-06 09:06:26,691.40,Customer Dispute,Suspicious high-value payment disputed by customer.,Pending Bank,29/01/2026 09:06 AM,MEDIUM,Call Center,69140.0,CUSTOMER_DISPUTE,PENDING,TXN00003753,691.4,False,691.4,VALID_POSITIVE
CBK0001370,TXN00017169,USR-14813,MCH6201,05/03/2026 07:45 AM,03-12-2026,696.63,amount mismatch,Complaint received after multiple failed attempts.,Rejected,14/03/2026 07:45 AM,LOW,Branch,69663.0,AMOUNT_MISMATCH,REJECTED,TXN00017169,696.63,False,696.63,VALID_POSITIVE
CBK0002247,TXN00013006,USR65627,MCH4411,1771544131,2026/02/21,-1637.49,FRAUD,User says UPI PIN was not entered by them.,Resolved,21-Mar-2026,M,App,-163749.0,FRAUD,RESOLVED,TXN00013006,-1637.49,True,,NEGATIVE_INVALID
CBK0000563,TXN00011206,USR 97772,7503,2026/02/17,2026-02-19 20:32:51,,charged twice,complaint received after multiple failed attempts.,REJECTED,2026/02/28,L,CHATBOT,,CHARGED TWICE,REJECTED,TXN00011206,,False,,MISSING
CBK0000347,TXN00015951,USR35882,MCH6839,01/03/2026,1772492232,INR 607.62,suspicious transaction,CUSTOMER SAYS AMOUNT WAS DEBITED TWICE.,PENDING_BANK,10-Mar-2026,P3,Call Center,60762.0,FRAUD,PENDING,TXN00015951,607.62,False,607.62,VALID_POSITIVE
CBK0002509,TXN00002022,USR-85958,MCH7739,,22/02/2026 04:14 PM,"₹7,834.45",not done by me,Merchant service was not delivered after payment.,RESOLVED,15/03/2026,High,Call Center,783445.0,UNAUTHORIZED_TRANSACTION,RESOLVED,TXN00002022,7834.45,False,7834.45,VALID_POSITIVE
CBK0002177,TXN00018087,USR 50619,MCH1160,01-07-2026,2026/01/15,2152.04,Service Not Provided,CUSTOMER SAYS TRANSACTION WAS NOT AUTHORIZED.,REJECTED,22-Jan-2026,LOW,Call Center,215204.0,SERVICE_ISSUE,REJECTED,TXN00018087,2152.04,False,2152.04,VALID_POSITIVE
CBK0001158,TXN00016429,USR80809,MCH9349,10/01/2026,12/01/2026 05:11 AM,₹276.59,Service Not Provided,Payment made to unknown merchant as per customer statement.,RESOLVED,2026-01-17 05:11:04,MEDIUM,Branch,27659.0,SERVICE_ISSUE,RESOLVED,TXN00016429,276.59,False,276.59,VALID_POSITIVE
CBK0000277,TXN00013423,usr88037,MCH4048,01-11-2026,2026-01-14 07:32:19,498.7,Service Not Provided,Customer says amount was debited twice.,Pending Bank,,Medium,App,4987.0,SERVICE_ISSUE,PENDING,TXN00013423,498.7,False,498.7,VALID_POSITIVE
CBK0001620,TXN00013592,USR47384,MCH-9347,,08-Feb-2026,1528.43,no service,User says UPI PIN was not entered by them.,CLOSED,27/02/2026 09:15 AM,LOW,App,152843.0,SERVICE_ISSUE,CLOSED,TXN00013592,1528.43,False,1528.43,VALID_POSITIVE
CBK0000264,TXN00012389,USR77084,MCH4475,2026-01-23 11:24:20,28/01/2026,1247.52,DUP_DEBIT,Customer complaint text unclear due to poor call center notes. call dropped,WIP,,L,Email,124752.0,DUPLICATE_DEBIT,IN_PROGRESS,TXN00012389,1247.52,False,1247.52,VALID_POSITIVE
CBK0000105,TXN00004321,USR 86889,mch1166,,2026/03/27,"INR 2,032.79",not delivered,Customer complaint text unclear due to poor call center notes.,OPEN,2026-04-01 06:28:32,P4,App,203279.0,DELIVERY_ISSUE,OPEN,TXN00004321,2032.79,False,2032.79,VALID_POSITIVE
CBK0001461,,USR21469,MCH3425,02-26-2026,28/02/2026 09:04 PM,"1,041.71",Account Takeover,User reports money deducted but merchant denies receiving payment.,IN_PROGRESS,24/03/2026,L,Branch,104171.0,ACCOUNT_TAKEOVER,IN_PROGRESS,,1041.71,False,1041.71,VALID_POSITIVE
CBK0000459,TXN00018065,USR75856,6850,11/02/2026 07:04 PM,1771077894,4568.57,FRAUD,merchant service was not delivered after payment.,OPEN,01/03/2026 02:04 PM,Low,ivr,456857.0,FRAUD,OPEN,TXN00018065,4568.57,False,4568.57,VALID_POSITIVE
CBK0001462,TXN00002045,USR-58805,MCH2842,02/03/2026,03-01-2026,3144.27,UNAUTHORISED,Suspicious high-value payment disputed by customer.,WIP,1774097123,MEDIUM,Email,314427.0,UNAUTHORIZED_TRANSACTION,IN_PROGRESS,TXN00002045,3144.27,False,3144.27,VALID_POSITIVE
CBK0002257,TXN41888,usr36095,MCH-2102,02-17-2026,,"INR 3,064.59",delivery issue,Customer says transaction was not authorized.,Rejected,15-Mar-2026,P2,Branch,306459.0,DELIVERY_ISSUE,REJECTED,TXN41888,3064.59,False,3064.59,VALID_POSITIVE
CBK0002657,TXN00017047,USR97927,MCH9426,01-26-2026,2026/02/05,"INR 1,731.53",FRAUD,Complaint received after multiple failed attempts.,IN_PROGRESS,04-Mar-2026,LOW,Call Center,173153.0,FRAUD,IN_PROGRESS,TXN00017047,1731.53,False,1731.53,VALID_POSITIVE
CBK0000483,,usr36499,mch5954,28/03/2026 04:40 PM,31/03/2026,"Rs. 2,047",item not received,User reports money deducted but merchant denies receiving payment.,PENDING_BANK,19/04/2026 03:40 PM,L,App,2047.0,DELIVERY_ISSUE,PENDING,,2047.0,False,2047.0,VALID_POSITIVE
CBK0001914,TXN00009715,USR93782,MCH5614,12-Feb-2026,1770953121,"Rs. 1,483",Fraud Suspected,Suspicious high-value payment disputed by customer.,OPEN,24/02/2026,CRIT,App,1483.0,FRAUD,OPEN,TXN00009715,1483.0,False,1483.0,VALID_POSITIVE
CBK0002052,TXN00019589,USR55253,MCH4612,03-16-2026,17/03/2026,"Rs. 2,150",customer issue,user says upi pin was not entered by them.,Resolved,,P2,Email,2150.0,CUSTOMER_DISPUTE,RESOLVED,TXN00019589,2150.0,False,2150.0,VALID_POSITIVE
CBK0002592,TXN00003766,USR79094,MCH8315,1768658080,2026/01/21,587.08,login compromised,Suspicious high-value payment disputed by customer.,PENDING_BANK,28/01/2026,MEDIUM,Email,58708.0,ACCOUNT_TAKEOVER,PENDING,TXN00003766,587.08,False,587.08,VALID_POSITIVE
CBK0001281,TXN00018888,76747,mch3704,,17-Apr-2026,,amount mismatch,User reports money deducted but merchant denies receiving payment.,REJECTED,1777876077,M,ivr,,AMOUNT_MISMATCH,REJECTED,TXN00018888,,False,,MISSING
CBK0001484,TXN00014252,USR 18345,MCH7982,15-Mar-2026,03-10-2026,-5943.18,customer issue,Payment made to unknown merchant as per customer statement.,OPEN,,CRIT,App,-594318.0,CUSTOMER_DISPUTE,OPEN,TXN00014252,-5943.18,True,,NEGATIVE_INVALID
CBK0001969,TXN00002091,USR88037,MCH7819,2026/03/21,2026-03-29 07:59:18,497.48,login compromised,Payment made to unknown merchant as per customer statement.,REJECTED,,P2,ivr,49748.0,ACCOUNT_TAKEOVER,REJECTED,TXN00002091,497.48,False,497.48,VALID_POSITIVE
CBK0000333,TXN00009429,USR43447,MCH-6659,06/03/2026 05:06 AM,2026-03-13 17:06:24,"1,275.75",merchant service issue,Complaint received after multiple failed attempts.,IN_PROGRESS,2026/03/30,P4,App,127575.0,SERVICE_ISSUE,IN_PROGRESS,TXN00009429,1275.75,False,1275.75,VALID_POSITIVE
CBK0001285,txn-00011614,USR22620,MCH8730,2026-01-25 15:04:08,26-Jan-2026,459.43,double debit,Customer says amount was debited twice.,Resolved,2026/02/13,MEDIUM,CHATBOT,45943.0,DUPLICATE_DEBIT,RESOLVED,TXN-00011614,459.43,False,459.43,VALID_POSITIVE
CBK0001834,TXN00009538,93486,1097,25/03/2026 11:42 PM,2026/03/28,"Rs. 1,124",scam,Merchant service was not delivered after payment. call dropped,Closed,04-12-2026,M,Email,1124.0,FRAUD,CLOSED,TXN00009538,1124.0,False,1124.0,VALID_POSITIVE
CBK0000834,TXN00006801,USR60701,MCH8625,1767544824,19-Jan-2026,-1623.25,DUP_DEBIT,CUSTOMER SAYS AMOUNT WAS DEBITED TWICE.,Closed,,HIGH,ivr,-162325.0,DUPLICATE_DEBIT,CLOSED,TXN00006801,-1623.25,True,,NEGATIVE_INVALID
CBK0001644,TXN00015953,USR99110,MCH2723,,2026/03/20,,Merchant Not Delivered,Merchant service was not delivered after payment.,REJECTED,1774958412,P4,chatbot,,DELIVERY_ISSUE,REJECTED,TXN00015953,,False,,MISSING
CBK0002357,TXN00009106,USR64172,MCH7722,03-05-2026,2026-03-09 07:38:31,"Rs. 1,104",ATO,Merchant service was not delivered after payment.,REJECTED,2026-04-05 07:38:31,P3,CHATBOT,1104.0,ACCOUNT_TAKEOVER,REJECTED,TXN00009106,1104.0,False,1104.0,VALID_POSITIVE
CBK0001454,TXN00011270,USR25463,MCH7713,2026-01-12 23:29:29,12/02/2026,"Rs. 2,315",account hacked,Complaint received after multiple failed attempts.,Pending Bank,14-Mar-2026,MEDIUM,IVR,2315.0,ACCOUNT_TAKEOVER,PENDING,TXN00011270,2315.0,False,2315.0,VALID_POSITIVE
CBK0002467,TXN00018324,USR12011,MCH-6969,1773023331,11/03/2026,"₹1,624.65",amount mismatch,Customer says amount was debited twice.,IN_PROGRESS,,LOW,Call Center,162465.0,AMOUNT_MISMATCH,IN_PROGRESS,TXN00018324,1624.65,False,1624.65,VALID_POSITIVE
CBK0001570,TXN00015345,usr_50434,MCH4720,1773466606,21/03/2026 01:36 PM,891.13,not done by me,Payment made to unknown merchant as per customer statement.,RESOLVED,,P4,Branch,89113.0,UNAUTHORIZED_TRANSACTION,RESOLVED,TXN00015345,891.13,False,891.13,VALID_POSITIVE
CBK0000899,TXN00019564,USR-29187,MCH8779,19/03/2026,2026/03/20,17075.88,charged twice,user reports money deducted but merchant denies receiving payment.,In Progress,1775290717,P4,Email,1707588.0,CHARGED TWICE,IN_PROGRESS,TXN00019564,17075.88,False,17075.88,VALID_POSITIVE
CBK0001181,TXN00009419,USR 39500,MCH-9291,06/03/2026 03:17 PM,2026/04/21,"₹16,164.46",item not received,Complaint received after multiple failed attempts.,In Progress,,Low,ivr,1616446.0,DELIVERY_ISSUE,IN_PROGRESS,TXN00009419,16164.46,False,16164.46,VALID_POSITIVE
CBK0002788,TXN00007182,usr38163,MCH-5980,2026/03/11,13/03/2026 01:58 AM,7942.83,complaint,Customer says transaction was not authorized.,WIP,2026/03/24,LOW,Branch,794283.0,CUSTOMER_DISPUTE,IN_PROGRESS,TXN00007182,7942.83,False,7942.83,VALID_POSITIVE
CBK0000419,TXN00018842,61484,MCH 8719,13/03/2026 04:46 PM,29/03/2026 08:46 AM,"INR 1,397.32",Wrong Amount,Payment made to unknown merchant as per customer statement.,CLOSED,,Medium,Email,139732.0,AMOUNT_MISMATCH,CLOSED,TXN00018842,1397.32,False,1397.32,VALID_POSITIVE
CBK0001389,TXN00013530,usr_54156,MCH6601,2026-01-09 13:45:32,15-Jan-2026,11913.51,Duplicate Debit,Customer says transaction was not authorized.,In Progress,,L,IVR,1191351.0,DUPLICATE_DEBIT,IN_PROGRESS,TXN00013530,11913.51,False,11913.51,VALID_POSITIVE
CBK0000747,TXN00015384,USR-91399,MCH3815,21/02/2026,1772609222,452.46,dispute raised,user claims account was compromised before transaction.,CLOSED,,L,chatbot,45246.0,CUSTOMER_DISPUTE,CLOSED,TXN00015384,452.46,False,452.46,VALID_POSITIVE
CBK0002757,txn-00002386,usr65855,MCH2446,2026-01-07 14:37:01,2026-01-03 14:37:01,4215.68,service failed,Customer says amount was debited twice.,PENDING_BANK,,P4,Call Center,421568.0,SERVICE_ISSUE,PENDING,TXN-00002386,4215.68,False,4215.68,VALID_POSITIVE
CBK0000332,TXN00005378,USR88270,MCH4590,03-31-2026,2026-05-16 14:52:28,1274.1,Service Not Provided,Complaint received after multiple failed attempts.,OPEN,2026-05-16 14:52:28,Medium,Call Center,12741.0,SERVICE_ISSUE,OPEN,TXN00005378,1274.1,False,1274.1,VALID_POSITIVE
CBK0002051,TXN00008348,usr53527,MCH 2721,,2026/01/25,7413.72,Duplicate Debit,User claims account was compromised before transaction.,REJECTED,23/02/2026 11:19 PM,P1,Email,741372.0,DUPLICATE_DEBIT,REJECTED,TXN00008348,7413.72,False,7413.72,VALID_POSITIVE
CBK0002634,TXN00017469,USR67399,MCH4047,04/02/2026,2026/02/05,1016.01,amount mismatch,User reports money deducted but merchant denies receiving payment.,REJECTED,02-20-2026,Low,IVR,101601.0,AMOUNT_MISMATCH,REJECTED,TXN00017469,1016.01,False,1016.01,VALID_POSITIVE
CBK0000497,TXN00001489,USR78501,MCH8779,1774191147,07/05/2026 01:52 AM,6345.72,not delivered,Merchant service was not delivered after payment.,RESOLVED,2026/05/19,HIGH,App,634572.0,DELIVERY_ISSUE,RESOLVED,TXN00001489,6345.72,False,6345.72,VALID_POSITIVE
CBK0001504,TXN58280,USR46847,MCH9988,,31/01/2026,INR 834.87,charged twice,User says UPI PIN was not entered by them.,OPEN,09/02/2026 10:09 PM,MEDIUM,Branch,83487.0,CHARGED TWICE,OPEN,TXN58280,834.87,False,834.87,VALID_POSITIVE
CBK0000746,TXN00006761,USR 27533,MCH9632,01-09-2026,2026/01/16,"INR 1,870.83",DUP_DEBIT,CUSTOMER COMPLAINT TEXT UNCLEAR DUE TO POOR CALL CENTER NOTES.,Open,2026-01-25 23:15:33,Medium,CHATBOT,187083.0,DUPLICATE_DEBIT,OPEN,TXN00006761,1870.83,False,1870.83,VALID_POSITIVE
CBK0000073,TXN00007186,USR55692,mch9079,2026-02-14 01:49:22,21/02/2026,7193.48,incorrect amount,Customer says amount was debited twice.,REJECTED,21/02/2026,M,Email,719348.0,AMOUNT_MISMATCH,REJECTED,TXN00007186,7193.48,False,7193.48,VALID_POSITIVE
CBK0001239,,USR43165,MCH9882,,28-Feb-2026,"8,059.65",extra amount deducted,Customer says amount was debited twice.,REJECTED,28-Feb-2026,Medium,App,805965.0,AMOUNT_MISMATCH,REJECTED,,8059.65,False,8059.65,VALID_POSITIVE
CBK0000454,TXN00010362,USR13559,MCH3717,02-01-2026,04/02/2026,721.17,DUP_DEBIT,Payment made to unknown merchant as per customer statement.,OPEN,2026/02/10,P3,chatbot,72117.0,DUPLICATE_DEBIT,OPEN,TXN00010362,721.17,False,721.17,VALID_POSITIVE
CBK0000202,TXN00003879,USR22628,MCH4977,14/01/2026,20-Jan-2026,-2999.94,double debit,CUSTOMER SAYS TRANSACTION WAS NOT AUTHORIZED.,PENDING_BANK,05-Feb-2026,L,IVR,-299994.0,DUPLICATE_DEBIT,PENDING,TXN00003879,-2999.94,True,,NEGATIVE_INVALID
CBK0000384,TXN00007704,USR-74500,MCH-5267,2026/02/07,09-Feb-2026,"Rs. 1,568",amount mismatch,Customer says amount was debited twice.,CLOSED,,Low,CHATBOT,1568.0,AMOUNT_MISMATCH,CLOSED,TXN00007704,1568.0,False,1568.0,VALID_POSITIVE
CBK0002015,TXN00003845,USR71348,mch6074,20-Jan-2026,23/01/2026,"Rs. 2,182",account hacked,Customer says amount was debited twice.,Resolved,2026-02-18 00:40:34,HIGH,CHATBOT,2182.0,ACCOUNT_TAKEOVER,RESOLVED,TXN00003845,2182.0,False,2182.0,VALID_POSITIVE
CBK0002359,TXN00004169,USR59679,MCH4473,03/01/2026 08:56 AM,08-Jan-2026,"₹13,744.99",fraud,Customer complaint text unclear due to poor call center notes.,Closed,2026-01-16 14:56:06,Critical,Email,1374499.0,FRAUD,CLOSED,TXN00004169,13744.99,False,13744.99,VALID_POSITIVE
CBK0001364,TXN00018217,USR92659,MCH6674,,,1300.73,Customer Dispute,User claims account was compromised before transaction.,Pending Bank,06-Jan-2026,High,chatbot,130073.0,CUSTOMER_DISPUTE,PENDING,TXN00018217,1300.73,False,1300.73,VALID_POSITIVE
CBK0002379,TXN00008645,USR-61509,MCH1914,27/03/2026,2026/03/29,-3501.28,account hacked,Complaint received after multiple failed attempts.,Rejected,,M,ivr,-350128.0,ACCOUNT_TAKEOVER,REJECTED,TXN00008645,-3501.28,True,,NEGATIVE_INVALID
CBK0000039,TXN00010340,USR89475,MCH2478,07/01/2026 12:28 PM,01-12-2026,"Rs. 8,382",not done by me,Payment made to unknown merchant as per customer statement.,In Progress,31-Jan-2026,M,chatbot,8382.0,UNAUTHORIZED_TRANSACTION,IN_PROGRESS,TXN00010340,8382.0,False,8382.0,VALID_POSITIVE
CBK0002254,TXN00016982,USR48692,MCH4326,08/01/2026,01-10-2026,662.25,suspicious transaction,User says UPI PIN was not entered by them.,OPEN,2026-01-27 22:58:49,P3,App,66225.0,FRAUD,OPEN,TXN00016982,662.25,False,662.25,VALID_POSITIVE
CBK0000443,TXN00003234,USR48070,MCH7286,2026/02/25,26/02/2026,8014.91,scam,Suspicious high-value payment disputed by customer.,REJECTED,21-Mar-2026,P2,IVR,801491.0,FRAUD,REJECTED,TXN00003234,8014.91,False,8014.91,VALID_POSITIVE
CBK0001214,TXN84117,USR58335,MCH8999,06-Feb-2026,1770845787,3956.74,delivery issue,user reports money deducted but merchant denies receiving payment.,Closed,27-Feb-2026,High,Branch,395674.0,DELIVERY_ISSUE,CLOSED,TXN84117,3956.74,False,3956.74,VALID_POSITIVE
CBK0002038,TXN00005021,USR23918,MCH-2822,15/02/2026 01:06 AM,1771304817,7640.62,not delivered,Customer says transaction was not authorized.,RESOLVED,03-01-2026,LOW,Email,764062.0,DELIVERY_ISSUE,RESOLVED,TXN00005021,7640.62,False,7640.62,VALID_POSITIVE
CBK0000298,TXN00003788,USR 83977,MCH4437,2026-02-03 23:13:39,05/02/2026 03:13 AM,"INR 5,092.34",merchant service issue,Merchant service was not delivered after payment.,Pending Bank,02-24-2026,L,CHATBOT,509234.0,SERVICE_ISSUE,PENDING,TXN00003788,5092.34,False,5092.34,VALID_POSITIVE
CBK0001464,TXN32619,USR-22277,MCH4473,02/01/2026,05/01/2026 07:21 PM,2826.04,item not received,User claims account was compromised before transaction.,RESOLVED,2026/01/30,M,Email,282604.0,DELIVERY_ISSUE,RESOLVED,TXN32619,2826.04,False,2826.04,VALID_POSITIVE
CBK0001736,TXN00006569,USR-82594,MCH5200,07-Mar-2026,03-09-2026,"3,352.04",merchant service issue,Merchant service was not delivered after payment. details missing,RESOLVED,,High,App,335204.0,SERVICE_ISSUE,RESOLVED,TXN00006569,3352.04,False,3352.04,VALID_POSITIVE
CBK0000761,TXN00001654,USR73010,MCH6154,02-05-2026,2026-02-08 03:55:59,11920.81,fraud,Suspicious high-value payment disputed by cust.,PENDING_BANK,10/02/2026,L,ivr,1192081.0,FRAUD,PENDING,TXN00001654,11920.81,False,11920.81,VALID_POSITIVE
CBK0002190,TXN74121,USR68897,MCH4316,2026-03-13 12:21:29,2026/03/19,1678.99,not done by me,Customer says transaction was not authorized.,Pending Bank,2026/03/26,M,chatbot,167899.0,UNAUTHORIZED_TRANSACTION,PENDING,TXN74121,1678.99,False,1678.99,VALID_POSITIVE
CBK0001234,TXN00011425,USR 22130,MCH7915,07/02/2026 06:14 AM,07-Feb-2026,-3369.42,FRAUD,customer says transaction was not authorized.,OPEN,2026/03/01,MEDIUM,ivr,-336942.0,FRAUD,OPEN,TXN00011425,-3369.42,True,,NEGATIVE_INVALID
CBK0000307,TXN00010177,usr_34955,MCH8749,22/02/2026,2026-02-23 16:33:27,690.45,Wrong Amount,customer complaint text unclear due to poor call center notes.,Open,2026-03-23 16:33:27,High,ivr,69045.0,AMOUNT_MISMATCH,OPEN,TXN00010177,690.45,False,690.45,VALID_POSITIVE
CBK0000368,TXN00005138,USR72854,MCH3135,03-Mar-2026,08/03/2026 06:14 PM,"₹1,597.23",service failed,Customer says amount was debited twice.,Pending Bank,19/03/2026 06:14 PM,P3,chatbot,159723.0,SERVICE_ISSUE,PENDING,TXN00005138,1597.23,False,1597.23,VALID_POSITIVE
CBK0001276,TXN00003403,USR85655,MCH1234,14-Mar-2026,13/03/2026,,Customer Dispute,Merchant service was not delivered after payment.,Open,,P3,Call Center,,CUSTOMER_DISPUTE,OPEN,TXN00003403,,False,,MISSING
CBK0002659,TXN00003213,USR 61306,MCH7286,03-25-2026,28/03/2026,1246.38,amount mismatch,Customer says transaction was not authorized.,Open,2026/04/13,H,ivr,124638.0,AMOUNT_MISMATCH,OPEN,TXN00003213,1246.38,False,1246.38,VALID_POSITIVE
CBK0000061,TXN00010949,usr32546,MCH9169,01-06-2026,07/01/2026 06:45 AM,"₹2,673.31",no service,User says UPI PIN was not entered by them. call dropped,CLOSED,12-Jan-2026,M,App,267331.0,SERVICE_ISSUE,CLOSED,TXN00010949,2673.31,False,2673.31,VALID_POSITIVE
CBK0000987,TXN00003201,USR35236,mch3555,2026-02-03 15:38:55,05/03/2026 11:38 PM,₹993.95,Unauthorized Transaction,Suspicious high-value payment disputed by customer. pls check asap,Rejected,,L,CHATBOT,99395.0,UNAUTHORIZED_TRANSACTION,REJECTED,TXN00003201,993.95,False,993.95,VALID_POSITIVE
CBK0001927,TXN00011359,USR71316,MCH5954,14/03/2026,2026-03-22 14:50:33,"INR 6,170.83",ATO,Customer says amount was debited twice.,CLOSED,2026-04-09 14:50:33,M,chatbot,617083.0,ACCOUNT_TAKEOVER,CLOSED,TXN00011359,6170.83,False,6170.83,VALID_POSITIVE
CBK0001093,,USR43765,9369,2026-02-20 06:25:08,2026/02/21,"1,407.25",Wrong Amount,Customer says transaction was not authorized.,Open,19/03/2026,MEDIUM,ivr,140725.0,AMOUNT_MISMATCH,OPEN,,1407.25,False,1407.25,VALID_POSITIVE
CBK0000217,TXN00010428,usr35582,MCH8391,,2026/03/17,"INR 2,580.03",suspicious transaction,User claims account was compromised before transaction.,Pending Bank,,High,Email,258003.0,FRAUD,PENDING,TXN00010428,2580.03,False,2580.03,VALID_POSITIVE
CBK0000902,TXN00019180,usr18416,mch3100,02-28-2026,1772611357,Rs. 163,Service Not Provided,Complaint received after multiple failed attempts.,Pending Bank,,P2,Branch,163.0,SERVICE_ISSUE,PENDING,TXN00019180,163.0,False,163.0,VALID_POSITIVE
CBK0000652,TXN00015166,usr42412,MCH2811,06/01/2026,09-Jan-2026,₹732.38,service failed,USER SAYS UPI PIN WAS NOT ENTERED BY THEM.,Open,01-26-2026,P2,ivr,73238.0,SERVICE_ISSUE,OPEN,TXN00015166,732.38,False,732.38,VALID_POSITIVE
CBK0001358,TXN00013107,USR31479,MCH 2757,2026-01-20 00:15:51,,"1,035.74",login compromised,Payment made to unknown merchant as per customer statement.,CLOSED,26-Feb-2026,Low,IVR,103574.0,ACCOUNT_TAKEOVER,CLOSED,TXN00013107,1035.74,False,1035.74,VALID_POSITIVE
CBK0001023,TXN00007154,USR60699,MCH6910,2026-01-24 02:08:45,29/01/2026 01:08 PM,"INR 3,092.99",DUP_DEBIT,User claims account was compromised before transaction.,REJECTED,,L,CHATBOT,309299.0,DUPLICATE_DEBIT,REJECTED,TXN00007154,3092.99,False,3092.99,VALID_POSITIVE
CBK0001630,TXN00011150,USR97781,MCH 4684,04/03/2026 09:59 PM,07/03/2026,"Rs. 3,344",Duplicate Debit,Customer says transaction was not authorized.,RESOLVED,,M,Call Center,3344.0,DUPLICATE_DEBIT,RESOLVED,TXN00011150,3344.0,False,3344.0,VALID_POSITIVE
CBK0002123,txn-00015926,USR-65059,MCH 5703,,1773325281,Rs. 851,Merchant Not Delivered,User claims account was compromised before transaction.,WIP,07-Apr-2026,MEDIUM,chatbot,851.0,DELIVERY_ISSUE,IN_PROGRESS,TXN-00015926,851.0,False,851.0,VALID_POSITIVE
CBK0000421,TXN00010803,USR72422,MCH2757,24/02/2026,27/02/2026,7913.77,suspicious transaction,Payment made to unknown merchant as per customer statement.,In Progress,,Medium,Branch,791377.0,FRAUD,IN_PROGRESS,TXN00010803,7913.77,False,7913.77,VALID_POSITIVE
CBK0002771,TXN00003740,usr_43341,4181,07-Feb-2026,08/02/2026 09:22 AM,"6,434.35",Customer Dispute,user says upi pin was not entered by them.,IN_PROGRESS,08/03/2026,P4,Branch,643435.0,CUSTOMER_DISPUTE,IN_PROGRESS,TXN00003740,6434.35,False,6434.35,VALID_POSITIVE
CBK0002424,TXN00002184,USR26661,MCH1213,02/01/2026 03:21 PM,,"3,019.75",fraud,Payment made to unknown merchant as per customer statement.,CLOSED,24/01/2026,Medium,Email,301975.0,FRAUD,CLOSED,TXN00002184,3019.75,False,3019.75,VALID_POSITIVE
CBK0000631,TXN00004185,usr_21843,MCH 5007,16/01/2026,,"INR 7,433.73",extra amount deducted,USER REPORTS MONEY DEDUCTED BUT MERCHANT DENIES RECEIVING PAYMENT.,Open,26-Jan-2026,Low,CHATBOT,743373.0,AMOUNT_MISMATCH,OPEN,TXN00004185,7433.73,False,7433.73,VALID_POSITIVE
CBK0001390,TXN00017748,USR66250,MCH1711,1772641203,1773948003,"Rs. 8,160",Account Takeover,User says UPI PIN was not entered by them.,Resolved,03-20-2026,L,App,8160.0,ACCOUNT_TAKEOVER,RESOLVED,TXN00017748,8160.0,False,8160.0,VALID_POSITIVE
CBK0002141,TXN00009768,USR20378,MCH9291,03-20-2026,1774891710,"Rs. 2,335",unauth txn,User says UPI PIN was not entered by them.,Open,2026/04/03,MEDIUM,App,2335.0,UNAUTHORIZED_TRANSACTION,OPEN,TXN00009768,2335.0,False,2335.0,VALID_POSITIVE
CBK0002126,TXN00010837,usr17697,MCH6219,2026-03-15 07:18:08,2026-03-16 11:18:08,3555.94,Wrong Amount,User reports money deducted but merchant denies receiving payment.,RESOLVED,,P4,CHATBOT,355594.0,AMOUNT_MISMATCH,RESOLVED,TXN00010837,3555.94,False,3555.94,VALID_POSITIVE
CBK0000494,TXN00017891,USR29919,MCH9291,2026-01-01 08:32:31,01-12-2026,"INR 3,343.99",Merchant Not Delivered,Merchant service was not delivered after payment.,Rejected,01-31-2026,CRIT,App,334399.0,DELIVERY_ISSUE,REJECTED,TXN00017891,3343.99,False,3343.99,VALID_POSITIVE
CBK0000727,TXN00008469,USR71348,MCH9319,03/01/2026 07:11 PM,2026/01/11,-604.81,DUP_DEBIT,User says UPI PIN was not entered by them.,Rejected,02-04-2026,MEDIUM,App,-60481.0,DUPLICATE_DEBIT,REJECTED,TXN00008469,-604.81,True,,NEGATIVE_INVALID
CBK0000531,TXN00014058,USR49275,MCH9836,2026/01/24,2026-01-30 00:00:07,1009.36,incorrect amount,User claims account was compromised before transaction.,PENDING_BANK,2026/02/20,P1,ivr,100936.0,AMOUNT_MISMATCH,PENDING,TXN00014058,1009.36,False,1009.36,VALID_POSITIVE
CBK0001139,TXN00009825,USR93426,MCH-6856,03-03-2026,06/03/2026 02:42 PM,-6446.22,Duplicate Debit,Customer says amount was debited twice. urgent,IN_PROGRESS,2026-03-23 14:42:18,P1,App,-644622.0,DUPLICATE_DEBIT,IN_PROGRESS,TXN00009825,-6446.22,True,,NEGATIVE_INVALID
CBK0001402,TXN00004276,USR-93581,mch2383,2026-01-22 09:19:32,2026-01-28 05:19:32,-3192.45,Fraud Suspected,User reports money deducted but merchant denies receiving payment.,OPEN,2026/02/22,P3,IVR,-319245.0,FRAUD,OPEN,TXN00004276,-3192.45,True,,NEGATIVE_INVALID
CBK0002461,TXN00017240,USR 28613,MCH1420,2026-02-12 06:09:18,18-Feb-2026,"7,674.03",no service,Merchant service was not delivered after payment.,Pending Bank,2026/03/03,LOW,App,767403.0,SERVICE_ISSUE,PENDING,TXN00017240,7674.03,False,7674.03,VALID_POSITIVE
CBK0000246,TXN00019885,USR90720,MCH8625,1771738198,02-23-2026,"₹2,738.74",charged twice,Payment made to unknown merchant as per customer statement.,Pending Bank,,MEDIUM,ivr,273874.0,CHARGED TWICE,PENDING,TXN00019885,2738.74,False,2738.74,VALID_POSITIVE
CBK0001110,TXN00013301,USR-82155,MCH9291,1774598722,30/03/2026 06:05 AM,,UNAUTHORISED,Complaint received after multiple failed attempts.,RESOLVED,,P2,CHATBOT,,UNAUTHORIZED_TRANSACTION,RESOLVED,TXN00013301,,False,,MISSING
CBK0000372,TXN00010170,USR38969,MCH7294,2026-01-03 19:40:32,01-18-2026,,Customer Dispute,Payment made to unknown merchant as per customer statement.,Resolved,,Medium,App,,CUSTOMER_DISPUTE,RESOLVED,TXN00010170,,False,,MISSING
CBK0002016,txn-00007362,USR90209,MCH9344,23-Mar-2026,03/04/2026 02:15 PM,3269.55,Service Not Provided,Customer says transaction was not authorized.,WIP,17-Apr-2026,LOW,CHATBOT,326955.0,SERVICE_ISSUE,IN_PROGRESS,TXN-00007362,3269.55,False,3269.55,VALID_POSITIVE
CBK0002498,TXN00009704,USR26525,MCH4212,24/01/2026,26/01/2026 03:33 AM,"INR 2,595.11",Service Not Provided,Customer says amount was debited twice.,Resolved,26/01/2026,Low,Call Center,259511.0,SERVICE_ISSUE,RESOLVED,TXN00009704,2595.11,False,2595.11,VALID_POSITIVE
CBK0001481,TXN00001735,USR85139,3100,26/02/2026,28-Mar-2026,-3084.74,service failed,Merchant service was not delivered after payment.,Closed,03-28-2026,P3,IVR,-308474.0,SERVICE_ISSUE,CLOSED,TXN00001735,-3084.74,True,,NEGATIVE_INVALID
CBK0002392,TXN00006668,USR-61084,MCH2875,28/01/2026,30-Jan-2026,"Rs. 1,736",Customer Dispute,payment made to unknown merchant as per customer statement.,Resolved,2026-02-17 12:08:01,H,Email,1736.0,CUSTOMER_DISPUTE,RESOLVED,TXN00006668,1736.0,False,1736.0,VALID_POSITIVE
CBK0000614,TXN00000040,94585,MCH8779,2026/01/20,01-25-2026,-1389.07,ATO,Complaint received after multiple failed attempts. call dropped,Resolved,10/02/2026,L,App,-138907.0,ACCOUNT_TAKEOVER,RESOLVED,TXN00000040,-1389.07,True,,NEGATIVE_INVALID
CBK0002520,TXN00006276,USR55226,MCH7826,2026/01/21,22/01/2026,"Rs. 1,890",DUP_DEBIT,Merchant service was not delivered after payment.,PENDING_BANK,1769272641,Critical,Branch,1890.0,DUPLICATE_DEBIT,PENDING,TXN00006276,1890.0,False,1890.0,VALID_POSITIVE
CBK0000593,TXN00013111,USR25826,MCH9808,2026/02/26,1772734206,,ATO,Customer says transaction was not authorized.,Open,03-15-2026,High,ivr,,ACCOUNT_TAKEOVER,OPEN,TXN00013111,,False,,MISSING
CBK0000551,TXN00012467,USR71976,MCH4344,2026-02-01 10:46:36,2026-02-05 08:46:36,"₹1,654.78",dispute raised,Suspicious high-value payment disputed by customer.,Pending Bank,07/03/2026,LOW,CHATBOT,165478.0,CUSTOMER_DISPUTE,PENDING,TXN00012467,1654.78,False,1654.78,VALID_POSITIVE
CBK0000138,TXN00003017,usr74855,MCH9944,1768212373,2026-01-18 08:06:13,707.43,login compromised,Customer complaint text unclear due to poor call center notes.,Rejected,13-Feb-2026,L,Email,70743.0,ACCOUNT_TAKEOVER,REJECTED,TXN00003017,707.43,False,707.43,VALID_POSITIVE
CBK0000100,TXN00017882,USR54020,MCH3381,17/01/2026,01-20-2026,₹732.66,double debit,User reports money deducted but merchant denies receiving payment.,OPEN,17/02/2026,P2,App,73266.0,DUPLICATE_DEBIT,OPEN,TXN00017882,732.66,False,732.66,VALID_POSITIVE
CBK0000620,TXN00014536,49473,MCH9291,08/01/2026 10:01 AM,2026/01/10,-12058.7,double debit,Suspicious high-value payment disputed by customer.,In Progress,,MEDIUM,IVR,-120587.0,DUPLICATE_DEBIT,IN_PROGRESS,TXN00014536,-12058.7,True,,NEGATIVE_INVALID
CBK0000787,TXN00015064,USR33856,MCH 8652,03/02/2026,2026/03/20,981.9,Duplicate Debit,User reports money deducted but merchant denies receiving payment.,In Progress,25/03/2026,MEDIUM,IVR,9819.0,DUPLICATE_DEBIT,IN_PROGRESS,TXN00015064,981.9,False,981.9,VALID_POSITIVE
CBK0002134,TXN00009374,USR27878,MCH5264,2026-03-30 13:34:53,2026-04-02 15:34:53,Rs. 50,Customer Dispute,Customer says amount was debited twice.,PENDING_BANK,,Medium,IVR,50.0,CUSTOMER_DISPUTE,PENDING,TXN00009374,50.0,False,50.0,VALID_POSITIVE
CBK0001981,TXN00014392,USR72048,4590,2026/03/17,20-Mar-2026,4520.19,Duplicate Debit,user claims account was compromised before transaction.,REJECTED,23-Mar-2026,LOW,App,452019.0,DUPLICATE_DEBIT,REJECTED,TXN00014392,4520.19,False,4520.19,VALID_POSITIVE
CBK0001249,TXN00003498,USR 73675,MCH3822,31/03/2026,1775658576,3661.3,suspicious transaction,user reports money deducted but merchant denies receiving payment.,Resolved,04-20-2026,Medium,Email,36613.0,FRAUD,RESOLVED,TXN00003498,3661.3,False,3661.3,VALID_POSITIVE
CBK0002554,TXN00000914,usr21146,MCH-2266,08/02/2026 11:30 AM,2026/03/25,"₹1,207.28",item not received,User claims account was compromised before txn.,OPEN,02-Apr-2026,H,Branch,120728.0,DELIVERY_ISSUE,OPEN,TXN00000914,1207.28,False,1207.28,VALID_POSITIVE
CBK0002602,TXN00012801,USR20795,MCH5787,11/02/2026,18-Feb-2026,2374.29,Service Not Provided,Suspicious high-value payment disputed by customer.,Resolved,2026-03-09 12:23:30,MEDIUM,Call Center,237429.0,SERVICE_ISSUE,RESOLVED,TXN00012801,2374.29,False,2374.29,VALID_POSITIVE
CBK0002797,TXN00013910,USR34880,MCH1320,1768996019,27/01/2026 08:46 AM,877.44,unauthorized_transaction,USER REPORTS MONEY DEDUCTED BUT MERCHANT DENIES RECEIVING PAYMENT.,WIP,,H,chatbot,87744.0,UNAUTHORIZED_TRANSACTION,IN_PROGRESS,TXN00013910,877.44,False,877.44,VALID_POSITIVE
CBK0000521,txn-00019385,USR20822,MCH6549,2026-03-19 19:31:42,21-Mar-2026,"1,082.82",unauthorized_transaction,Suspicious high-value payment disputed by customer.,In Progress,2026-04-11 11:31:42,H,Branch,108282.0,UNAUTHORIZED_TRANSACTION,IN_PROGRESS,TXN-00019385,1082.82,False,1082.82,VALID_POSITIVE
CBK0001422,TXN00013883,USR-59251,MCH7833,13/01/2026,1768478331,"Rs. 3,588",Unauthorized Transaction,Payment made to unknown merchant as per customer statement.,OPEN,21/01/2026,M,chatbot,3588.0,UNAUTHORIZED_TRANSACTION,OPEN,TXN00013883,3588.0,False,3588.0,VALID_POSITIVE
CBK0000458,TXN00016719,26895,4723,16/01/2026,2026/01/19,2956.42,complaint,User claims account was compromised before txn.,RESOLVED,2026/02/03,LOW,CHATBOT,295642.0,CUSTOMER_DISPUTE,RESOLVED,TXN00016719,2956.42,False,2956.42,VALID_POSITIVE
CBK0000085,TXN00004176,USR35280,MCH8030,2026/01/08,09/01/2026 09:57 PM,"INR 1,105.82",login compromised,Customer complaint text unclear due to poor call center notes.,CLOSED,27/01/2026 09:57 PM,High,Branch,110582.0,ACCOUNT_TAKEOVER,CLOSED,TXN00004176,1105.82,False,1105.82,VALID_POSITIVE
CBK0000376,TXN00010928,USR62685,MCH9719,2026/02/26,2026-03-01 05:50:00,"Rs. 1,538",DUP_DEBIT,Customer says transaction was not authorized. urgent,Closed,1773726600,High,CHATBOT,1538.0,DUPLICATE_DEBIT,CLOSED,TXN00010928,1538.0,False,1538.0,VALID_POSITIVE
CBK0002059,,USR69096,MCH6070,03-Feb-2026,06/02/2026 07:00 AM,-599.01,Account Takeover,user says upi pin was not entered by them.,Resolved,,LOW,Branch,-59901.0,ACCOUNT_TAKEOVER,RESOLVED,,-599.01,True,,NEGATIVE_INVALID
CBK0002759,TXN00003778,USR65783,MCH 3028,02-06-2026,2026-02-07 12:51:27,"Rs. 7,597",amount mismatch,User claims account was compromised before transaction.,PENDING_BANK,25/02/2026,MEDIUM,Call Center,7597.0,AMOUNT_MISMATCH,PENDING,TXN00003778,7597.0,False,7597.0,VALID_POSITIVE
CBK0000425,TXN00019652,USR51854,MCH4908,03-06-2026,,1289.49,FRAUD,Payment made to unknown merchant as per customer statement.,In Progress,2026-03-25 08:31:28,P1,App,128949.0,FRAUD,IN_PROGRESS,TXN00019652,1289.49,False,1289.49,VALID_POSITIVE
CBK0000473,TXN00006355,usr_15888,MCH-5561,12/01/2026,14/01/2026,"INR 1,211.72",Merchant Not Delivered,Customer says transaction was not authorized.,RESOLVED,2026-01-18 13:37:06,P3,Branch,121172.0,DELIVERY_ISSUE,RESOLVED,TXN00006355,1211.72,False,1211.72,VALID_POSITIVE
CBK0002609,TXN00005872,usr_71348,9291,31/03/2026 04:58 AM,2026/04/16,"INR 2,023.21",not done by me,Customer complaint text unclear due to poor call center notes.,RESOLVED,2026/05/11,LOW,CHATBOT,202321.0,UNAUTHORIZED_TRANSACTION,RESOLVED,TXN00005872,2023.21,False,2023.21,VALID_POSITIVE
CBK0002781,TXN00007463,USR88712,MCH4226,08/02/2026 10:50 AM,09/02/2026,Rs. 540,merchant service issue,Merchant service was not delivered after payment.,IN_PROGRESS,,P3,IVR,540.0,SERVICE_ISSUE,IN_PROGRESS,TXN00007463,540.0,False,540.0,VALID_POSITIVE
CBK0000437,TXN00008304,USR-31182,MCH7390,17-Mar-2026,03-19-2026,6321.44,UNAUTHORISED,Merchant service was not delivered after payment. NA,Pending Bank,,MEDIUM,CHATBOT,632144.0,UNAUTHORIZED_TRANSACTION,PENDING,TXN00008304,6321.44,False,6321.44,VALID_POSITIVE
CBK0001434,txn-00014276,USR37196,MCH2407,03-27-2026,30/03/2026,637.61,charged twice,payment made to unknown merchant as per customer statement.,Pending Bank,08/04/2026,M,IVR,63761.0,CHARGED TWICE,PENDING,TXN-00014276,637.61,False,637.61,VALID_POSITIVE
CBK0002012,TXN00012346,USR-40998,3992,07-Jan-2026,1768059752,1010.1,account hacked,Customer says amount was debited twice.,WIP,,P2,Call Center,10101.0,ACCOUNT_TAKEOVER,IN_PROGRESS,TXN00012346,1010.1,False,1010.1,VALID_POSITIVE
CBK0000297,TXN00019269,USR 53731,MCH9458,2026-02-08 09:15:08,2026/02/11,2732.12,UNAUTHORISED,CUSTOMER SAYS TRANSACTION WAS NOT AUTHORIZED.,Closed,15/02/2026,P3,IVR,273212.0,UNAUTHORIZED_TRANSACTION,CLOSED,TXN00019269,2732.12,False,2732.12,VALID_POSITIVE
CBK0002058,TXN00010832,USR29952,MCH6418,22/02/2026 09:09 PM,28/02/2026,"Rs. 1,882",ATO,User says UPI PIN was not entered by them. urgent,IN_PROGRESS,16/03/2026,LOW,CHATBOT,1882.0,ACCOUNT_TAKEOVER,IN_PROGRESS,TXN00010832,1882.0,False,1882.0,VALID_POSITIVE
CBK0000267,,13313,MCH9823,09/02/2026,12/02/2026,"1,878.56",login compromised,Complaint received after multiple failed attempts.,Closed,03-03-2026,P3,chatbot,187856.0,ACCOUNT_TAKEOVER,CLOSED,,1878.56,False,1878.56,VALID_POSITIVE
CBK0000035,TXN00004120,USR53171,MCH6920,2026/03/07,03-05-2026,5701.53,double debit,user reports money deducted but merchant denies receiving payment.,In Progress,02/04/2026,Low,IVR,570153.0,DUPLICATE_DEBIT,IN_PROGRESS,TXN00004120,5701.53,False,5701.53,VALID_POSITIVE
CBK0002020,txn-00019784,USR89588,MCH8760,2026/03/08,10-Mar-2026,"2,591.32",not done by me,Customer says amount was debited twice.,RESOLVED,,LOW,IVR,259132.0,UNAUTHORIZED_TRANSACTION,RESOLVED,TXN-00019784,2591.32,False,2591.32,VALID_POSITIVE
CBK0001016,TXN00018653,USR39211,MCH 1376,19-Feb-2026,22/02/2026,"INR 2,423.45",ATO,User reports money deducted but merchant denies receiving payment.,REJECTED,03-05-2026,L,CHATBOT,242345.0,ACCOUNT_TAKEOVER,REJECTED,TXN00018653,2423.45,False,2423.45,VALID_POSITIVE
CBK0000905,TXN00003495,USR37693,MCH8091,08/01/2026,1770509238,2983.97,Merchant Not Delivered,Complaint received after multiple failed attempts.,Pending Bank,,LOW,Email,298397.0,DELIVERY_ISSUE,PENDING,TXN00003495,2983.97,False,2983.97,VALID_POSITIVE
CBK0000394,TXN00000779,USR64440,MCH8614,03/02/2026 01:21 PM,2026/03/06,"INR 4,511.29",DUP_DEBIT,User claims account was compromised before txn.,WIP,28/03/2026,M,CHATBOT,451129.0,DUPLICATE_DEBIT,IN_PROGRESS,TXN00000779,4511.29,False,4511.29,VALID_POSITIVE
CBK0000059,TXN00011102,USR87051,MCH-4693,03-06-2026,07/03/2026,1825.45,ATO,COMPLAINT RECEIVED AFTER MULTIPLE FAILED ATTEMPTS.,Open,09-Mar-2026,P4,Call Center,182545.0,ACCOUNT_TAKEOVER,OPEN,TXN00011102,1825.45,False,1825.45,VALID_POSITIVE
CBK0001956,TXN00004350,USR 48482,MCH1641,16-Mar-2026,2026/03/22,2131.37,UNAUTHORISED,user claims account was compromised before transaction.,In Progress,2026/03/30,L,chatbot,213137.0,UNAUTHORIZED_TRANSACTION,IN_PROGRESS,TXN00004350,2131.37,False,2131.37,VALID_POSITIVE
CBK0002439,TXN00009347,USR87914,MCH6751,,12/03/2026 08:47 PM,1704.94,Wrong Amount,Suspicious high-value payment disputed by customer.,In Progress,24/03/2026,LOW,ivr,170494.0,AMOUNT_MISMATCH,IN_PROGRESS,TXN00009347,1704.94,False,1704.94,VALID_POSITIVE
CBK0002733,TXN00015766,USR 87074,MCH6810,1774537836,05-Apr-2026,198.26,ATO,User reports money deducted but merchant denies receiving payment.,OPEN,,P4,CHATBOT,19826.0,ACCOUNT_TAKEOVER,OPEN,TXN00015766,198.26,False,198.26,VALID_POSITIVE
CBK0000344,TXN00018344,USR11559,MCH4841,05/02/2026,07-Mar-2026,"Rs. 9,060",Fraud Suspected,Merchant service was not delivered after payment.,CLOSED,08/03/2026 10:10 PM,High,IVR,9060.0,FRAUD,CLOSED,TXN00018344,9060.0,False,9060.0,VALID_POSITIVE
CBK0000704,TXN00015091,USR45203,MCH9864,28/03/2026,03/04/2026 06:18 PM,20286.73,Service Not Provided,Suspicious high-value payment disputed by customer. NA,Open,2026/05/01,High,chatbot,2028673.0,SERVICE_ISSUE,OPEN,TXN00015091,20286.73,False,20286.73,VALID_POSITIVE
CBK0001841,TXN00005953,usr96307,MCH1423,03-28-2026,29/03/2026,"Rs. 1,742",Merchant Not Delivered,Payment made to unknown merchant as per customer statement.,REJECTED,04-18-2026,LOW,IVR,1742.0,DELIVERY_ISSUE,REJECTED,TXN00005953,1742.0,False,1742.0,VALID_POSITIVE
CBK0000305,TXN00002303,21074,MCH1320,2026/02/04,2026/02/09,1712.22,no service,Customer says amount was debited twice.,WIP,22-Feb-2026,LOW,App,171222.0,SERVICE_ISSUE,IN_PROGRESS,TXN00002303,1712.22,False,1712.22,VALID_POSITIVE
CBK0002157,TXN00010666,USR74780,MCH6850,2026/02/07,09-Mar-2026,"1,349.33",extra amount deducted,Payment made to unknown merchant as per customer statement.,Closed,27/03/2026,P4,Branch,134933.0,AMOUNT_MISMATCH,CLOSED,TXN00010666,1349.33,False,1349.33,VALID_POSITIVE
CBK0000219,TXN76688,USR63208,MCH6288,03-31-2026,06/04/2026,₹355.19,Merchant Not Delivered,User claims account was compromised before transaction.,RESOLVED,05-05-2026,Low,Branch,35519.0,DELIVERY_ISSUE,RESOLVED,TXN76688,355.19,False,355.19,VALID_POSITIVE
CBK0000503,TXN00009139,USR87033,MCH 8779,2026/03/05,08/03/2026,"1,518.49",not done by me,Payment made to unknown merchant as per customer statement.,Closed,2026-03-29 10:48:07,Critical,Email,151849.0,UNAUTHORIZED_TRANSACTION,CLOSED,TXN00009139,1518.49,False,1518.49,VALID_POSITIVE
CBK0002098,TXN00012193,USR22644,MCH-5980,19/03/2026 04:04 AM,2026/03/20,1913.11,fraud,Merchant service was not delivered after payment.,CLOSED,03-24-2026,HIGH,Call Center,191311.0,FRAUD,CLOSED,TXN00012193,1913.11,False,1913.11,VALID_POSITIVE
CBK0002395,TXN00010795,USR24347,MCH3677,30-Mar-2026,14/04/2026,-933.13,Duplicate Debit,User reports money deducted but merchant denies receiving payment.,WIP,10/05/2026 12:23 PM,LOW,chatbot,-93313.0,DUPLICATE_DEBIT,IN_PROGRESS,TXN00010795,-933.13,True,,NEGATIVE_INVALID
CBK0001580,TXN00004779,usr_38912,mch6908,12/01/2026 10:59 AM,13/01/2026 09:59 AM,"1,565.13",scam,customer says amount was debited twice.,Open,2026/01/16,P3,Email,156513.0,FRAUD,OPEN,TXN00004779,1565.13,False,1565.13,VALID_POSITIVE
CBK0000388,TXN00000433,USR50784,MCH6968,02-18-2026,1771873244,Rs. 979,amount mismatch,User says UPI PIN was not entered by them.,OPEN,2026/03/19,LOW,Branch,979.0,AMOUNT_MISMATCH,OPEN,TXN00000433,979.0,False,979.0,VALID_POSITIVE
CBK0000891,TXN00017408,usr_10307,7766,03-23-2026,23-Mar-2026,836.19,delivery issue,user reports money deducted but merchant denies receiving payment.,WIP,,P4,Email,83619.0,DELIVERY_ISSUE,IN_PROGRESS,TXN00017408,836.19,False,836.19,VALID_POSITIVE
CBK0000501,TXN00019009,USR 96611,MCH3763,10-Jan-2026,15/01/2026,1552.99,amount mismatch,Customer complaint text unclear due to poor call center notes.,Pending Bank,27/01/2026 03:33 PM,HIGH,App,155299.0,AMOUNT_MISMATCH,PENDING,TXN00019009,1552.99,False,1552.99,VALID_POSITIVE
CBK0002227,TXN97124,USR21632,MCH9291,2026-02-25 20:48:05,12/04/2026,1596.33,Duplicate Debit,User reports money deducted but merchant denies receiving payment.,Resolved,04-26-2026,HIGH,App,159633.0,DUPLICATE_DEBIT,RESOLVED,TXN97124,1596.33,False,1596.33,VALID_POSITIVE
CBK0000060,TXN00004672,USR95647,MCH-3815,,2026/01/09,₹985.98,merchant service issue,Suspicious high-value payment disputed by customer.,RESOLVED,02-04-2026,H,ivr,98598.0,SERVICE_ISSUE,RESOLVED,TXN00004672,985.98,False,985.98,VALID_POSITIVE
CBK0002174,,USR-75213,MCH2779,28/02/2026,2026-04-14 23:11:36,484.07,ATO,User reports money deducted but merchant denies receiving payment.,CLOSED,2026/05/10,P3,Branch,48407.0,ACCOUNT_TAKEOVER,CLOSED,,484.07,False,484.07,VALID_POSITIVE
CBK0000869,TXN00011061,USR71557,MCH8342,2026/03/03,14-Mar-2026,-211.84,complaint,Merchant service was not delivered after payment.,CLOSED,11/04/2026,P4,Call Center,-21184.0,CUSTOMER_DISPUTE,CLOSED,TXN00011061,-211.84,True,,NEGATIVE_INVALID
CBK0001381,TXN00011623,USR99837,MCH8765,28/01/2026 09:27 AM,30/01/2026 09:27 PM,3487.78,no service,Customer says amount was debited twice. NA,CLOSED,,P2,ivr,348778.0,SERVICE_ISSUE,CLOSED,TXN00011623,3487.78,False,3487.78,VALID_POSITIVE
CBK0002396,TXN00000711,USR 70575,MCH1910,25/02/2026,,,customer issue,User says UPI PIN was not entered by them. NA,RESOLVED,,H,IVR,,CUSTOMER_DISPUTE,RESOLVED,TXN00000711,,False,,MISSING
CBK0000723,TXN00001222,USR96458,MCH9291,14/01/2026,2026-01-16 04:31:14,,merchant service issue,PAYMENT MADE TO UNKNOWN MERCHANT AS PER CUSTOMER STATEMENT.,RESOLVED,,LOW,Email,,SERVICE_ISSUE,RESOLVED,TXN00001222,,False,,MISSING
CBK0000504,TXN00008435,USR93535,MCH7466,,06/02/2026,755.82,not delivered,Customer says amount was debited twice.,Rejected,1772530499,MEDIUM,Email,75582.0,DELIVERY_ISSUE,REJECTED,TXN00008435,755.82,False,755.82,VALID_POSITIVE
CBK0002746,TXN00015136,USR 57117,mch5167,02-24-2026,26-Feb-2026,661.74,Merchant Not Delivered,Customer complaint text unclear due to poor call center notes.,Open,27/03/2026 08:47 AM,P4,Call Center,66174.0,DELIVERY_ISSUE,OPEN,TXN00015136,661.74,False,661.74,VALID_POSITIVE
CBK0002737,TXN00005881,USR91565,MCH2757,2026-02-03 19:55:07,07/02/2026,2284.0,Wrong Amount,Merchant service was not delivered after payment.,Rejected,13/02/2026 08:55 AM,M,Email,22840.0,AMOUNT_MISMATCH,REJECTED,TXN00005881,2284.0,False,2284.0,VALID_POSITIVE
CBK0002270,TXN00000045,USR-73010,MCH6294,2026-01-03 00:00:03,05/01/2026 10:00 PM,1101.8,ATO,Customer says transaction was not authorized.,CLOSED,1768168803,MEDIUM,Call Center,11018.0,ACCOUNT_TAKEOVER,CLOSED,TXN00000045,1101.8,False,1101.8,VALID_POSITIVE
CBK0001994,TXN00000296,USR71624,MCH4650,03-29-2026,29/03/2026 05:25 PM,Rs. 512,login compromised,Complaint received after multiple failed attempts.,RESOLVED,2026/03/30,H,App,512.0,ACCOUNT_TAKEOVER,RESOLVED,TXN00000296,512.0,False,512.0,VALID_POSITIVE
CBK0002612,TXN00010607,USR-32830,MCH9346,01/03/2026,17/03/2026,INR 397.65,Account Takeover,CUSTOMER SAYS AMOUNT WAS DEBITED TWICE.,RESOLVED,07/04/2026,HIGH,Branch,39765.0,ACCOUNT_TAKEOVER,RESOLVED,TXN00010607,397.65,False,397.65,VALID_POSITIVE
CBK0001950,TXN00002053,33960,5223,26-Mar-2026,2026-03-27 11:08:07,2130.67,charged twice,Customer complaint text unclear due to poor call center notes.,Pending Bank,08/04/2026 11:08 AM,M,Email,213067.0,CHARGED TWICE,PENDING,TXN00002053,2130.67,False,2130.67,VALID_POSITIVE
CBK0000757,TXN00010601,USR53404,MCH4311,2026-03-20 14:22:47,26/03/2026 10:22 AM,"1,363.12",item not received,User says UPI PIN was not entered by them.,Closed,2026/04/22,P3,ivr,136312.0,DELIVERY_ISSUE,CLOSED,TXN00010601,1363.12,False,1363.12,VALID_POSITIVE
CBK0000159,TXN00001671,USR51888,MCH8727,19-Feb-2026,2026/02/24,"Rs. 2,605",Wrong Amount,User says UPI PIN was not entered by them.,PENDING_BANK,2026/02/24,P2,IVR,2605.0,AMOUNT_MISMATCH,PENDING,TXN00001671,2605.0,False,2605.0,VALID_POSITIVE
CBK0001270,TXN00015781,usr60184,MCH5412,22-Feb-2026,2026-02-25 18:53:25,"6,433.23",amount mismatch,Customer says transaction was not authorized.,OPEN,2026-02-25 18:53:25,P2,CHATBOT,643323.0,AMOUNT_MISMATCH,OPEN,TXN00015781,6433.23,False,6433.23,VALID_POSITIVE
CBK0001833,txn-00009923,USR24660,MCH-3434,04/01/2026 12:15 PM,2025-12-30 12:15:20,"Rs. 2,940",complaint,Merchant service was not delivered after payment.,Open,12-31-2025,Medium,Call Center,2940.0,CUSTOMER_DISPUTE,OPEN,TXN-00009923,2940.0,False,2940.0,VALID_POSITIVE
CBK0000148,,USR37395,MCH 3992,2026/02/25,2026/02/28,,customer issue,Suspicious high-value payment disputed by customer.,Closed,09-Mar-2026,Critical,ivr,,CUSTOMER_DISPUTE,CLOSED,,,False,,MISSING
CBK0002188,TXN00011115,USR83988,MCH3113,,2026/01/03,"₹3,037.16",Customer Dispute,User reports money deducted but merchant denies receiving payment.,PENDING_BANK,2026-01-14 02:37:33,LOW,CHATBOT,303716.0,CUSTOMER_DISPUTE,PENDING,TXN00011115,3037.16,False,3037.16,VALID_POSITIVE
CBK0000906,TXN00009979,USR59679,MCH-6645,2026-02-02 22:05:54,04/02/2026,876.91,account hacked,User claims account was compromised before transaction.,Rejected,13-Feb-2026,Medium,App,87691.0,ACCOUNT_TAKEOVER,REJECTED,TXN00009979,876.91,False,876.91,VALID_POSITIVE
CBK0001190,TXN00017091,usr51699,MCH7327,17/02/2026,28/02/2026,2254.1,account hacked,User says UPI PIN was not entered by them.,OPEN,2026-03-11 02:20:08,HIGH,App,22541.0,ACCOUNT_TAKEOVER,OPEN,TXN00017091,2254.1,False,2254.1,VALID_POSITIVE
CBK0000325,TXN00011027,51987,MCH 6810,2026-01-04 03:24:27,2026/01/06,"3,285.50",unauth txn,Customer says txn was not authorized.,IN_PROGRESS,01-16-2026,Medium,App,328550.0,UNAUTHORIZED_TRANSACTION,IN_PROGRESS,TXN00011027,3285.5,False,3285.5,VALID_POSITIVE
CBK0002358,TXN00012958,USR-45319,MCH4022,2026-02-23 16:54:56,03/03/2026,1142.21,Duplicate Debit,Customer complaint text unclear due to poor call center notes. call dropped,PENDING_BANK,2026-03-20 03:54:56,L,ivr,114221.0,DUPLICATE_DEBIT,PENDING,TXN00012958,1142.21,False,1142.21,VALID_POSITIVE
CBK0001443,TXN00003853,USR70317,MCH-6921,19/02/2026,02-22-2026,"INR 2,342.78",item not received,PAYMENT MADE TO UNKNOWN MERCHANT AS PER CUSTOMER STATEMENT.,Closed,26-Feb-2026,P3,IVR,234278.0,DELIVERY_ISSUE,CLOSED,TXN00003853,2342.78,False,2342.78,VALID_POSITIVE
CBK0001944,TXN00005059,USR14388,MCH5076,2026-03-10 22:25:51,04-25-2026,4128.34,amount mismatch,CUSTOMER SAYS AMOUNT WAS DEBITED TWICE.,OPEN,2026-04-26 05:25:51,Critical,ivr,412834.0,AMOUNT_MISMATCH,OPEN,TXN00005059,4128.34,False,4128.34,VALID_POSITIVE
CBK0000097,TXN00014288,USR75999,MCH4226,14/03/2026 12:10 PM,13/03/2026,4255.52,dispute raised,Payment made to unknown merchant as per customer statement.,Pending Bank,,M,IVR,425552.0,CUSTOMER_DISPUTE,PENDING,TXN00014288,4255.52,False,4255.52,VALID_POSITIVE
CBK0000609,TXN00001796,USR77277,MCH2970,01-06-2026,2026/01/11,,delivery issue,User reports money deducted but merchant denies receiving payment.,Closed,,L,Branch,,DELIVERY_ISSUE,CLOSED,TXN00001796,,False,,MISSING
CBK0000920,txn-00000546,USR20076,MCH2383,03-02-2026,17/04/2026 01:17 PM,INR 427.33,amount mismatch,Complaint received after multiple failed attempts.,PENDING_BANK,2026/04/27,Low,App,42733.0,AMOUNT_MISMATCH,PENDING,TXN-00000546,427.33,False,427.33,VALID_POSITIVE
CBK0001945,TXN00015576,USR 59679,MCH5013,1772252268,03-03-2026,2182.01,charged twice,MERCHANT SERVICE WAS NOT DELIVERED AFTER PAYMENT.,OPEN,03-07-2026,P2,ivr,218201.0,CHARGED TWICE,OPEN,TXN00015576,2182.01,False,2182.01,VALID_POSITIVE
CBK0002769,TXN00003447,USR76233,MCH8735,2026/02/19,21-Feb-2026,"₹1,984.96",Wrong Amount,Payment made to unknown merchant as per cust statement.,REJECTED,2026/03/03,M,chatbot,198496.0,AMOUNT_MISMATCH,REJECTED,TXN00003447,1984.96,False,1984.96,VALID_POSITIVE
CBK0002138,TXN00000295,USR86497,MCH2786,01-10-2026,16/01/2026,731.69,FRAUD,Customer says amount was debited twice.,WIP,2026/01/30,Low,chatbot,73169.0,FRAUD,IN_PROGRESS,TXN00000295,731.69,False,731.69,VALID_POSITIVE
CBK0001973,TXN00013275,USR 71371,MCH9810,19-Mar-2026,2026/03/27,INR 666.32,delivery issue,Complaint received after multiple failed attempts.,PENDING_BANK,04-19-2026,Medium,CHATBOT,66632.0,DELIVERY_ISSUE,PENDING,TXN00013275,666.32,False,666.32,VALID_POSITIVE
CBK0000440,TXN00019212,USR83469,MCH7067,,1768881455,2786.25,login compromised,customer says transaction was not authorized.,Open,1769572655,LOW,Call Center,278625.0,ACCOUNT_TAKEOVER,OPEN,TXN00019212,2786.25,False,2786.25,VALID_POSITIVE
CBK0001313,TXN00002015,USR70926,MCH8374,24/03/2026,2026-03-26 22:40:05,2615.98,ATO,Merchant service was not delivered after payment.,OPEN,11/04/2026 10:40 PM,CRIT,CHATBOT,261598.0,ACCOUNT_TAKEOVER,OPEN,TXN00002015,2615.98,False,2615.98,VALID_POSITIVE
CBK0001519,TXN00000459,usr36461,MCH-6850,2026-01-05 01:52:09,1771548729,"₹8,278.26",customer issue,Customer says amount was debited twice.,PENDING_BANK,19/03/2026,HIGH,Call Center,827826.0,CUSTOMER_DISPUTE,PENDING,TXN00000459,8278.26,False,8278.26,VALID_POSITIVE
CBK0001153,TXN00007272,USR23407,mch9088,13/03/2026 04:40 AM,14/03/2026,Rs. 928,Account Takeover,Merchant service was not delivered after payment.,Pending Bank,2026-03-19 23:40:22,HIGH,chatbot,928.0,ACCOUNT_TAKEOVER,PENDING,TXN00007272,928.0,False,928.0,VALID_POSITIVE
CBK0000490,txn-00019708,USR89588,MCH9291,1771809724,,"1,943.24",Customer Dispute,customer says amount was debited twice.,Open,18/04/2026 11:22 PM,LOW,Call Center,194324.0,CUSTOMER_DISPUTE,OPEN,TXN-00019708,1943.24,False,1943.24,VALID_POSITIVE
CBK0000306,TXN00000680,USR-62254,MCH5980,01-26-2026,02/02/2026,INR 589.63,scam,User says UPI PIN was not entered by them.,IN_PROGRESS,1771677342,H,CHATBOT,58963.0,FRAUD,IN_PROGRESS,TXN00000680,589.63,False,589.63,VALID_POSITIVE
CBK0001088,TXN00012038,usr_14244,MCH5655,19-Jan-2026,2026/01/23,,double debit,Customer complaint text unclear due to poor call center notes.,CLOSED,,LOW,Email,,DUPLICATE_DEBIT,CLOSED,TXN00012038,,False,,MISSING
CBK0002181,TXN00014627,USR 41247,mch7342,02-Mar-2026,04/03/2026,"4,363.55",Customer Dispute,Customer says amount was debited twice.,PENDING_BANK,,MEDIUM,CHATBOT,436355.0,CUSTOMER_DISPUTE,PENDING,TXN00014627,4363.55,False,4363.55,VALID_POSITIVE
CBK0000863,TXN00016767,USR90880,MCH2841,2026/03/06,2026-03-07 21:23:05,"Rs. 1,273",Merchant Not Delivered,customer says transaction was not authorized.,CLOSED,04-03-2026,H,Email,1273.0,DELIVERY_ISSUE,CLOSED,TXN00016767,1273.0,False,1273.0,VALID_POSITIVE
CBK0000178,TXN00004134,USR 75133,MCH1949,02-24-2026,,794.23,suspicious transaction,Customer complaint text unclear due to poor call center notes.,OPEN,2026-03-06 06:12:04,P2,IVR,79423.0,FRAUD,OPEN,TXN00004134,794.23,False,794.23,VALID_POSITIVE
CBK0000340,TXN00006753,USR93690,MCH7199,18-Jan-2026,2026-01-15 19:42:11,-6262.28,merchant service issue,Suspicious high-value payment disputed by customer.,In Progress,16-Jan-2026,Low,App,-626228.0,SERVICE_ISSUE,IN_PROGRESS,TXN00006753,-6262.28,True,,NEGATIVE_INVALID
CBK0001772,TXN00010231,USR49951,MCH4775,2026-01-29 11:52:47,30/01/2026,,unauthorized_transaction,payment made to unknown merchant as per customer statement.,REJECTED,08/02/2026,MEDIUM,App,,UNAUTHORIZED_TRANSACTION,REJECTED,TXN00010231,,False,,MISSING
CBK0002100,TXN00012645,usr65267,MCH1601,30/03/2026,03/04/2026,-1273.59,suspicious transaction,Customer says transaction was not authorized.,Closed,,Low,ivr,-127359.0,FRAUD,CLOSED,TXN00012645,-1273.59,True,,NEGATIVE_INVALID
CBK0001757,TXN00018643,USR46650,MCH2383,02-16-2026,19/02/2026 04:58 PM,,not delivered,User reports money deducted but merchant denies receiving payment.,Open,16-Mar-2026,L,CHATBOT,,DELIVERY_ISSUE,OPEN,TXN00018643,,False,,MISSING
CBK0000314,TXN00017581,USR 74438,MCH2757,01-04-2026,1767909384,"1,299.70",suspicious transaction,Customer says transaction was not authorized.,CLOSED,2026/01/11,Critical,chatbot,129970.0,FRAUD,CLOSED,TXN00017581,1299.7,False,1299.7,VALID_POSITIVE
CBK0002107,TXN00013202,USR27107,MCH9715,29/03/2026,01/04/2026,"Rs. 1,331",ATO,Customer says amount was debited twice.,In Progress,04-21-2026,CRITICAL,ivr,1331.0,ACCOUNT_TAKEOVER,IN_PROGRESS,TXN00013202,1331.0,False,1331.0,VALID_POSITIVE
CBK0001444,TXN00003678,USR50434,MCH5076,1767254122,01-04-2026,8722.75,item not received,User claims account was compromised before transaction.,Closed,,High,CHATBOT,872275.0,DELIVERY_ISSUE,CLOSED,TXN00003678,8722.75,False,8722.75,VALID_POSITIVE
CBK0001899,TXN00000835,USR-11194,MCH1631,2026-03-27 15:04:48,03-29-2026,,dispute raised,Suspicious high-value payment disputed by customer.,Rejected,,P4,IVR,,CUSTOMER_DISPUTE,REJECTED,TXN00000835,,False,,MISSING
CBK0001951,TXN00007053,USR17824,mch8057,26/03/2026 04:44 PM,10-May-2026,3545.44,amount mismatch,User claims account was compromised before transaction.,CLOSED,09/06/2026,H,Branch,354544.0,AMOUNT_MISMATCH,CLOSED,TXN00007053,3545.44,False,3545.44,VALID_POSITIVE
CBK0000193,TXN00011628,USR15884,mch9002,10/01/2026,2026-01-13 11:20:14,"6,328.27",dispute raised,Customer complaint text unclear due to poor call center notes.,IN_PROGRESS,2026-01-30 11:20:14,CRITICAL,ivr,632827.0,CUSTOMER_DISPUTE,IN_PROGRESS,TXN00011628,6328.27,False,6328.27,VALID_POSITIVE
CBK0001867,TXN00017191,USR13167,MCH3106,28/03/2026 08:09 PM,01/04/2026 06:09 AM,-13889.45,merchant service issue,CUSTOMER COMPLAINT TEXT UNCLEAR DUE TO POOR CALL CENTER NOTES.,Resolved,22-Apr-2026,Medium,Email,-1388945.0,SERVICE_ISSUE,RESOLVED,TXN00017191,-13889.45,True,,NEGATIVE_INVALID
CBK0001712,TXN00007450,usr_20950,MCH 4523,24/03/2026 11:00 AM,23-Apr-2026,-1985.25,delivery issue,Merchant service was not delivered after payment.,PENDING_BANK,24-Apr-2026,HIGH,chatbot,-198525.0,DELIVERY_ISSUE,PENDING,TXN00007450,-1985.25,True,,NEGATIVE_INVALID
CBK0000165,TXN00013500,USR-82240,MCH3046,1769160780,03-09-2026,-3214.54,charged twice,User reports money deducted but merchant denies receiving payment.,OPEN,16/03/2026 07:33 PM,P4,IVR,-321454.0,CHARGED TWICE,OPEN,TXN00013500,-3214.54,True,,NEGATIVE_INVALID
CBK0002719,TXN00016715,USR 73639,MCH6051,2026/01/09,14/01/2026,1128.27,suspicious transaction,payment made to unknown merchant as per customer statement.,REJECTED,,Medium,ivr,112827.0,FRAUD,REJECTED,TXN00016715,1128.27,False,1128.27,VALID_POSITIVE
CBK0001706,TXN00012764,usr22644,MCH1401,03-10-2026,2026-03-18 08:08:27,9737.34,service failed,Complaint received after multiple failed attempts.,Closed,,P3,chatbot,973734.0,SERVICE_ISSUE,CLOSED,TXN00012764,9737.34,False,9737.34,VALID_POSITIVE
CBK0000945,TXN00003565,usr46365,MCH4473,03-14-2026,14/03/2026,1723.81,ATO,merchant service was not delivered after payment.,REJECTED,2026-04-08 03:51:15,P2,Branch,172381.0,ACCOUNT_TAKEOVER,REJECTED,TXN00003565,1723.81,False,1723.81,VALID_POSITIVE
CBK0001335,TXN00016756,USR44060,mch7471,2026/03/14,14/03/2026,455.72,incorrect amount,Customer complaint text unclear due to poor call center notes.,REJECTED,2026/03/18,Medium,Call Center,45572.0,AMOUNT_MISMATCH,REJECTED,TXN00016756,455.72,False,455.72,VALID_POSITIVE
CBK0000852,TXN00010668,USR 81745,MCH4420,03-06-2026,1775490749,1305.45,not done by me,Customer says amount was debited twice. NA,PENDING_BANK,25/04/2026,P3,App,130545.0,UNAUTHORIZED_TRANSACTION,PENDING,TXN00010668,1305.45,False,1305.45,VALID_POSITIVE
CBK0002796,TXN00001679,USR97772,MCH2029,1772180576,1772634176,-705.52,ATO,Complaint received after multiple failed attempts.,WIP,2026/03/17,M,IVR,-70552.0,ACCOUNT_TAKEOVER,IN_PROGRESS,TXN00001679,-705.52,True,,NEGATIVE_INVALID
CBK0000318,TXN00001878,usr10693,MCH5303,2026/03/08,15-Mar-2026,"Rs. 3,834",not delivered,Suspicious high-value payment disputed by customer.,IN_PROGRESS,,High,ivr,3834.0,DELIVERY_ISSUE,IN_PROGRESS,TXN00001878,3834.0,False,3834.0,VALID_POSITIVE
CBK0001790,TXN00000533,USR46536,MCH5535,1768759192,03/02/2026,6055.78,fraud,CUSTOMER SAYS TRANSACTION WAS NOT AUTHORIZED.,OPEN,13/02/2026,MEDIUM,Email,605578.0,FRAUD,OPEN,TXN00000533,6055.78,False,6055.78,VALID_POSITIVE
CBK0000283,TXN00017871,USR39576,MCH3354,1768647006,01-Feb-2026,,fraud,Payment made to unknown merchant as per cust statement.,Rejected,,HIGH,ivr,,FRAUD,REJECTED,TXN00017871,,False,,MISSING
CBK0001613,TXN00012902,USR20076,MCH8345,2026/02/18,02-20-2026,586.88,Merchant Not Delivered,Customer says transaction was not authorized.,PENDING_BANK,2026-03-21 05:15:27,LOW,Email,58688.0,DELIVERY_ISSUE,PENDING,TXN00012902,586.88,False,586.88,VALID_POSITIVE
CBK0002598,TXN00012208,usr54794,MCH2336,2026/01/06,2026/01/09,5802.45,Fraud Suspected,Payment made to unknown merchant as per cust statement.,Closed,01-10-2026,Medium,Branch,580245.0,FRAUD,CLOSED,TXN00012208,5802.45,False,5802.45,VALID_POSITIVE
CBK0001754,TXN00006873,usr_95486,MCH 1520,12/02/2026,14/02/2026 11:52 AM,,item not received,Customer says amount was debited twice. call dropped,REJECTED,12-Mar-2026,CRIT,Branch,,DELIVERY_ISSUE,REJECTED,TXN00006873,,False,,MISSING
CBK0000642,TXN00009627,USR 88037,MCH-4516,2026/02/04,07-Feb-2026,10535.8,customer issue,Merchant service was not delivered after payment.,IN_PROGRESS,02-09-2026,L,Call Center,105358.0,CUSTOMER_DISPUTE,IN_PROGRESS,TXN00009627,10535.8,False,10535.8,VALID_POSITIVE
CBK0000637,TXN00005214,usr91453,MCH 6014,06/02/2026,07-Feb-2026,,delivery issue,Suspicious high-value payment disputed by customer.,IN_PROGRESS,06-Mar-2026,Medium,chatbot,,DELIVERY_ISSUE,IN_PROGRESS,TXN00005214,,False,,MISSING
CBK0001718,TXN33788,usr_58639,mch2757,1767708870,07/01/2026,-664.74,Wrong Amount,User reports money deducted but merchant denies receiving payment.,OPEN,2026-01-26 16:14:30,LOW,Branch,-66474.0,AMOUNT_MISMATCH,OPEN,TXN33788,-664.74,True,,NEGATIVE_INVALID
CBK0002437,TXN00007105,usr45914,MCH3247,27/03/2026,27/03/2026 09:16 PM,,Wrong Amount,Payment made to unknown merchant as per customer statement. details missing,Pending Bank,10/04/2026,Medium,Call Center,,AMOUNT_MISMATCH,PENDING,TXN00007105,,False,,MISSING
CBK0000245,TXN00010561,USR45218,MCH 8515,2026-02-05 03:39:40,02-06-2026,INR 865.55,incorrect amount,Customer says amount was debited twice.,RESOLVED,,P4,CHATBOT,86555.0,AMOUNT_MISMATCH,RESOLVED,TXN00010561,865.55,False,865.55,VALID_POSITIVE
CBK0001410,txn-00012186,USR-14130,MCH6048,04-Jan-2026,2026/01/06,4466.44,scam,User says UPI PIN was not entered by them.,WIP,,L,ivr,446644.0,FRAUD,IN_PROGRESS,TXN-00012186,4466.44,False,4466.44,VALID_POSITIVE
CBK0001558,TXN00018011,usr_70587,MCH9995,2026-02-12 15:33:24,02-12-2026,550.29,amount mismatch,User claims account was compromised before transaction. NA,PENDING_BANK,07-Mar-2026,L,Email,55029.0,AMOUNT_MISMATCH,PENDING,TXN00018011,550.29,False,550.29,VALID_POSITIVE
CBK0000610,TXN00014090,USR65211,MCH6850,24/03/2026 05:38 PM,2026-04-01 06:38:00,848.30,Account Takeover,User says UPI PIN was not entered by them.,Open,,M,ivr,84830.0,ACCOUNT_TAKEOVER,OPEN,TXN00014090,848.3,False,848.3,VALID_POSITIVE
CBK0002304,TXN00005004,USR24536,mch6507,2026-02-25 16:37:09,,"Rs. 1,095",Unauthorized Transaction,Customer says transaction was not authorized.,Resolved,03-23-2026,Medium,Branch,1095.0,UNAUTHORIZED_TRANSACTION,RESOLVED,TXN00005004,1095.0,False,1095.0,VALID_POSITIVE
CBK0000205,TXN00009947,USR49302,MCH7335,2026-01-24 11:39:04,1770179944,,UNAUTHORISED,Complaint received after multiple failed attempts.,WIP,05-Mar-2026,CRIT,App,,UNAUTHORIZED_TRANSACTION,IN_PROGRESS,TXN00009947,,False,,MISSING
CBK0002199,TXN83913,USR69345,MCH1289,2026-03-17 20:54:58,1773993298,Rs. 732,charged twice,Payment made to unknown merchant as per customer statement.,PENDING_BANK,2026/03/21,P2,Branch,732.0,CHARGED TWICE,PENDING,TXN83913,732.0,False,732.0,VALID_POSITIVE
CBK0000096,TXN00015289,USR24926,MCH9472,29/03/2026 09:32 AM,2026/04/05,"INR 2,649.10",service failed,Payment made to unknown merchant as per customer statement.,Closed,04-26-2026,Low,ivr,264910.0,SERVICE_ISSUE,CLOSED,TXN00015289,2649.1,False,2649.1,VALID_POSITIVE
CBK0001480,TXN00010969,40561,MCH9717,2026/02/17,2026/02/20,1918.05,merchant service issue,Customer says amount was debited twice. call dropped,Open,04/03/2026,LOW,Call Center,191805.0,SERVICE_ISSUE,OPEN,TXN00010969,1918.05,False,1918.05,VALID_POSITIVE
CBK0001125,TXN00011934,USR25357,8928,18/02/2026,,,service failed,User claims account was compromised before transaction.,CLOSED,2026-03-06 11:31:18,P3,Call Center,,SERVICE_ISSUE,CLOSED,TXN00011934,,False,,MISSING
CBK0000842,TXN00002437,58147,MCH1299,1769506453,02/02/2026,"1,368.83",Fraud Suspected,Suspicious high-value payment disputed by customer.,PENDING_BANK,01-Mar-2026,HIGH,Call Center,136883.0,FRAUD,PENDING,TXN00002437,1368.83,False,1368.83,VALID_POSITIVE
CBK0002364,TXN00001342,USR 61151,MCH5245,2026-02-23 23:42:23,03/03/2026,"Rs. 2,534",incorrect amount,Customer complaint text unclear due to poor call center notes.,IN_PROGRESS,1774345343,HIGH,ivr,2534.0,AMOUNT_MISMATCH,IN_PROGRESS,TXN00001342,2534.0,False,2534.0,VALID_POSITIVE
CBK0000474,TXN00009795,USR24690,MCH8976,27-Mar-2026,1774602751,"₹1,506.67",double debit,Suspicious high-value payment disputed by customer.,RESOLVED,22-Apr-2026,P4,IVR,150667.0,DUPLICATE_DEBIT,RESOLVED,TXN00009795,1506.67,False,1506.67,VALID_POSITIVE
CBK0001677,TXN00005417,USR 53957,MCH2848,02/01/2026,,"INR 2,380.30",delivery issue,Payment made to unknown merchant as per customer statement.,Closed,02/02/2026,Medium,App,238030.0,DELIVERY_ISSUE,CLOSED,TXN00005417,2380.3,False,2380.3,VALID_POSITIVE
CBK0002352,TXN00009981,USR 92382,MCH2075,11/03/2026,03-12-2026,1850.41,FRAUD,Customer says transaction was not authorized.,CLOSED,28/03/2026 10:00 AM,H,Call Center,185041.0,FRAUD,CLOSED,TXN00009981,1850.41,False,1850.41,VALID_POSITIVE
CBK0000055,TXN00017357,USR15485,MCH3992,27/03/2026,29/03/2026,"₹3,043.82",complaint,User claims account was compromised before txn.,IN_PROGRESS,,P1,chatbot,304382.0,CUSTOMER_DISPUTE,IN_PROGRESS,TXN00017357,3043.82,False,3043.82,VALID_POSITIVE
CBK0002441,TXN00007492,usr71182,MCH9948,,03-12-2026,1969.45,Duplicate Debit,Customer says transaction was not authorized.,OPEN,,P4,chatbot,196945.0,DUPLICATE_DEBIT,OPEN,TXN00007492,1969.45,False,1969.45,VALID_POSITIVE
CBK0001193,TXN00014849,USR-27328,MCH4912,19-Jan-2026,30/01/2026,"Rs. 2,302",double debit,merchant service was not delivered after payment.,REJECTED,2026-02-09 00:04:06,P2,Branch,2302.0,DUPLICATE_DEBIT,REJECTED,TXN00014849,2302.0,False,2302.0,VALID_POSITIVE
CBK0002705,TXN00005717,USR91772,MCH2757,2026-01-19 17:45:15,22/01/2026,2449.38,Wrong Amount,Customer complaint text unclear due to poor call center notes.,PENDING_BANK,01-24-2026,P4,IVR,244938.0,AMOUNT_MISMATCH,PENDING,TXN00005717,2449.38,False,2449.38,VALID_POSITIVE
CBK0001851,TXN00006293,USR95875,MCH2065,02-27-2026,07-Mar-2026,"INR 2,387.22",delivery issue,Merchant service was not delivered after payment.,Pending Bank,30-Mar-2026,P3,IVR,238722.0,DELIVERY_ISSUE,PENDING,TXN00006293,2387.22,False,2387.22,VALID_POSITIVE
CBK0002384,TXN00005874,USR26867,MCH-5264,,2026-03-06 03:25:03,,DUP_DEBIT,User says UPI PIN was not entered by them.,Resolved,03-22-2026,MEDIUM,Email,,DUPLICATE_DEBIT,RESOLVED,TXN00005874,,False,,MISSING
CBK0001729,txn-00002228,USR 56148,MCH6141,09/02/2026 09:11 AM,13/02/2026,INR 378.30,Wrong Amount,User claims account was compromised before transaction.,Pending Bank,03-01-2026,H,chatbot,37830.0,AMOUNT_MISMATCH,PENDING,TXN-00002228,378.3,False,378.3,VALID_POSITIVE
CBK0001485,TXN00000921,USR25087,MCH2266,2026-03-03 18:48:32,03-08-2026,"1,585.45",service failed,user claims account was compromised before transaction.,CLOSED,,Low,Email,158545.0,SERVICE_ISSUE,CLOSED,TXN00000921,1585.45,False,1585.45,VALID_POSITIVE
CBK0002550,TXN00001381,USR44152,MCH 1993,,03-09-2026,"INR 1,001.43",incorrect amount,User claims account was compromised before transaction.,IN_PROGRESS,,P4,ivr,100143.0,AMOUNT_MISMATCH,IN_PROGRESS,TXN00001381,1001.43,False,1001.43,VALID_POSITIVE
CBK0001475,TXN00017932,USR30591,MCH4204,01-28-2026,,"INR 4,452.54",no service,Suspicious high-value payment disputed by customer. details missing,OPEN,1771850335,P1,Branch,445254.0,SERVICE_ISSUE,OPEN,TXN00017932,4452.54,False,4452.54,VALID_POSITIVE
CBK0000033,TXN00009708,USR97772,MCH-5076,18-Jan-2026,2026-01-24 11:33:49,3007.22,amount mismatch,merchant service was not delivered after payment.,Rejected,18/02/2026,High,ivr,300722.0,AMOUNT_MISMATCH,REJECTED,TXN00009708,3007.22,False,3007.22,VALID_POSITIVE
CBK0001804,TXN00008462,USR 37261,MCH2030,2026-03-04 19:34:51,06/03/2026,-884.33,Unauthorized Transaction,Customer says amount was debited twice.,Rejected,2026-03-11 01:34:51,LOW,Email,-88433.0,UNAUTHORIZED_TRANSACTION,REJECTED,TXN00008462,-884.33,True,,NEGATIVE_INVALID
CBK0000724,txn-00001310,USR27947,MCH2065,1770965937,2026/02/16,"₹2,026.30",unauth txn,Merchant service was not delivered after payment.,Open,17/02/2026,L,Branch,202630.0,UNAUTHORIZED_TRANSACTION,OPEN,TXN-00001310,2026.3,False,2026.3,VALID_POSITIVE
CBK0002240,TXN00000019,USR40246,mch4062,26-Feb-2026,01/03/2026 01:49 AM,377.11,suspicious transaction,Customer says amount was debited twice.,In Progress,2026-03-08 01:49:15,High,chatbot,37711.0,FRAUD,IN_PROGRESS,TXN00000019,377.11,False,377.11,VALID_POSITIVE
CBK0001379,TXN00010182,USR52335,MCH5954,31/03/2026,04-02-2026,"INR 1,252.47",ATO,User says UPI PIN was not entered by them.,CLOSED,26/04/2026,LOW,Branch,125247.0,ACCOUNT_TAKEOVER,CLOSED,TXN00010182,1252.47,False,1252.47,VALID_POSITIVE
CBK0000668,TXN00011231,usr61576,7063,03-19-2026,03-15-2026,4533.6,not done by me,User reports money deducted but merchant denies receiving payment. details missing,PENDING_BANK,04-03-2026,M,IVR,45336.0,UNAUTHORIZED_TRANSACTION,PENDING,TXN00011231,4533.6,False,4533.6,VALID_POSITIVE
CBK0000799,TXN00012446,USR75853,2771,02/02/2026 10:34 PM,03/02/2026 09:34 PM,"INR 1,105.07",unauthorized_transaction,Customer says transaction was not authorized.,Rejected,,M,ivr,110507.0,UNAUTHORIZED_TRANSACTION,REJECTED,TXN00012446,1105.07,False,1105.07,VALID_POSITIVE
CBK0000762,TXN00003810,USR65062,MCH5911,23/01/2026,25/01/2026,₹861.41,Merchant Not Delivered,User reports money deducted but merchant denies receiving payment.,IN_PROGRESS,12/02/2026,Medium,IVR,86141.0,DELIVERY_ISSUE,IN_PROGRESS,TXN00003810,861.41,False,861.41,VALID_POSITIVE
CBK0002241,TXN00009947,USR 75572,MCH 3262,01/01/2026,01-03-2026,,Account Takeover,Merchant service was not delivered after payment. pls check asap,Open,2026/01/07,High,Branch,,ACCOUNT_TAKEOVER,OPEN,TXN00009947,,False,,MISSING
CBK0000120,TXN00005470,usr35882,MCH 5805,03-24-2026,25/03/2026,INR 881.56,complaint,COMPLAINT RECEIVED AFTER MULTIPLE FAILED ATTEMPTS.,OPEN,,M,chatbot,88156.0,CUSTOMER_DISPUTE,OPEN,TXN00005470,881.56,False,881.56,VALID_POSITIVE
CBK0001486,TXN00012555,usr32962,MCH5076,08-Jan-2026,,2740.59,customer issue,USER SAYS UPI PIN WAS NOT ENTERED BY THEM.,Pending Bank,09-Jan-2026,Low,IVR,274059.0,CUSTOMER_DISPUTE,PENDING,TXN00012555,2740.59,False,2740.59,VALID_POSITIVE
CBK0000278,TXN00018188,USR33934,MCH1639,03/01/2026,05/01/2026,609.57,customer issue,Payment made to unknown merchant as per customer statement.,In Progress,02-03-2026,P1,Branch,60957.0,CUSTOMER_DISPUTE,IN_PROGRESS,TXN00018188,609.57,False,609.57,VALID_POSITIVE
CBK0001433,TXN00011103,USR93242,MCH9047,2026-01-02 23:19:14,02-Feb-2026,"INR 5,968.43",double debit,Suspicious high-value payment disputed by cust.,Resolved,25/02/2026 04:19 AM,P4,Branch,596843.0,DUPLICATE_DEBIT,RESOLVED,TXN00011103,5968.43,False,5968.43,VALID_POSITIVE
CBK0000423,TXN00012405,USR33721,mch8247,26/01/2026 09:04 PM,2026/02/11,"Rs. 1,837",charged twice,User claims account was compromised before transaction.,Rejected,03-12-2026,Medium,Branch,1837.0,CHARGED TWICE,REJECTED,TXN00012405,1837.0,False,1837.0,VALID_POSITIVE
CBK0001435,TXN00004594,USR40538,MCH1070,2026/01/16,16/01/2026 09:36 PM,262.38,fraud,MERCHANT SERVICE WAS NOT DELIVERED AFTER PAYMENT.,WIP,02/02/2026,P4,IVR,26238.0,FRAUD,IN_PROGRESS,TXN00004594,262.38,False,262.38,VALID_POSITIVE
CBK0001616,TXN00009207,USR 49823,MCH8953,02-04-2026,06-Feb-2026,"Rs. 4,915",Wrong Amount,Suspicious high-value payment disputed by customer.,Open,,HIGH,chatbot,4915.0,AMOUNT_MISMATCH,OPEN,TXN00009207,4915.0,False,4915.0,VALID_POSITIVE
CBK0001552,TXN00014793,USR 10598,mch1855,21/01/2026 06:47 PM,23/01/2026,₹641.02,item not received,USER CLAIMS ACCOUNT WAS COMPROMISED BEFORE TRANSACTION.,IN_PROGRESS,02-Feb-2026,P2,chatbot,64102.0,DELIVERY_ISSUE,IN_PROGRESS,TXN00014793,641.02,False,641.02,VALID_POSITIVE
CBK0002116,TXN00018024,USR18423,MCH9655,2026-02-26 02:31:01,28-Feb-2026,,Merchant Not Delivered,user says upi pin was not entered by them.,CLOSED,1774128661,MEDIUM,chatbot,,DELIVERY_ISSUE,CLOSED,TXN00018024,,False,,MISSING
CBK0001293,TXN00010530,USR99535,MCH4181,1774116855,1774383255,7652.76,DUP_DEBIT,User claims account was compromised before transaction.,Pending Bank,21-Apr-2026,P2,App,765276.0,DUPLICATE_DEBIT,PENDING,TXN00010530,7652.76,False,7652.76,VALID_POSITIVE
CBK0000110,txn-00005150,USR19275,MCH7578,03/01/2026,01/01/2026,"INR 2,477.97",account hacked,Customer complaint text unclear due to poor call center notes.,Rejected,1768935374,MEDIUM,Call Center,247797.0,ACCOUNT_TAKEOVER,REJECTED,TXN-00005150,2477.97,False,2477.97,VALID_POSITIVE
CBK0000851,TXN00015265,USR52830,MCH-1188,01-Feb-2026,05/02/2026,"₹9,117.57",scam,User says UPI PIN was not entered by them.,CLOSED,2026/02/18,M,IVR,911757.0,FRAUD,CLOSED,TXN00015265,9117.57,False,9117.57,VALID_POSITIVE
CBK0000664,TXN00014659,USR74769,MCH9010,1773323618,15/03/2026 10:53 PM,1093.6,Unauthorized Transaction,suspicious high-value payment disputed by customer.,Open,21/03/2026,CRIT,App,10936.0,UNAUTHORIZED_TRANSACTION,OPEN,TXN00014659,1093.6,False,1093.6,VALID_POSITIVE
CBK0000737,txn-00008826,85122,MCH9786,01-14-2026,01-24-2026,1347.43,login compromised,Complaint received after multiple failed attempts.,Open,,Low,Email,134743.0,ACCOUNT_TAKEOVER,OPEN,TXN-00008826,1347.43,False,1347.43,VALID_POSITIVE
CBK0001284,txn-00000281,USR46321,MCH 9422,2026/01/10,,-1426.33,item not received,User claims account was compromised before transaction.,REJECTED,11-Feb-2026,HIGH,Call Center,-142633.0,DELIVERY_ISSUE,REJECTED,TXN-00000281,-1426.33,True,,NEGATIVE_INVALID
CBK0002010,TXN00008590,USR58106,MCH9878,01/02/2026,06-Feb-2026,"Rs. 2,830",incorrect amount,User claims account was compromised before transaction.,OPEN,04/03/2026 04:37 PM,M,Email,2830.0,AMOUNT_MISMATCH,OPEN,TXN00008590,2830.0,False,2830.0,VALID_POSITIVE
CBK0002245,,USR77262,MCH9007,,13/03/2026 07:52 AM,Rs. 279,double debit,Payment made to unknown merchant as per cust statement.,In Progress,,M,chatbot,279.0,DUPLICATE_DEBIT,IN_PROGRESS,,279.0,False,279.0,VALID_POSITIVE
CBK0002235,TXN00009348,USR81487,MCH6056,03-17-2026,2026/05/01,2309.36,double debit,CUSTOMER SAYS AMOUNT WAS DEBITED TWICE.,In Progress,,Low,CHATBOT,230936.0,DUPLICATE_DEBIT,IN_PROGRESS,TXN00009348,2309.36,False,2309.36,VALID_POSITIVE
CBK0001762,TXN00011289,USR14871,MCH4080,2026/02/19,27-Feb-2026,1035.0,item not received,User reports money deducted but merchant denies receiving payment.,WIP,2026-03-22 04:25:49,High,Branch,10350.0,DELIVERY_ISSUE,IN_PROGRESS,TXN00011289,1035.0,False,1035.0,VALID_POSITIVE
CBK0001604,TXN00019626,USR38245,MCH7973,09/02/2026,2026/02/13,Rs. 781,fraud,Suspicious high-value payment disputed by customer.,REJECTED,,MEDIUM,Email,781.0,FRAUD,REJECTED,TXN00019626,781.0,False,781.0,VALID_POSITIVE
CBK0002182,TXN00015499,usr22939,MCH5631,1773210866,2026/03/14,1792.1,delivery issue,Customer says transaction was not authorized.,In Progress,,LOW,IVR,17921.0,DELIVERY_ISSUE,IN_PROGRESS,TXN00015499,1792.1,False,1792.1,VALID_POSITIVE
CBK0000904,,USR 46902,MCH9120,24/03/2026,26/03/2026 07:54 PM,,Wrong Amount,Suspicious high-value payment disputed by customer.,IN_PROGRESS,10/04/2026 07:54 PM,L,CHATBOT,,AMOUNT_MISMATCH,IN_PROGRESS,,,False,,MISSING
CBK0002381,TXN00011829,usr54103,MCH7837,,01-19-2026,,suspicious transaction,Customer says transaction was not authorized.,Open,28/01/2026,High,Call Center,,FRAUD,OPEN,TXN00011829,,False,,MISSING
CBK0000835,TXN00016557,usr_82094,MCH-3363,2026/03/20,2026-03-31 11:25:32,"₹3,670.72",account hacked,User claims account was compromised before transaction. pls check asap,Pending Bank,,P3,Call Center,367072.0,ACCOUNT_TAKEOVER,PENDING,TXN00016557,3670.72,False,3670.72,VALID_POSITIVE
CBK0000403,TXN00014814,USR43455,mch2055,14/02/2026 04:05 PM,,7081.78,charged twice,Payment made to unknown merchant as per customer statement.,IN_PROGRESS,07/03/2026 11:05 AM,Low,Call Center,708178.0,CHARGED TWICE,IN_PROGRESS,TXN00014814,7081.78,False,7081.78,VALID_POSITIVE
CBK0000426,TXN00001222,USR40061,MCH7377,2026/01/13,2026-02-13 02:39:13,10359.87,service failed,User reports money deducted but merchant denies receiving payment.,Open,,P3,Email,1035987.0,SERVICE_ISSUE,OPEN,TXN00001222,10359.87,False,10359.87,VALID_POSITIVE
CBK0002539,TXN00001614,usr85040,MCH7599,02/02/2026 01:33 AM,04-Feb-2026,"Rs. 13,495",merchant service issue,customer says amount was debited twice.,Pending Bank,,Low,ivr,13495.0,SERVICE_ISSUE,PENDING,TXN00001614,13495.0,False,13495.0,VALID_POSITIVE
CBK0000672,TXN94670,USR23466,MCH2383,,19/03/2026,"INR 33,780.71",charged twice,MERCHANT SERVICE WAS NOT DELIVERED AFTER PAYMENT.,WIP,,L,Email,3378071.0,CHARGED TWICE,IN_PROGRESS,TXN94670,33780.71,False,33780.71,VALID_POSITIVE
CBK0000170,TXN00016286,USR62841,mch6175,26/01/2026,,800.41,unauthorized_transaction,customer says transaction was not authorized.,WIP,,Medium,ivr,80041.0,UNAUTHORIZED_TRANSACTION,IN_PROGRESS,TXN00016286,800.41,False,800.41,VALID_POSITIVE
CBK0000632,TXN00016316,USR44482,MCH7297,01-10-2026,13-Jan-2026,"Rs. 5,742",dispute raised,User says UPI PIN was not entered by them.,RESOLVED,27-Jan-2026,Low,Call Center,5742.0,CUSTOMER_DISPUTE,RESOLVED,TXN00016316,5742.0,False,5742.0,VALID_POSITIVE
CBK0002133,TXN00010760,USR68349,MCH2383,,1768621380,1471.98,complaint,Customer complaint text unclear due to poor call center notes.,WIP,02-04-2026,M,Branch,147198.0,CUSTOMER_DISPUTE,IN_PROGRESS,TXN00010760,1471.98,False,1471.98,VALID_POSITIVE
CBK0001183,TXN00017897,USR88749,MCH7263,2026/01/25,2026-01-27 22:56:59,"₹1,234.00",dispute raised,Customer complaint text unclear due to poor call center notes.,Resolved,17/02/2026 10:56 PM,MEDIUM,Branch,123400.0,CUSTOMER_DISPUTE,RESOLVED,TXN00017897,1234.0,False,1234.0,VALID_POSITIVE
CBK0000342,TXN00004782,USR30157,MCH5825,23-Jan-2026,26/01/2026,779.81,customer issue,Customer complaint text unclear due to poor call center notes.,Rejected,2026/02/07,MEDIUM,Call Center,77981.0,CUSTOMER_DISPUTE,REJECTED,TXN00004782,779.81,False,779.81,VALID_POSITIVE
CBK0001451,TXN00003075,USR 13134,MCH6033,01-19-2026,02-03-2026,"₹2,267.96",extra amount deducted,User claims account was compromised before transaction.,OPEN,2026/02/12,LOW,Email,226796.0,AMOUNT_MISMATCH,OPEN,TXN00003075,2267.96,False,2267.96,VALID_POSITIVE
CBK0002072,TXN00004967,USR42423,MCH8097,21/02/2026 04:46 AM,24/02/2026 07:46 AM,-952.74,charged twice,Suspicious high-value payment disputed by customer.,RESOLVED,,LOW,Call Center,-95274.0,CHARGED TWICE,RESOLVED,TXN00004967,-952.74,True,,NEGATIVE_INVALID
CBK0002486,txn-00007604,usr_66432,MCH6076,14/02/2026 08:40 PM,20/02/2026,440.35,delivery issue,Merchant service was not delivered after payment.,Open,2026-03-22 18:40:38,Medium,CHATBOT,44035.0,DELIVERY_ISSUE,OPEN,TXN-00007604,440.35,False,440.35,VALID_POSITIVE
CBK0001104,TXN00007230,usr60004,MCH-8097,21/03/2026,22-Mar-2026,"₹4,334.18",scam,Suspicious high-value payment disputed by customer.,Resolved,,CRITICAL,App,433418.0,FRAUD,RESOLVED,TXN00007230,4334.18,False,4334.18,VALID_POSITIVE
CBK0000824,TXN78658,USR57147,MCH4226,2026/02/18,01/03/2026,2283.69,extra amount deducted,User says UPI PIN was not entered by them.,Closed,03-25-2026,Critical,IVR,228369.0,AMOUNT_MISMATCH,CLOSED,TXN78658,2283.69,False,2283.69,VALID_POSITIVE
CBK0000049,TXN00009231,usr41135,MCH 3165,2026/03/11,,INR 669.96,scam,Customer complaint text unclear due to poor call center notes.,WIP,18/04/2026,Low,Branch,66996.0,FRAUD,IN_PROGRESS,TXN00009231,669.96,False,669.96,VALID_POSITIVE
CBK0000576,TXN00019045,usr_84127,mch4763,02-13-2026,16/02/2026,4841.06,unauthorized_transaction,customer complaint text unclear due to poor call center notes.,PENDING_BANK,21/02/2026,Medium,Branch,484106.0,UNAUTHORIZED_TRANSACTION,PENDING,TXN00019045,4841.06,False,4841.06,VALID_POSITIVE
CBK0001936,TXN00016714,USR63167,MCH9457,01-09-2026,2026/01/12,,complaint,suspicious high-value payment disputed by customer.,Pending Bank,07/02/2026,P3,IVR,,CUSTOMER_DISPUTE,PENDING,TXN00016714,,False,,MISSING
CBK0000103,TXN00008797,USR69455,MCH 2902,2026-03-29 03:22:50,2026/03/31,INR 980.58,account hacked,User says UPI PIN was not entered by them.,Pending Bank,02-Apr-2026,Medium,IVR,98058.0,ACCOUNT_TAKEOVER,PENDING,TXN00008797,980.58,False,980.58,VALID_POSITIVE
CBK0001724,TXN00001257,USR18577,MCH5237,02-06-2026,2026-02-07 03:04:41,"₹2,576.33",Fraud Suspected,customer says transaction was not authorized.,Closed,03-01-2026,L,ivr,257633.0,FRAUD,CLOSED,TXN00001257,2576.33,False,2576.33,VALID_POSITIVE
CBK0000243,TXN00006922,usr46902,MCH2461,2026/02/13,15/02/2026,-1272.25,suspicious transaction,User claims account was compromised before transaction.,Closed,02-17-2026,P4,App,-127225.0,FRAUD,CLOSED,TXN00006922,-1272.25,True,,NEGATIVE_INVALID
CBK0000515,TXN00005131,USR30157,MCH-8694,,09/02/2026 07:20 AM,9968.68,customer issue,Payment made to unknown merchant as per customer statement.,Open,,Medium,CHATBOT,996868.0,CUSTOMER_DISPUTE,OPEN,TXN00005131,9968.68,False,9968.68,VALID_POSITIVE
CBK0002691,TXN00002791,USR22598,MCH2822,1769547374,11/02/2026,"₹15,201.89",service failed,Customer says transaction was not authorized.,Open,2026-02-23 20:56:14,CRIT,IVR,1520189.0,SERVICE_ISSUE,OPEN,TXN00002791,15201.89,False,15201.89,VALID_POSITIVE
CBK0001254,TXN00015085,USR72505,MCH4244,23/03/2026 07:03 AM,26/03/2026 10:03 PM,3569.92,charged twice,COMPLAINT RECEIVED AFTER MULTIPLE FAILED ATTEMPTS.,Open,,LOW,Branch,356992.0,CHARGED TWICE,OPEN,TXN00015085,3569.92,False,3569.92,VALID_POSITIVE
CBK0002569,TXN00012026,USR10288,MCH8779,2026/01/12,,"Rs. 4,655",Account Takeover,Payment made to unknown merchant as per customer statement.,REJECTED,25-Jan-2026,P4,App,4655.0,ACCOUNT_TAKEOVER,REJECTED,TXN00012026,4655.0,False,4655.0,VALID_POSITIVE
CBK0000912,TXN00017717,USR72474,MCH8508,02-19-2026,21-Feb-2026,24414.54,suspicious transaction,Complaint received after multiple failed attempts.,Open,2026/03/11,Low,Email,2441454.0,FRAUD,OPEN,TXN00017717,24414.54,False,24414.54,VALID_POSITIVE
CBK0000379,TXN00005013,USR11871,MCH1785,2026-02-09 22:37:06,2026-02-12 17:37:06,1946.17,Wrong Amount,User claims account was compromised before transaction.,OPEN,10-Mar-2026,L,App,194617.0,AMOUNT_MISMATCH,OPEN,TXN00005013,1946.17,False,1946.17,VALID_POSITIVE
CBK0000529,TXN00016687,USR79572,MCH 6500,1768047327,2026/01/11,15660.34,Merchant Not Delivered,User reports money deducted but merchant denies receiving payment.,CLOSED,,P3,ivr,1566034.0,DELIVERY_ISSUE,CLOSED,TXN00016687,15660.34,False,15660.34,VALID_POSITIVE
CBK0001805,TXN00007244,USR76141,MCH3777,25-Mar-2026,1774651839,3040.89,Account Takeover,User claims account was compromised before transaction.,IN_PROGRESS,04-19-2026,H,CHATBOT,304089.0,ACCOUNT_TAKEOVER,IN_PROGRESS,TXN00007244,3040.89,False,3040.89,VALID_POSITIVE
CBK0000881,TXN00009647,USR95891,MCH5076,03-28-2026,2026/04/01,,merchant service issue,User reports money deducted but merchant denies receiving payment.,In Progress,03/04/2026 01:09 AM,Medium,ivr,,SERVICE_ISSUE,IN_PROGRESS,TXN00009647,,False,,MISSING
CBK0001009,TXN00016326,USR34963,MCH9568,2026/03/13,15/03/2026,905.23,incorrect amount,user claims account was compromised before transaction.,IN_PROGRESS,04-12-2026,P4,CHATBOT,90523.0,AMOUNT_MISMATCH,IN_PROGRESS,TXN00016326,905.23,False,905.23,VALID_POSITIVE
CBK0002707,TXN00010218,usr11076,MCH7833,,2026-01-30 06:18:41,Rs. 694,delivery issue,user reports money deducted but merchant denies receiving payment.,Closed,01/03/2026 06:18 AM,MEDIUM,Branch,694.0,DELIVERY_ISSUE,CLOSED,TXN00010218,694.0,False,694.0,VALID_POSITIVE
CBK0001445,TXN00003088,usr27045,MCH 4407,13-Jan-2026,16-Jan-2026,"1,019.25",Fraud Suspected,User says UPI PIN was not entered by them.,OPEN,2026/02/10,M,App,101925.0,FRAUD,OPEN,TXN00003088,1019.25,False,1019.25,VALID_POSITIVE
CBK0001702,TXN00003610,USR66677,MCH-8953,2026/01/30,02-03-2026,"₹6,753.79",DUP_DEBIT,MERCHANT SERVICE WAS NOT DELIVERED AFTER PAYMENT.,Closed,2026/02/04,P4,IVR,675379.0,DUPLICATE_DEBIT,CLOSED,TXN00003610,6753.79,False,6753.79,VALID_POSITIVE
CBK0002518,TXN00001703,USR 36969,MCH3491,2026/03/13,19/03/2026,"1,926.45",not delivered,User reports money deducted but merchant denies receiving payment.,WIP,,Medium,Email,192645.0,DELIVERY_ISSUE,IN_PROGRESS,TXN00001703,1926.45,False,1926.45,VALID_POSITIVE
CBK0001694,TXN51122,USR46938,MCH9841,2026/03/02,2026/03/18,₹348.47,Wrong Amount,Customer says amount was debited twice.,REJECTED,25/03/2026,Low,Email,34847.0,AMOUNT_MISMATCH,REJECTED,TXN51122,348.47,False,348.47,VALID_POSITIVE
CBK0000043,TXN00015200,USR15181,MCH-4051,2026-02-12 05:01:35,15-Feb-2026,,incorrect amount,complaint received after multiple failed attempts.,Resolved,08/03/2026,L,ivr,,AMOUNT_MISMATCH,RESOLVED,TXN00015200,,False,,MISSING
CBK0002493,TXN00014670,USR 79511,MCH9179,2026/03/13,03-19-2026,1969.23,unauth txn,Merchant service was not delivered after payment.,In Progress,2026/04/17,M,IVR,196923.0,UNAUTHORIZED_TRANSACTION,IN_PROGRESS,TXN00014670,1969.23,False,1969.23,VALID_POSITIVE
CBK0002402,TXN00015883,USR71704,MCH9745,2026/01/08,01-19-2026,2183.47,no service,Suspicious high-value payment disputed by customer.,CLOSED,,P3,Call Center,218347.0,SERVICE_ISSUE,CLOSED,TXN00015883,2183.47,False,2183.47,VALID_POSITIVE
CBK0000530,TXN00013623,USR 83977,7491,23/03/2026 01:39 PM,25/03/2026,5881.5,Duplicate Debit,Customer complaint text unclear due to poor call center notes.,Rejected,01/04/2026,H,CHATBOT,58815.0,DUPLICATE_DEBIT,REJECTED,TXN00013623,5881.5,False,5881.5,VALID_POSITIVE
CBK0001362,TXN00003264,USR32927,MCH 3566,25/02/2026 05:34 AM,28/02/2026,"₹1,771.56",not delivered,User says UPI PIN was not entered by them.,IN_PROGRESS,1773189298,High,Email,177156.0,DELIVERY_ISSUE,IN_PROGRESS,TXN00003264,1771.56,False,1771.56,VALID_POSITIVE
CBK0000844,TXN00012434,usr_60718,MCH 5451,,26/02/2026 04:33 PM,"₹2,898.89",merchant service issue,Customer says transaction was not authorized.,REJECTED,03-09-2026,M,chatbot,289889.0,SERVICE_ISSUE,REJECTED,TXN00012434,2898.89,False,2898.89,VALID_POSITIVE
CBK0000560,,USR33142,mch4991,07/03/2026 08:06 PM,2026/03/08,3235.8,account hacked,Payment made to unknown merchant as per customer statement.,RESOLVED,11-Mar-2026,High,CHATBOT,32358.0,ACCOUNT_TAKEOVER,RESOLVED,,3235.8,False,3235.8,VALID_POSITIVE
CBK0001906,TXN00005849,USR 68355,MCH 6716,31/03/2026,1775104195,-2213.96,Duplicate Debit,customer says amount was debited twice.,RESOLVED,12/04/2026,P3,Call Center,-221396.0,DUPLICATE_DEBIT,RESOLVED,TXN00005849,-2213.96,True,,NEGATIVE_INVALID
CBK0001073,TXN00004089,USR33934,MCH1529,01-25-2026,2026-01-30 16:41:27,493.48,dispute raised,Merchant service was not delivered after payment.,RESOLVED,2026/02/12,LOW,Call Center,49348.0,CUSTOMER_DISPUTE,RESOLVED,TXN00004089,493.48,False,493.48,VALID_POSITIVE
CBK0000917,TXN00010215,USR 71348,MCH2938,22-Jan-2026,2026-02-01 23:51:18,"₹6,899.70",delivery issue,User says UPI PIN was not entered by them.,PENDING_BANK,28/02/2026,P3,chatbot,689970.0,DELIVERY_ISSUE,PENDING,TXN00010215,6899.7,False,6899.7,VALID_POSITIVE
CBK0001579,TXN00013935,USR67399,MCH 5294,01-30-2026,,1513.85,incorrect amount,User reports money deducted but merchant denies receiving payment.,PENDING_BANK,2026/02/23,L,App,151385.0,AMOUNT_MISMATCH,PENDING,TXN00013935,1513.85,False,1513.85,VALID_POSITIVE
CBK0001324,TXN00002901,USR43702,MCH-2167,19/03/2026,29/03/2026,Rs. 668,FRAUD,Suspicious high-value payment disputed by customer.,Open,,P3,CHATBOT,668.0,FRAUD,OPEN,TXN00002901,668.0,False,668.0,VALID_POSITIVE
CBK0001788,TXN00016160,USR74134,MCH4181,2026/01/25,2026-02-05 04:45:43,₹604.17,DUP_DEBIT,User says UPI PIN was not entered by them.,CLOSED,11/02/2026 04:45 AM,MEDIUM,ivr,60417.0,DUPLICATE_DEBIT,CLOSED,TXN00016160,604.17,False,604.17,VALID_POSITIVE
CBK0000717,txn-00011204,usr82688,MCH4181,04/03/2026,,,item not received,Customer says transaction was not authorized.,Rejected,1773903271,High,App,,DELIVERY_ISSUE,REJECTED,TXN-00011204,,False,,MISSING
CBK0002271,TXN00012860,USR27755,MCH6850,27-Jan-2026,2026-01-30 23:27:37,"Rs. 4,626",account hacked,User reports money deducted but merchant denies receiving payment.,Pending Bank,1770766057,P4,App,4626.0,ACCOUNT_TAKEOVER,PENDING,TXN00012860,4626.0,False,4626.0,VALID_POSITIVE
CBK0002524,TXN00010461,USR-72734,MCH 2390,14/03/2026 02:52 AM,,₹300.44,extra amount deducted,Suspicious high-value payment disputed by customer.,Open,,LOW,IVR,30044.0,AMOUNT_MISMATCH,OPEN,TXN00010461,300.44,False,300.44,VALID_POSITIVE
CBK0000268,TXN00000069,16371,MCH5588,21/03/2026,20-Mar-2026,985.19,extra amount deducted,Merchant service was not delivered after payment.,PENDING_BANK,20/03/2026 10:09 AM,CRIT,Email,98519.0,AMOUNT_MISMATCH,PENDING,TXN00000069,985.19,False,985.19,VALID_POSITIVE
CBK0000025,TXN00018011,USR73468,MCH-3488,2026-01-18 21:37:05,20/01/2026,376.33,Customer Dispute,COMPLAINT RECEIVED AFTER MULTIPLE FAILED ATTEMPTS.,Rejected,12-Feb-2026,HIGH,ivr,37633.0,CUSTOMER_DISPUTE,REJECTED,TXN00018011,376.33,False,376.33,VALID_POSITIVE
CBK0002252,TXN00018705,USR30837,mch4857,13/02/2026 09:40 AM,18-Feb-2026,325.69,dispute raised,Customer says amount was debited twice.,PENDING_BANK,2026/02/19,L,Email,32569.0,CUSTOMER_DISPUTE,PENDING,TXN00018705,325.69,False,325.69,VALID_POSITIVE
CBK0001230,TXN00015088,usr_49696,MCH6914,2026-01-10 11:58:51,18/01/2026,590.13,item not received,user reports money deducted but merchant denies receiving payment.,RESOLVED,02-05-2026,Low,Call Center,59013.0,DELIVERY_ISSUE,RESOLVED,TXN00015088,590.13,False,590.13,VALID_POSITIVE
CBK0000725,TXN00001816,77595,MCH4624,03-Feb-2026,2026-02-05 00:11:27,506.82,fraud,Customer says transaction was not authorized.,Resolved,02-15-2026,H,CHATBOT,50682.0,FRAUD,RESOLVED,TXN00001816,506.82,False,506.82,VALID_POSITIVE
CBK0000871,TXN00014130,USR50013,MCH3815,24/02/2026 02:55 PM,02-Mar-2026,"6,351.69",suspicious transaction,Customer says transaction was not authorized.,Pending Bank,03-04-2026,M,chatbot,635169.0,FRAUD,PENDING,TXN00014130,6351.69,False,6351.69,VALID_POSITIVE
CBK0001638,TXN00016806,USR90476,MCH2266,23-Jan-2026,2026-01-23 08:43:25,754.9,no service,Suspicious high-value payment disputed by customer.,CLOSED,11-Feb-2026,P3,Call Center,7549.0,SERVICE_ISSUE,CLOSED,TXN00016806,754.9,False,754.9,VALID_POSITIVE
CBK0001862,TXN00015119,USR29393,MCH-2677,2026/01/29,,"Rs. 2,069",not delivered,Customer says transaction was not authorized.,Rejected,25/02/2026,Low,chatbot,2069.0,DELIVERY_ISSUE,REJECTED,TXN00015119,2069.0,False,2069.0,VALID_POSITIVE
CBK0000953,TXN00011579,USR 13025,mch7570,02-Mar-2026,18-Mar-2026,"Rs. 4,186",merchant service issue,User claims account was compromised before transaction.,CLOSED,13/04/2026,Critical,chatbot,4186.0,SERVICE_ISSUE,CLOSED,TXN00011579,4186.0,False,4186.0,VALID_POSITIVE
CBK0001597,TXN00014374,USR80134,MCH4854,06/02/2026,2026/02/06,"₹1,445.01",unauth txn,Complaint received after multiple failed attempts.,RESOLVED,,P4,Branch,144501.0,UNAUTHORIZED_TRANSACTION,RESOLVED,TXN00014374,1445.01,False,1445.01,VALID_POSITIVE
CBK0000870,TXN00013994,USR 44954,MCH 7833,,02-11-2026,522.4,DUP_DEBIT,User says UPI PIN was not entered by them.,REJECTED,2026-02-25 02:46:35,M,ivr,5224.0,DUPLICATE_DEBIT,REJECTED,TXN00013994,522.4,False,522.4,VALID_POSITIVE
CBK0000954,TXN00009961,USR59679,MCH7079,1773478960,2026/03/16,983.39,Customer Dispute,Merchant service was not delivered after payment.,Pending Bank,12/04/2026,P4,IVR,98339.0,CUSTOMER_DISPUTE,PENDING,TXN00009961,983.39,False,983.39,VALID_POSITIVE
CBK0001048,TXN00006989,USR 32480,MCH4181,31/03/2026,04-02-2026,"₹1,796.19",FRAUD,Suspicious high-value payment disputed by customer.,PENDING_BANK,2026/04/27,M,ivr,179619.0,FRAUD,PENDING,TXN00006989,1796.19,False,1796.19,VALID_POSITIVE
CBK0001910,TXN00015728,USR83310,mch3536,24/01/2026,01-28-2026,791.9,Fraud Suspected,Customer complaint text unclear due to poor call center notes.,Rejected,1770400846,P4,Email,7919.0,FRAUD,REJECTED,TXN00015728,791.9,False,791.9,VALID_POSITIVE
CBK0000098,TXN00003777,USR36855,MCH7866,01-12-2026,2026/01/14,177.16,item not received,Customer complaint text unclear due to poor call center notes.,PENDING_BANK,17/01/2026 08:23 PM,Medium,App,17716.0,DELIVERY_ISSUE,PENDING,TXN00003777,177.16,False,177.16,VALID_POSITIVE
CBK0002471,TXN00004346,67181,MCH1914,27/01/2026,02/02/2026 03:10 AM,"INR 2,582.05",fraud,Suspicious high-value payment disputed by customer.,Rejected,,P4,Call Center,258205.0,FRAUD,REJECTED,TXN00004346,2582.05,False,2582.05,VALID_POSITIVE
CBK0002636,TXN00019539,USR 51854,MCH1037,03-10-2026,12/03/2026,671.14,dispute raised,Complaint received after multiple failed attempts.,PENDING_BANK,,L,Branch,67114.0,CUSTOMER_DISPUTE,PENDING,TXN00019539,671.14,False,671.14,VALID_POSITIVE
CBK0001913,TXN00010478,USR46902,MCH9912,2026/03/16,13-Mar-2026,2872.74,account hacked,suspicious high-value payment disputed by customer.,In Progress,31-Mar-2026,MEDIUM,Email,287274.0,ACCOUNT_TAKEOVER,IN_PROGRESS,TXN00010478,2872.74,False,2872.74,VALID_POSITIVE
CBK0001514,txn-00017992,USR 36766,MCH3815,2026/02/12,,"₹1,134.77",incorrect amount,Customer says amount was debited twice.,REJECTED,02-25-2026,Low,CHATBOT,113477.0,AMOUNT_MISMATCH,REJECTED,TXN-00017992,1134.77,False,1134.77,VALID_POSITIVE
CBK0000255,TXN00008054,USR 91954,MCH2417,03-22-2026,24/03/2026 11:29 AM,472.22,Duplicate Debit,suspicious high-value payment disputed by customer.,Rejected,07/04/2026,P2,Branch,47222.0,DUPLICATE_DEBIT,REJECTED,TXN00008054,472.22,False,472.22,VALID_POSITIVE
CBK0000802,TXN00019956,usr41434,MCH1767,06/03/2026 12:28 AM,2026/03/09,₹503.49,no service,User claims account was compromised before transaction.,Pending Bank,,L,ivr,50349.0,SERVICE_ISSUE,PENDING,TXN00019956,503.49,False,503.49,VALID_POSITIVE
CBK0001917,TXN00019782,USR15741,MCH5222,01-26-2026,01-28-2026,2150.18,delivery issue,Customer says amount was debited twice.,Rejected,2026-02-19 00:43:29,P2,ivr,215018.0,DELIVERY_ISSUE,REJECTED,TXN00019782,2150.18,False,2150.18,VALID_POSITIVE
CBK0002006,TXN00008821,USR-51720,MCH8701,21/02/2026,03-24-2026,"₹2,136.49",Fraud Suspected,complaint received after multiple failed attempts.,WIP,2026/04/04,Low,Branch,213649.0,FRAUD,IN_PROGRESS,TXN00008821,2136.49,False,2136.49,VALID_POSITIVE
CBK0002151,TXN00009818,97580,MCH2800,1768547675,17-Jan-2026,2614.31,not done by me,User claims account was compromised before transaction. NA,WIP,,P3,chatbot,261431.0,UNAUTHORIZED_TRANSACTION,IN_PROGRESS,TXN00009818,2614.31,False,2614.31,VALID_POSITIVE
CBK0002043,txn-00009451,usr14683,MCH5344,26/02/2026 07:22 PM,06/03/2026 01:22 AM,"INR 3,711.97",Customer Dispute,CUSTOMER SAYS TRANSACTION WAS NOT AUTHORIZED.,PENDING_BANK,,Medium,CHATBOT,371197.0,CUSTOMER_DISPUTE,PENDING,TXN-00009451,3711.97,False,3711.97,VALID_POSITIVE
CBK0001861,TXN00008377,USR29849,MCH5427,,,"1,274.95",Unauthorized Transaction,Payment made to unknown merchant as per customer statement.,IN_PROGRESS,03-31-2026,MEDIUM,IVR,127495.0,UNAUTHORIZED_TRANSACTION,IN_PROGRESS,TXN00008377,1274.95,False,1274.95,VALID_POSITIVE
CBK0002295,TXN00011080,USR86500,MCH1485,27/03/2026 12:15 AM,2026/03/28,3444.75,no service,Merchant service was not delivered after payment.,RESOLVED,1777122925,MEDIUM,chatbot,344475.0,SERVICE_ISSUE,RESOLVED,TXN00011080,3444.75,False,3444.75,VALID_POSITIVE
CBK0001901,TXN00014122,USR98061,MCH7055,28/02/2026,1773590597,INR 440.57,customer issue,CUSTOMER SAYS TRANSACTION WAS NOT AUTHORIZED.,Resolved,2026-04-11 16:03:17,MEDIUM,Call Center,44057.0,CUSTOMER_DISPUTE,RESOLVED,TXN00014122,440.57,False,440.57,VALID_POSITIVE
CBK0000699,TXN35789,USR17657,mch1670,06-Mar-2026,08/03/2026,1813.99,double debit,Suspicious high-value payment disputed by customer.,RESOLVED,,Low,chatbot,181399.0,DUPLICATE_DEBIT,RESOLVED,TXN35789,1813.99,False,1813.99,VALID_POSITIVE
CBK0000405,TXN00010731,usr66391,MCH-4181,26/02/2026 06:04 PM,28-Feb-2026,"Rs. 1,916",scam,User reports money deducted but merchant denies receiving payment.,Resolved,,LOW,CHATBOT,1916.0,FRAUD,RESOLVED,TXN00010731,1916.0,False,1916.0,VALID_POSITIVE
CBK0001374,TXN85698,USR29467,MCH4473,2026-01-20 20:07:30,1769137650,551.1,dispute raised,complaint received after multiple failed attempts.,Pending Bank,2026/02/15,High,IVR,5511.0,CUSTOMER_DISPUTE,PENDING,TXN85698,551.1,False,551.1,VALID_POSITIVE
CBK0000143,TXN59408,USR34207,MCH 9423,2026/03/20,2026/03/25,"Rs. 8,028",not done by me,Suspicious high-value payment disputed by cust.,Pending Bank,20/04/2026,HIGH,App,8028.0,UNAUTHORIZED_TRANSACTION,PENDING,TXN59408,8028.0,False,8028.0,VALID_POSITIVE
CBK0002488,TXN00002926,USR83342,MCH8398,1771338070,20/02/2026,407.36,Account Takeover,Payment made to unknown merchant as per customer statement.,Closed,15/03/2026 11:21 AM,Critical,Branch,40736.0,ACCOUNT_TAKEOVER,CLOSED,TXN00002926,407.36,False,407.36,VALID_POSITIVE
CBK0002319,TXN00011383,USR79596,MCH3966,22/03/2026,23/03/2026 09:22 AM,1933.11,extra amount deducted,USER REPORTS MONEY DEDUCTED BUT MERCHANT DENIES RECEIVING PAYMENT.,Closed,2026-04-13 09:22:44,P3,Branch,193311.0,AMOUNT_MISMATCH,CLOSED,TXN00011383,1933.11,False,1933.11,VALID_POSITIVE
CBK0002720,TXN00010672,USR87829,MCH9344,2026-02-12 21:52:01,02-14-2026,"Rs. 2,072",item not received,Customer complaint text unclear due to poor call center notes.,CLOSED,18/02/2026 05:52 PM,M,chatbot,2072.0,DELIVERY_ISSUE,CLOSED,TXN00010672,2072.0,False,2072.0,VALID_POSITIVE
CBK0000144,TXN00006125,USR 91671,MCH4943,1772838466,12-Mar-2026,"2,573.59",no service,Merchant service was not delivered after payment. pls check asap,CLOSED,2026/04/08,High,chatbot,257359.0,SERVICE_ISSUE,CLOSED,TXN00006125,2573.59,False,2573.59,VALID_POSITIVE
CBK0002039,TXN00005346,USR68277,MCH2065,25-Jan-2026,2026-01-27 02:10:02,-5067.95,not done by me,Complaint received after multiple failed attempts.,IN_PROGRESS,,P3,CHATBOT,-506795.0,UNAUTHORIZED_TRANSACTION,IN_PROGRESS,TXN00005346,-5067.95,True,,NEGATIVE_INVALID
CBK0002476,TXN56546,USR63172,MCH4667,11-Mar-2026,14/03/2026,,extra amount deducted,User says UPI PIN was not entered by them.,In Progress,03-22-2026,M,ivr,,AMOUNT_MISMATCH,IN_PROGRESS,TXN56546,,False,,MISSING
CBK0000649,txn-00019659,USR74992,MCH8779,04-Mar-2026,10/03/2026,2545.52,no service,Payment made to unknown merchant as per cust statement.,CLOSED,1773926724,MEDIUM,IVR,254552.0,SERVICE_ISSUE,CLOSED,TXN-00019659,2545.52,False,2545.52,VALID_POSITIVE
CBK0001419,TXN00003304,USR91108,mch2574,07/01/2026,01-11-2026,"INR 6,448.11",login compromised,Payment made to unknown merchant as per cust statement.,Closed,02-06-2026,Medium,Branch,644811.0,ACCOUNT_TAKEOVER,CLOSED,TXN00003304,6448.11,False,6448.11,VALID_POSITIVE
CBK0000680,TXN00006440,USR32302,MCH2383,03-11-2026,1773704822,"Rs. 6,058",amount mismatch,Payment made to unknown merchant as per customer statement.,OPEN,03-17-2026,Low,App,6058.0,AMOUNT_MISMATCH,OPEN,TXN00006440,6058.0,False,6058.0,VALID_POSITIVE
CBK0001400,TXN00013909,USR85655,MCH5170,14/03/2026 09:46 AM,14/03/2026 01:46 PM,836.05,ATO,Merchant service was not delivered after payment.,Rejected,,P1,Call Center,83605.0,ACCOUNT_TAKEOVER,REJECTED,TXN00013909,836.05,False,836.05,VALID_POSITIVE
CBK0002631,TXN00010422,USR63280,MCH9480,21/03/2026,03-16-2026,2144.03,FRAUD,Payment made to unknown merchant as per customer statement.,Rejected,15/04/2026,Medium,ivr,214403.0,FRAUD,REJECTED,TXN00010422,2144.03,False,2144.03,VALID_POSITIVE
CBK0000134,TXN00007757,USR87362,MCH3332,19-Mar-2026,2026/03/24,-2328.13,Merchant Not Delivered,Suspicious high-value payment disputed by customer.,OPEN,2026-04-15 22:34:56,HIGH,Branch,-232813.0,DELIVERY_ISSUE,OPEN,TXN00007757,-2328.13,True,,NEGATIVE_INVALID
CBK0002742,TXN00015781,USR70003,MCH5954,10/02/2026,02-20-2026,"INR 3,126.09",Account Takeover,User says UPI PIN was not entered by them.,WIP,1773548047,Medium,App,312609.0,ACCOUNT_TAKEOVER,IN_PROGRESS,TXN00015781,3126.09,False,3126.09,VALID_POSITIVE
CBK0001184,TXN00010902,USR62254,mch4226,2026/03/03,2026-03-06 03:53:28,"INR 3,801.16",dispute raised,Complaint received after multiple failed attempts.,REJECTED,2026/04/01,MEDIUM,App,380116.0,CUSTOMER_DISPUTE,REJECTED,TXN00010902,3801.16,False,3801.16,VALID_POSITIVE
CBK0002704,TXN00013438,USR19231,MCH 9625,05/01/2026,05-Jan-2026,532.41,ATO,Customer complaint text unclear due to poor call center notes.,Closed,15/01/2026,MEDIUM,CHATBOT,53241.0,ACCOUNT_TAKEOVER,CLOSED,TXN00013438,532.41,False,532.41,VALID_POSITIVE
CBK0001780,TXN00012392,usr_78095,MCH 8798,19/03/2026 09:14 AM,03-22-2026,₹687.06,scam,Customer says amount was debited twice.,In Progress,,MEDIUM,Email,68706.0,FRAUD,IN_PROGRESS,TXN00012392,687.06,False,687.06,VALID_POSITIVE
CBK0001081,TXN00019947,USR35882,MCH7833,01-05-2026,07-Jan-2026,"₹3,167.22",UNAUTHORISED,Customer says transaction was not authorized.,WIP,,M,Email,316722.0,UNAUTHORIZED_TRANSACTION,IN_PROGRESS,TXN00019947,3167.22,False,3167.22,VALID_POSITIVE
CBK0001043,TXN00017300,USR-36485,MCH-4326,1771091044,16/02/2026,2554.87,Duplicate Debit,User says UPI PIN was not entered by them.,Pending Bank,,HIGH,Branch,255487.0,DUPLICATE_DEBIT,PENDING,TXN00017300,2554.87,False,2554.87,VALID_POSITIVE
CBK0001417,TXN00014359,USR93454,6178,2026-02-23 20:16:08,03-02-2026,"Rs. 3,642",Account Takeover,Payment made to unknown merchant as per customer statement.,Closed,03-06-2026,Low,chatbot,3642.0,ACCOUNT_TAKEOVER,CLOSED,TXN00014359,3642.0,False,3642.0,VALID_POSITIVE
CBK0001565,TXN00019006,USR76917,MCH2053,03-20-2026,03-17-2026,,merchant service issue,customer says transaction was not authorized.,REJECTED,,MEDIUM,IVR,,SERVICE_ISSUE,REJECTED,TXN00019006,,False,,MISSING
CBK0000830,TXN00007939,USR55355,MCH2375,13/01/2026,,976.66,not delivered,Customer says amount was debited twice.,Open,01-24-2026,MEDIUM,Branch,97666.0,DELIVERY_ISSUE,OPEN,TXN00007939,976.66,False,976.66,VALID_POSITIVE
CBK0002595,TXN00006136,USR28582,MCH 5118,,14/02/2026,"INR 3,785.87",not delivered,Merchant service was not delivered after payment.,WIP,14-Mar-2026,L,ivr,378587.0,DELIVERY_ISSUE,IN_PROGRESS,TXN00006136,3785.87,False,3785.87,VALID_POSITIVE
CBK0000253,TXN00009329,USR58076,MCH4388,02-01-2026,02/02/2026,648.33,DUP_DEBIT,payment made to unknown merchant as per customer statement.,Closed,25-Feb-2026,CRIT,App,64833.0,DUPLICATE_DEBIT,CLOSED,TXN00009329,648.33,False,648.33,VALID_POSITIVE
CBK0001279,TXN42287,USR83181,MCH 2757,2026/02/24,27-Feb-2026,"₹1,318.76",not done by me,User reports money deducted but merchant denies receiving payment.,REJECTED,03-12-2026,M,App,131876.0,UNAUTHORIZED_TRANSACTION,REJECTED,TXN42287,1318.76,False,1318.76,VALID_POSITIVE
CBK0001955,TXN00018686,USR46407,MCH-5510,2026-01-11 17:40:36,17-Jan-2026,530.01,unauthorized_transaction,Customer says transaction was not authorized.,PENDING_BANK,30/01/2026,M,chatbot,53001.0,UNAUTHORIZED_TRANSACTION,PENDING,TXN00018686,530.01,False,530.01,VALID_POSITIVE
CBK0000119,TXN79001,usr_68410,1820,13/03/2026,03-15-2026,"5,620.82",Service Not Provided,User reports money deducted but merchant denies receiving payment.,Resolved,,P4,CHATBOT,562082.0,SERVICE_ISSUE,RESOLVED,TXN79001,5620.82,False,5620.82,VALID_POSITIVE
CBK0002049,TXN47225,USR73797,MCH2065,04/02/2026,2026-02-05 20:41:10,,incorrect amount,User says UPI PIN was not entered by them.,WIP,,P4,chatbot,,AMOUNT_MISMATCH,IN_PROGRESS,TXN47225,,False,,MISSING
CBK0001489,TXN00014835,USR25333,mch5151,2026/02/25,28/02/2026 08:34 AM,2565.94,unauthorized_transaction,Customer says amount was debited twice.,Pending Bank,,M,IVR,256594.0,UNAUTHORIZED_TRANSACTION,PENDING,TXN00014835,2565.94,False,2565.94,VALID_POSITIVE
CBK0002698,TXN00019768,USR 65106,MCH2472,2026/03/29,2026/03/31,537.48,UNAUTHORISED,User claims account was compromised before transaction.,Resolved,23/04/2026 04:54 PM,H,Branch,53748.0,UNAUTHORIZED_TRANSACTION,RESOLVED,TXN00019768,537.48,False,537.48,VALID_POSITIVE
CBK0002529,TXN00012156,USR45756,MCH6446,2026/02/04,09/02/2026 02:09 PM,-1477.28,customer issue,Complaint received after multiple failed attempts.,REJECTED,,M,CHATBOT,-147728.0,CUSTOMER_DISPUTE,REJECTED,TXN00012156,-1477.28,True,,NEGATIVE_INVALID
CBK0001652,TXN00018423,usr_89267,MCH7879,03-Feb-2026,08/02/2026 04:45 PM,"Rs. 1,074",merchant service issue,User reports money deducted but merchant denies receiving payment.,IN_PROGRESS,20-Feb-2026,H,IVR,1074.0,SERVICE_ISSUE,IN_PROGRESS,TXN00018423,1074.0,False,1074.0,VALID_POSITIVE
CBK0001924,TXN00005199,USR-42019,MCH3162,1767947560,11/01/2026,2351.11,unauthorized_transaction,payment made to unknown merchant as per customer statement.,Resolved,12/01/2026 09:32 PM,Low,ivr,235111.0,UNAUTHORIZED_TRANSACTION,RESOLVED,TXN00005199,2351.11,False,2351.11,VALID_POSITIVE
CBK0001178,TXN00014094,usr27804,MCH3932,2026-02-27 01:30:01,,-2999.91,incorrect amount,merchant service was not delivered after payment.,OPEN,2026-03-20 12:30:01,M,CHATBOT,-299991.0,AMOUNT_MISMATCH,OPEN,TXN00014094,-2999.91,True,,NEGATIVE_INVALID
CBK0002203,TXN00005966,USR-98685,MCH9257,22/02/2026,1772188189,"₹8,500.66",ATO,Customer says transaction was not authorized. details missing,RESOLVED,29-Mar-2026,MEDIUM,Email,850066.0,ACCOUNT_TAKEOVER,RESOLVED,TXN00005966,8500.66,False,8500.66,VALID_POSITIVE
CBK0001473,TXN00001160,USR20984,MCH6953,02/01/2026,02/01/2026,2273.54,charged twice,customer complaint text unclear due to poor call center notes.,PENDING_BANK,01-11-2026,P4,Email,227354.0,CHARGED TWICE,PENDING,TXN00001160,2273.54,False,2273.54,VALID_POSITIVE
CBK0001769,TXN00001679,USR43379,MCH9176,21-Feb-2026,24/02/2026 11:40 AM,"Rs. 3,976",customer issue,Suspicious high-value payment disputed by customer.,RESOLVED,06-Mar-2026,Medium,CHATBOT,3976.0,CUSTOMER_DISPUTE,RESOLVED,TXN00001679,3976.0,False,3976.0,VALID_POSITIVE
CBK0001563,TXN00004035,USR 38725,MCH4473,08/01/2026 04:46 AM,13-Jan-2026,"INR 4,064.18",charged twice,User claims account was compromised before transaction.,Closed,02-08-2026,M,IVR,406418.0,CHARGED TWICE,CLOSED,TXN00004035,4064.18,False,4064.18,VALID_POSITIVE
CBK0000763,TXN00005691,USR98061,MCH-6850,11-Feb-2026,2026-02-14 22:00:46,,extra amount deducted,Suspicious high-value payment disputed by customer.,Pending Bank,03-10-2026,High,Email,,AMOUNT_MISMATCH,PENDING,TXN00005691,,False,,MISSING
CBK0001306,TXN00000143,USR63816,MCH4399,15/03/2026,1774514356,Rs. 449,extra amount deducted,User says UPI PIN was not entered by them.,PENDING_BANK,07-Apr-2026,Medium,Call Center,449.0,AMOUNT_MISMATCH,PENDING,TXN00000143,449.0,False,449.0,VALID_POSITIVE
CBK0002421,TXN00008235,USR71538,MCH4564,1774366072,26/03/2026,"Rs. 1,302",Customer Dispute,Customer complaint text unclear due to poor call center notes. call dropped,REJECTED,07/04/2026 04:27 PM,P3,Branch,1302.0,CUSTOMER_DISPUTE,REJECTED,TXN00008235,1302.0,False,1302.0,VALID_POSITIVE
CBK0001918,TXN00006549,usr90740,MCH2943,05/02/2026 01:21 AM,10-Feb-2026,₹905.53,complaint,User says UPI PIN was not entered by them.,REJECTED,02-Mar-2026,L,IVR,90553.0,CUSTOMER_DISPUTE,REJECTED,TXN00006549,905.53,False,905.53,VALID_POSITIVE
CBK0001928,TXN00018064,USR 85507,MCH2857,2026-01-02 01:25:56,09/01/2026 05:25 AM,Rs. 590,complaint,Customer says transaction was not authorized.,RESOLVED,01-30-2026,P3,Email,590.0,CUSTOMER_DISPUTE,RESOLVED,TXN00018064,590.0,False,590.0,VALID_POSITIVE
CBK0001721,txn-00013741,USR65211,MCH5954,2026/02/08,14/02/2026 12:34 AM,1756.23,Merchant Not Delivered,Complaint received after multiple failed attempts.,Closed,11/03/2026 12:34 AM,High,Branch,175623.0,DELIVERY_ISSUE,CLOSED,TXN-00013741,1756.23,False,1756.23,VALID_POSITIVE
CBK0001619,TXN00007989,USR21845,mch1998,17/02/2026,17-Feb-2026,1245.09,amount mismatch,Customer complaint text unclear due to poor call center notes.,Closed,23/02/2026 10:05 PM,Medium,CHATBOT,124509.0,AMOUNT_MISMATCH,CLOSED,TXN00007989,1245.09,False,1245.09,VALID_POSITIVE
CBK0000139,TXN34566,USR29306,MCH-4355,2026-01-13 06:24:38,2026/01/15,"Rs. 2,696",DUP_DEBIT,User says UPI PIN was not entered by them.,REJECTED,,L,ivr,2696.0,DUPLICATE_DEBIT,REJECTED,TXN34566,2696.0,False,2696.0,VALID_POSITIVE
CBK0001893,TXN00018872,USR67363,mch2594,2026/01/31,2026/02/02,"4,001.57",unauth txn,User reports money deducted but merchant denies receiving payment.,REJECTED,,P3,IVR,400157.0,UNAUTHORIZED_TRANSACTION,REJECTED,TXN00018872,4001.57,False,4001.57,VALID_POSITIVE
CBK0001686,TXN00003833,21384,MCH4729,2026-03-18 10:00:38,03-22-2026,"INR 1,688.18",Customer Dispute,Customer says transaction was not authorized.,Open,17-Apr-2026,Medium,ivr,168818.0,CUSTOMER_DISPUTE,OPEN,TXN00003833,1688.18,False,1688.18,VALID_POSITIVE
CBK0000868,TXN00017012,USR 26098,MCH2383,1770506573,09/02/2026,990.42,service failed,customer says amount was debited twice.,RESOLVED,,Medium,ivr,99042.0,SERVICE_ISSUE,RESOLVED,TXN00017012,990.42,False,990.42,VALID_POSITIVE
CBK0002309,TXN00012387,USR18453,MCH-5452,03-02-2026,07/03/2026,-2462.0,DUP_DEBIT,Customer complaint text unclear due to poor call center notes. NA,Rejected,,Medium,CHATBOT,-24620.0,DUPLICATE_DEBIT,REJECTED,TXN00012387,-2462.0,True,,NEGATIVE_INVALID
CBK0000116,TXN00008116,USR77356,mch8789,02-13-2026,19/02/2026,841.93,UNAUTHORISED,Suspicious high-value payment disputed by customer.,CLOSED,16-Mar-2026,Low,IVR,84193.0,UNAUTHORIZED_TRANSACTION,CLOSED,TXN00008116,841.93,False,841.93,VALID_POSITIVE
CBK0000093,TXN00009196,USR28608,MCH-7127,20/01/2026 06:00 PM,22-Jan-2026,,Service Not Provided,Suspicious high-value payment disputed by customer.,Pending Bank,1770465643,MEDIUM,Email,,SERVICE_ISSUE,PENDING,TXN00009196,,False,,MISSING
CBK0000064,TXN00019898,USR48525,MCH5257,13/03/2026 04:30 AM,15/03/2026 08:30 PM,INR 861.86,amount mismatch,Suspicious high-value payment disputed by customer.,CLOSED,2026-04-03 20:30:01,MEDIUM,Email,86186.0,AMOUNT_MISMATCH,CLOSED,TXN00019898,861.86,False,861.86,VALID_POSITIVE
CBK0002119,TXN00005222,USR53942,MCH6399,1768987009,29/01/2026,"1,345.55",Account Takeover,COMPLAINT RECEIVED AFTER MULTIPLE FAILED ATTEMPTS.,Rejected,,P4,IVR,134555.0,ACCOUNT_TAKEOVER,REJECTED,TXN00005222,1345.55,False,1345.55,VALID_POSITIVE
CBK0002412,TXN00003020,USR 96958,MCH8779,14-Mar-2026,17-Mar-2026,2521.22,DUP_DEBIT,User claims account was compromised before transaction.,CLOSED,2026-03-18 20:13:34,LOW,Email,252122.0,DUPLICATE_DEBIT,CLOSED,TXN00003020,2521.22,False,2521.22,VALID_POSITIVE
CBK0000149,TXN00015300,USR25559,mch8125,24-Mar-2026,,INR 753.90,account hacked,Merchant service was not delivered after payment.,In Progress,,Medium,App,75390.0,ACCOUNT_TAKEOVER,IN_PROGRESS,TXN00015300,753.9,False,753.9,VALID_POSITIVE
CBK0002702,TXN00010278,USR59665,MCH8977,10/03/2026,1773640627,-1779.15,Unauthorized Transaction,COMPLAINT RECEIVED AFTER MULTIPLE FAILED ATTEMPTS.,CLOSED,01/04/2026 05:57 AM,High,IVR,-177915.0,UNAUTHORIZED_TRANSACTION,CLOSED,TXN00010278,-1779.15,True,,NEGATIVE_INVALID
CBK0002747,TXN00010095,usr18347,MCH9442,2026/03/24,,"₹1,820.01",Duplicate Debit,Merchant service was not delivered after payment.,Resolved,30-Mar-2026,Low,Email,182001.0,DUPLICATE_DEBIT,RESOLVED,TXN00010095,1820.01,False,1820.01,VALID_POSITIVE
CBK0002394,TXN00001169,USR60198,mch6518,2026/02/27,03-03-2026,10453.78,extra amount deducted,Customer says transaction was not authorized.,WIP,16/03/2026,M,CHATBOT,1045378.0,AMOUNT_MISMATCH,IN_PROGRESS,TXN00001169,10453.78,False,10453.78,VALID_POSITIVE
CBK0001574,TXN00019043,USR90528,mch6885,17-Jan-2026,22/01/2026 11:10 PM,Rs. 215,FRAUD,user reports money deducted but merchant denies receiving payment.,PENDING_BANK,02-10-2026,H,Branch,215.0,FRAUD,PENDING,TXN00019043,215.0,False,215.0,VALID_POSITIVE
CBK0002307,TXN36574,USR15565,MCH4590,08/02/2026,09-Feb-2026,INR 676.79,Fraud Suspected,USER REPORTS MONEY DEDUCTED BUT MERCHANT DENIES RECEIVING PAYMENT.,Resolved,15/02/2026 12:46 PM,P3,Call Center,67679.0,FRAUD,RESOLVED,TXN36574,676.79,False,676.79,VALID_POSITIVE
CBK0000816,txn-00014266,USR92332,MCH2146,21/03/2026 11:09 AM,21-Mar-2026,,Customer Dispute,Customer complaint text unclear due to poor call center notes. details missing,Pending Bank,2026/03/25,Medium,Branch,,CUSTOMER_DISPUTE,PENDING,TXN-00014266,,False,,MISSING
CBK0001321,TXN00019939,usr87558,MCH3588,2026/02/19,20/02/2026,"₹1,954.14",Merchant Not Delivered,User claims account was compromised before transaction. call dropped,RESOLVED,09/03/2026,P3,Email,195414.0,DELIVERY_ISSUE,RESOLVED,TXN00019939,1954.14,False,1954.14,VALID_POSITIVE
CBK0000821,TXN00001860,USR54089,MCH8467,03-21-2026,22/03/2026,,ATO,User reports money deducted but merchant denies receiving payment.,Open,,L,IVR,,ACCOUNT_TAKEOVER,OPEN,TXN00001860,,False,,MISSING
CBK0002326,TXN00005168,USR42079,MCH6628,01/01/2026,02/01/2026,5074.67,FRAUD,Customer complaint text unclear due to poor call center notes.,Resolved,2026/01/05,HIGH,Call Center,507467.0,FRAUD,RESOLVED,TXN00005168,5074.67,False,5074.67,VALID_POSITIVE
CBK0002415,TXN00007375,USR 25624,MCH3252,,23-Mar-2026,"Rs. 4,608",complaint,Payment made to unknown merchant as per customer statement.,Resolved,1776465715,High,Call Center,4608.0,CUSTOMER_DISPUTE,RESOLVED,TXN00007375,4608.0,False,4608.0,VALID_POSITIVE
CBK0001513,TXN00000653,USR 70889,MCH8076,15/03/2026,03-19-2026,"Rs. 4,308",not delivered,Customer says transaction was not authorized.,Pending Bank,04-01-2026,P4,App,4308.0,DELIVERY_ISSUE,PENDING,TXN00000653,4308.0,False,4308.0,VALID_POSITIVE
CBK0002048,TXN00015397,USR65030,MCH-4270,08/02/2026,,460.42,Account Takeover,User reports money deducted but merchant denies receiving payment. call dropped,Rejected,04/03/2026 09:53 AM,CRITICAL,Branch,46042.0,ACCOUNT_TAKEOVER,REJECTED,TXN00015397,460.42,False,460.42,VALID_POSITIVE
CBK0002293,TXN00004932,USR-18205,MCH1981,28/02/2026 11:31 AM,2026/02/24,₹595.39,Fraud Suspected,User reports money deducted but merchant denies receiving payment.,REJECTED,,LOW,Branch,59539.0,FRAUD,REJECTED,TXN00004932,595.39,False,595.39,VALID_POSITIVE
CBK0000520,TXN00002770,usr60151,MCH8249,22/02/2026,24/02/2026,-908.2,incorrect amount,Customer says amount was debited twice.,WIP,03-23-2026,L,chatbot,-9082.0,AMOUNT_MISMATCH,IN_PROGRESS,TXN00002770,-908.2,True,,NEGATIVE_INVALID
CBK0001708,TXN00009350,USR60818,MCH2906,18-Jan-2026,,INR 478.75,amount mismatch,Customer says transaction was not authorized.,RESOLVED,2026/01/27,P3,Call Center,47875.0,AMOUNT_MISMATCH,RESOLVED,TXN00009350,478.75,False,478.75,VALID_POSITIVE
CBK0001097,,USR-34204,MCH5980,11/03/2026,13/03/2026,2968.29,amount mismatch,Merchant service was not delivered after payment.,Rejected,23-Mar-2026,P3,IVR,296829.0,AMOUNT_MISMATCH,REJECTED,,2968.29,False,2968.29,VALID_POSITIVE
CBK0000477,TXN00001582,usr30157,MCH 7030,09/01/2026,10/01/2026,6740.29,account hacked,User says UPI PIN was not entered by them.,CLOSED,20/01/2026,MEDIUM,ivr,674029.0,ACCOUNT_TAKEOVER,CLOSED,TXN00001582,6740.29,False,6740.29,VALID_POSITIVE
CBK0000740,TXN00019738,usr22040,mch1234,03-20-2026,2026-03-26 03:59:33,584.74,Account Takeover,Merchant service was not delivered after payment.,RESOLVED,2026-04-07 03:59:33,P4,Email,58474.0,ACCOUNT_TAKEOVER,RESOLVED,TXN00019738,584.74,False,584.74,VALID_POSITIVE
CBK0001907,TXN00014905,USR 24536,MCH2714,02-23-2026,,797.17,complaint,Merchant service was not delivered after payment.,Open,03-23-2026,P3,App,79717.0,CUSTOMER_DISPUTE,OPEN,TXN00014905,797.17,False,797.17,VALID_POSITIVE
CBK0001098,TXN00006667,USR54912,4734,16/03/2026,19/03/2026,4240.52,delivery issue,User reports money deducted but merchant denies receiving payment. call dropped,In Progress,07/04/2026,L,CHATBOT,424052.0,DELIVERY_ISSUE,IN_PROGRESS,TXN00006667,4240.52,False,4240.52,VALID_POSITIVE
CBK0002034,TXN00014295,USR46599,MCH7669,2026/02/22,1775694236,3265.64,DUP_DEBIT,customer complaint text unclear due to poor call center notes.,Resolved,1777940636,LOW,Call Center,326564.0,DUPLICATE_DEBIT,RESOLVED,TXN00014295,3265.64,False,3265.64,VALID_POSITIVE
CBK0000328,TXN00011489,USR62345,MCH8996,,26/01/2026 04:02 AM,"Rs. 1,419",account hacked,Customer says transaction was not authorized.,Closed,1769486523,P4,chatbot,1419.0,ACCOUNT_TAKEOVER,CLOSED,TXN00011489,1419.0,False,1419.0,VALID_POSITIVE
CBK0002510,TXN49297,USR99880,1439,2026-02-05 04:07:59,,"INR 1,707.55",dispute raised,User says UPI PIN was not entered by them. NA,PENDING_BANK,,P3,Email,170755.0,CUSTOMER_DISPUTE,PENDING,TXN49297,1707.55,False,1707.55,VALID_POSITIVE
CBK0000819,TXN00008276,USR66046,MCH 3941,02-25-2026,2026/03/12,"INR 2,947.75",not done by me,Suspicious high-value payment disputed by customer.,OPEN,03-28-2026,P2,chatbot,294775.0,UNAUTHORIZED_TRANSACTION,OPEN,TXN00008276,2947.75,False,2947.75,VALID_POSITIVE
CBK0001301,TXN00005559,USR98939,MCH5403,10/01/2026,2026/01/07,597.81,Customer Dispute,merchant service was not delivered after payment.,REJECTED,,MEDIUM,chatbot,59781.0,CUSTOMER_DISPUTE,REJECTED,TXN00005559,597.81,False,597.81,VALID_POSITIVE
CBK0000547,TXN00003173,usr42144,MCH-9330,22/03/2026 02:40 AM,2026/03/24,"Rs. 3,014",charged twice,Customer complaint text unclear due to poor call center notes.,REJECTED,14/04/2026,L,Email,3014.0,CHARGED TWICE,REJECTED,TXN00003173,3014.0,False,3014.0,VALID_POSITIVE
CBK0001625,TXN00006214,USR39132,MCH3495,13/02/2026,30/03/2026 11:46 PM,"4,111.68",customer issue,User reports money deducted but merchant denies receiving payment.,Closed,2026-04-12 23:46:08,MEDIUM,Email,411168.0,CUSTOMER_DISPUTE,CLOSED,TXN00006214,4111.68,False,4111.68,VALID_POSITIVE
CBK0001515,TXN00000062,USR11366,MCH2992,,07/03/2026 02:01 PM,330.73,merchant service issue,User says UPI PIN was not entered by them.,CLOSED,05-Apr-2026,P4,Branch,33073.0,SERVICE_ISSUE,CLOSED,TXN00000062,330.73,False,330.73,VALID_POSITIVE
CBK0000788,TXN00003574,USR22284,MCH4473,2026/03/28,2026-03-30 14:07:24,3933.58,Unauthorized Transaction,User says UPI PIN was not entered by them.,RESOLVED,2026/04/28,L,Branch,393358.0,UNAUTHORIZED_TRANSACTION,RESOLVED,TXN00003574,3933.58,False,3933.58,VALID_POSITIVE
CBK0000089,TXN00017797,USR85655,MCH8344,22-Jan-2026,2026-01-23 23:22:08,1590.47,not delivered,Complaint received after multiple failed attempts.,OPEN,02-07-2026,High,ivr,159047.0,DELIVERY_ISSUE,OPEN,TXN00017797,1590.47,False,1590.47,VALID_POSITIVE
CBK0002218,TXN00018418,USR35410,MCH7622,2026-03-13 08:55:08,03-16-2026,671.84,Customer Dispute,Customer says transaction was not authorized.,WIP,08/04/2026,H,Branch,67184.0,CUSTOMER_DISPUTE,IN_PROGRESS,TXN00018418,671.84,False,671.84,VALID_POSITIVE
CBK0001356,TXN00018996,usr61151,MCH3100,01-25-2026,27/01/2026,1863.8,incorrect amount,Customer says amount was debited twice.,Closed,2026/02/12,L,ivr,18638.0,AMOUNT_MISMATCH,CLOSED,TXN00018996,1863.8,False,1863.8,VALID_POSITIVE
CBK0001028,TXN00007136,USR67087,MCH5446,2026-03-02 03:15:09,2026/03/05,6758.4,DUP_DEBIT,Customer complaint text unclear due to poor call center notes.,In Progress,20/03/2026 12:15 AM,LOW,Call Center,67584.0,DUPLICATE_DEBIT,IN_PROGRESS,TXN00007136,6758.4,False,6758.4,VALID_POSITIVE
CBK0000407,TXN00008429,USR90727,MCH2989,2026-01-13 11:06:46,2026/01/15,"INR 1,512.54",Customer Dispute,User claims account was compromised before transaction.,In Progress,18/01/2026,MEDIUM,App,151254.0,CUSTOMER_DISPUTE,IN_PROGRESS,TXN00008429,1512.54,False,1512.54,VALID_POSITIVE
CBK0000386,TXN00017080,USR66286,MCH2441,03-02-2026,03/03/2026,687.73,DUP_DEBIT,Merchant service was not delivered after payment.,Rejected,,L,CHATBOT,68773.0,DUPLICATE_DEBIT,REJECTED,TXN00017080,687.73,False,687.73,VALID_POSITIVE
CBK0002369,txn-00000843,usr_72135,MCH4517,03-01-2026,2026-03-02 02:12:47,947.54,login compromised,SUSPICIOUS HIGH-VALUE PAYMENT DISPUTED BY CUSTOMER.,Rejected,17/03/2026 02:12 AM,Low,Call Center,94754.0,ACCOUNT_TAKEOVER,REJECTED,TXN-00000843,947.54,False,947.54,VALID_POSITIVE
CBK0001194,TXN00010450,USR85606,MCH-3304,1768916207,1768937807,"Rs. 1,024",account hacked,Suspicious high-value payment disputed by cust.,PENDING_BANK,30-Jan-2026,P3,IVR,1024.0,ACCOUNT_TAKEOVER,PENDING,TXN00010450,1024.0,False,1024.0,VALID_POSITIVE
CBK0000299,TXN00010454,USR21651,MCH-1397,03-15-2026,2026-03-18 13:17:09,2554.86,account hacked,Merchant service was not delivered after payment.,In Progress,,L,Branch,255486.0,ACCOUNT_TAKEOVER,IN_PROGRESS,TXN00010454,2554.86,False,2554.86,VALID_POSITIVE
CBK0000125,TXN00006063,USR72570,MCH3943,2026/02/14,15/02/2026 11:35 AM,"Rs. 2,157",ATO,User claims account was compromised before transaction.,IN_PROGRESS,18/02/2026,High,ivr,2157.0,ACCOUNT_TAKEOVER,IN_PROGRESS,TXN00006063,2157.0,False,2157.0,VALID_POSITIVE
CBK0000754,TXN00001826,USR35882,MCH3115,28/02/2026,10/03/2026,895.55,customer issue,User claims account was compromised before transaction. urgent,Pending Bank,,Medium,chatbot,89555.0,CUSTOMER_DISPUTE,PENDING,TXN00001826,895.55,False,895.55,VALID_POSITIVE
CBK0001655,TXN00016496,USR31906,MCH4225,29-Jan-2026,06/02/2026,5996.21,customer issue,Customer complaint text unclear due to poor call center notes.,RESOLVED,13/02/2026,CRITICAL,IVR,599621.0,CUSTOMER_DISPUTE,RESOLVED,TXN00016496,5996.21,False,5996.21,VALID_POSITIVE
CBK0002024,TXN00016207,USR91246,MCH7726,01-02-2026,04/01/2026,₹628.32,not delivered,Suspicious high-value payment disputed by customer.,CLOSED,24/01/2026 07:10 AM,P3,Email,62832.0,DELIVERY_ISSUE,CLOSED,TXN00016207,628.32,False,628.32,VALID_POSITIVE
CBK0001470,TXN30234,USR24750,MCH6880,24/03/2026,,"1,915.50",fraud,Customer complaint text unclear due to poor call center notes.,CLOSED,17-Apr-2026,M,Branch,191550.0,FRAUD,CLOSED,TXN30234,1915.5,False,1915.5,VALID_POSITIVE
CBK0001499,TXN00016211,USR84128,MCH7738,2026/03/02,2026/03/03,-6191.97,Duplicate Debit,Payment made to unknown merchant as per customer statement.,REJECTED,07/03/2026,H,chatbot,-619197.0,DUPLICATE_DEBIT,REJECTED,TXN00016211,-6191.97,True,,NEGATIVE_INVALID
CBK0002580,TXN00004925,USR73573,MCH6810,,,"9,977.75",no service,User reports money deducted but merchant denies receiving payment.,REJECTED,03-25-2026,M,App,997775.0,SERVICE_ISSUE,REJECTED,TXN00004925,9977.75,False,9977.75,VALID_POSITIVE
CBK0001399,TXN00015053,USR20076,5050,05/02/2026 05:08 AM,,-3746.75,double debit,merchant service was not delivered after payment.,RESOLVED,13/03/2026 05:08 AM,Medium,Email,-374675.0,DUPLICATE_DEBIT,RESOLVED,TXN00015053,-3746.75,True,,NEGATIVE_INVALID
CBK0002120,TXN00008067,USR62703,MCH 7593,17/01/2026 12:08 AM,1769476102,14279.05,item not received,customer complaint text unclear due to poor call center notes.,IN_PROGRESS,,CRIT,chatbot,1427905.0,DELIVERY_ISSUE,IN_PROGRESS,TXN00008067,14279.05,False,14279.05,VALID_POSITIVE
CBK0000349,txn-00015766,USR88643,mch2541,2026/02/12,18/02/2026 02:44 AM,2585.25,not done by me,Suspicious high-value payment disputed by customer.,Rejected,25/02/2026 02:44 AM,HIGH,ivr,258525.0,UNAUTHORIZED_TRANSACTION,REJECTED,TXN-00015766,2585.25,False,2585.25,VALID_POSITIVE
CBK0000160,TXN00015230,38364,MCH5454,2026-02-08 23:09:47,2026-02-14 02:09:47,2419.56,customer issue,Merchant service was not delivered after payment.,PENDING_BANK,,P2,Call Center,241956.0,CUSTOMER_DISPUTE,PENDING,TXN00015230,2419.56,False,2419.56,VALID_POSITIVE
CBK0001199,TXN00005512,USR 76915,MCH3815,07-Mar-2026,12/03/2026,"₹2,981.85",DUP_DEBIT,suspicious high-value payment disputed by customer.,WIP,01/04/2026,P4,chatbot,298185.0,DUPLICATE_DEBIT,IN_PROGRESS,TXN00005512,2981.85,False,2981.85,VALID_POSITIVE
CBK0001976,TXN00004835,USR37357,MCH5772,1771820811,20-Feb-2026,"Rs. 11,573",account hacked,user reports money deducted but merchant denies receiving payment.,In Progress,13/03/2026 04:26 AM,Medium,IVR,11573.0,ACCOUNT_TAKEOVER,IN_PROGRESS,TXN00004835,11573.0,False,11573.0,VALID_POSITIVE
CBK0001819,TXN00014412,USR-27393,9291,2026-01-16 22:17:46,24-Jan-2026,,extra amount deducted,suspicious high-value payment disputed by customer.,REJECTED,,M,ivr,,AMOUNT_MISMATCH,REJECTED,TXN00014412,,False,,MISSING
CBK0001463,TXN00018916,USR92463,MCH 4008,25-Mar-2026,,"Rs. 1,889",extra amount deducted,User reports money deducted but merchant denies receiving payment. NA,Pending Bank,04-13-2026,Medium,ivr,1889.0,AMOUNT_MISMATCH,PENDING,TXN00018916,1889.0,False,1889.0,VALID_POSITIVE
CBK0002435,TXN00015767,USR33671,MCH2699,01/03/2026,24/02/2026 01:38 AM,1904.98,item not received,Merchant service was not delivered after payment.,Rejected,19/03/2026 01:38 AM,P3,CHATBOT,190498.0,DELIVERY_ISSUE,REJECTED,TXN00015767,1904.98,False,1904.98,VALID_POSITIVE
CBK0001554,TXN00012362,USR87967,mch3177,2026/02/01,2026-02-08 02:49:19,"₹1,105.15",login compromised,Merchant service was not delivered after payment.,Resolved,23/02/2026,P4,Email,110515.0,ACCOUNT_TAKEOVER,RESOLVED,TXN00012362,1105.15,False,1105.15,VALID_POSITIVE
CBK0002443,TXN00017471,44213,MCH3992,02-01-2026,02-04-2026,₹918.63,Unauthorized Transaction,User claims account was compromised before transaction.,REJECTED,20-Feb-2026,H,Email,91863.0,UNAUTHORIZED_TRANSACTION,REJECTED,TXN00017471,918.63,False,918.63,VALID_POSITIVE
CBK0000204,TXN00014673,USR21209,MCH 8154,24/01/2026,26/01/2026 01:45 AM,749.06,customer issue,Customer says amount was debited twice.,Closed,10/02/2026 01:45 AM,MEDIUM,Call Center,74906.0,CUSTOMER_DISPUTE,CLOSED,TXN00014673,749.06,False,749.06,VALID_POSITIVE
CBK0002056,TXN00003732,USR18442,MCH1606,03-03-2026,03/04/2026,5678.98,not done by me,Customer says transaction was not authorized.,RESOLVED,,Critical,ivr,567898.0,UNAUTHORIZED_TRANSACTION,RESOLVED,TXN00003732,5678.98,False,5678.98,VALID_POSITIVE
CBK0002192,TXN00002316,USR77746,MCH1674,1768190455,01-14-2026,20754.36,scam,Customer says amount was debited twice.,In Progress,,H,IVR,2075436.0,FRAUD,IN_PROGRESS,TXN00002316,20754.36,False,20754.36,VALID_POSITIVE
CBK0002590,TXN00001121,usr43833,MCH4575,23/03/2026,,Rs. 993,delivery issue,user says upi pin was not entered by them.,Closed,20/04/2026 10:56 AM,Medium,Email,993.0,DELIVERY_ISSUE,CLOSED,TXN00001121,993.0,False,993.0,VALID_POSITIVE
CBK0001086,TXN00019525,USR21162,MCH3992,12/01/2026,1768379521,5874.15,dispute raised,customer complaint text unclear due to poor call center notes.,In Progress,22-Jan-2026,Low,Call Center,587415.0,CUSTOMER_DISPUTE,IN_PROGRESS,TXN00019525,5874.15,False,5874.15,VALID_POSITIVE
CBK0002137,TXN00008657,usr_34250,MCH6955,23/02/2026,1772508770,4252.24,fraud,Suspicious high-value payment disputed by customer. urgent,Open,2026/03/28,P4,ivr,425224.0,FRAUD,OPEN,TXN00008657,4252.24,False,4252.24,VALID_POSITIVE
CBK0002492,TXN00001518,USR-20737,5541,16-Mar-2026,18-Mar-2026,9039.58,dispute raised,Complaint received after multiple failed attempts. urgent,IN_PROGRESS,03-21-2026,P2,Email,903958.0,CUSTOMER_DISPUTE,IN_PROGRESS,TXN00001518,9039.58,False,9039.58,VALID_POSITIVE
CBK0001965,TXN00008205,USR62398,MCH6714,2026/02/12,02-12-2026,"1,147.39",ATO,Customer says amount was debited twice. pls check asap,Resolved,2026-03-01 22:26:43,P2,CHATBOT,114739.0,ACCOUNT_TAKEOVER,RESOLVED,TXN00008205,1147.39,False,1147.39,VALID_POSITIVE
CBK0001409,TXN00014019,USR20076,MCH4751,01-14-2026,01-16-2026,"2,386.95",service failed,User reports money deducted but merchant denies receiving payment.,IN_PROGRESS,29/01/2026,Medium,CHATBOT,238695.0,SERVICE_ISSUE,IN_PROGRESS,TXN00014019,2386.95,False,2386.95,VALID_POSITIVE
CBK0000738,txn-00018812,USR-98980,MCH2757,2026/01/05,16-Jan-2026,"Rs. 15,054",FRAUD,User says UPI PIN was not entered by them.,Pending Bank,14-Feb-2026,High,Call Center,15054.0,FRAUD,PENDING,TXN-00018812,15054.0,False,15054.0,VALID_POSITIVE
CBK0000293,TXN00016470,USR 50092,MCH1879,01-19-2026,25/01/2026 03:05 PM,1947.05,Customer Dispute,Suspicious high-value payment disputed by customer.,Pending Bank,02-13-2026,P2,IVR,194705.0,CUSTOMER_DISPUTE,PENDING,TXN00016470,1947.05,False,1947.05,VALID_POSITIVE
CBK0001585,TXN82330,USR14591,MCH3928,31/03/2026,01/04/2026 09:31 PM,"INR 2,452.30",Merchant Not Delivered,Customer complaint text unclear due to poor call center notes.,Pending Bank,21-Apr-2026,P1,ivr,245230.0,DELIVERY_ISSUE,PENDING,TXN82330,2452.3,False,2452.3,VALID_POSITIVE
CBK0000019,TXN00008321,usr27583,MCH 4590,02-22-2026,25-Feb-2026,699.14,DUP_DEBIT,User says UPI PIN was not entered by them.,WIP,2026/02/27,H,chatbot,69914.0,DUPLICATE_DEBIT,IN_PROGRESS,TXN00008321,699.14,False,699.14,VALID_POSITIVE
CBK0001180,TXN00012133,usr84844,MCH6202,1769929789,02-06-2026,7361.16,dispute raised,customer says transaction was not authorized.,Pending Bank,27/02/2026,Medium,chatbot,736116.0,CUSTOMER_DISPUTE,PENDING,TXN00012133,7361.16,False,7361.16,VALID_POSITIVE
CBK0000324,TXN00014492,USR34540,MCH4590,02-01-2026,2026-02-02 13:49:55,,Fraud Suspected,user says upi pin was not entered by them.,Resolved,25-Feb-2026,H,CHATBOT,,FRAUD,RESOLVED,TXN00014492,,False,,MISSING
CBK0001005,TXN00006695,USR65902,MCH5655,19/02/2026 11:11 AM,22/02/2026,"1,671.67",Account Takeover,Merchant service was not delivered after payment.,PENDING_BANK,,MEDIUM,App,167167.0,ACCOUNT_TAKEOVER,PENDING,TXN00006695,1671.67,False,1671.67,VALID_POSITIVE
CBK0001149,TXN00013355,usr_52988,MCH1182,1774606815,1774261215,6746.58,customer issue,User says UPI PIN was not entered by them.,RESOLVED,20/04/2026,Low,CHATBOT,674658.0,CUSTOMER_DISPUTE,RESOLVED,TXN00013355,6746.58,False,6746.58,VALID_POSITIVE
CBK0002743,TXN53543,USR85742,MCH4473,2026-01-25 01:22:37,25-Jan-2026,299.18,not delivered,User says UPI PIN was not entered by them.,Rejected,23/02/2026,Low,Email,29918.0,DELIVERY_ISSUE,REJECTED,TXN53543,299.18,False,299.18,VALID_POSITIVE
CBK0002526,TXN00014583,USR53424,MCH7006,20/03/2026 07:24 PM,03-24-2026,6768.55,Wrong Amount,Customer says amount was debited twice.,In Progress,04-08-2026,LOW,CHATBOT,676855.0,AMOUNT_MISMATCH,IN_PROGRESS,TXN00014583,6768.55,False,6768.55,VALID_POSITIVE
CBK0000792,TXN00017591,USR 59752,MCH2176,07-Feb-2026,02-09-2026,6180.12,dispute raised,CUSTOMER SAYS AMOUNT WAS DEBITED TWICE.,CLOSED,26/02/2026 05:50 PM,MEDIUM,Email,618012.0,CUSTOMER_DISPUTE,CLOSED,TXN00017591,6180.12,False,6180.12,VALID_POSITIVE
CBK0000971,TXN00019356,USR80212,MCH2335,07/01/2026,10/01/2026 06:07 AM,6782.66,unauth txn,merchant service was not delivered after payment.,CLOSED,04/02/2026,High,IVR,678266.0,UNAUTHORIZED_TRANSACTION,CLOSED,TXN00019356,6782.66,False,6782.66,VALID_POSITIVE
CBK0002752,TXN00009074,USR58639,MCH4181,1767596829,01-05-2026,INR 611.73,account hacked,Complaint received after multiple failed attempts.,OPEN,,P3,Branch,61173.0,ACCOUNT_TAKEOVER,OPEN,TXN00009074,611.73,False,611.73,VALID_POSITIVE
CBK0002406,TXN00019470,USR71704,MCH3759,2026/03/02,2026/03/04,3505.15,delivery issue,Merchant service was not delivered after payment. urgent,CLOSED,,LOW,Branch,350515.0,DELIVERY_ISSUE,CLOSED,TXN00019470,3505.15,False,3505.15,VALID_POSITIVE
CBK0000896,TXN00014731,USR29803,MCH7761,25-Mar-2026,2026-03-29 04:53:24,"INR 4,988.80",delivery issue,Suspicious high-value payment disputed by cust.,Rejected,13-Apr-2026,MEDIUM,App,498880.0,DELIVERY_ISSUE,REJECTED,TXN00014731,4988.8,False,4988.8,VALID_POSITIVE
CBK0000874,TXN00008435,USR43450,mch8870,02-03-2026,02-06-2026,"INR 2,126.63",complaint,User reports money deducted but merchant denies receiving payment.,RESOLVED,03-03-2026,MEDIUM,Email,212663.0,CUSTOMER_DISPUTE,RESOLVED,TXN00008435,2126.63,False,2126.63,VALID_POSITIVE
CBK0002644,TXN00006588,USR72024,MCH7102,2026/03/27,,-1971.85,complaint,Complaint received after multiple failed attempts.,REJECTED,20/04/2026,Critical,chatbot,-197185.0,CUSTOMER_DISPUTE,REJECTED,TXN00006588,-1971.85,True,,NEGATIVE_INVALID
CBK0000057,TXN00005197,USR33934,mch6452,,,"Rs. 5,740",account hacked,Customer says transaction was not authorized.,PENDING_BANK,2026/02/08,P3,Email,5740.0,ACCOUNT_TAKEOVER,PENDING,TXN00005197,5740.0,False,5740.0,VALID_POSITIVE
CBK0002367,TXN00000803,USR40928,MCH-2574,10/02/2026,11/02/2026 05:54 PM,"Rs. 1,719",customer issue,Suspicious high-value payment disputed by customer.,Pending Bank,17/02/2026 05:54 PM,Medium,Call Center,1719.0,CUSTOMER_DISPUTE,PENDING,TXN00000803,1719.0,False,1719.0,VALID_POSITIVE
CBK0001703,TXN00014396,USR62221,MCH7833,03-30-2026,04-14-2026,1107.61,unauth txn,MERCHANT SERVICE WAS NOT DELIVERED AFTER PAYMENT.,Closed,,H,App,110761.0,UNAUTHORIZED_TRANSACTION,CLOSED,TXN00014396,1107.61,False,1107.61,VALID_POSITIVE
CBK0001314,TXN00015397,USR25021,MCH-8657,2026/02/10,17-Feb-2026,7499.76,not delivered,Customer says transaction was not authorized.,REJECTED,,P4,IVR,749976.0,DELIVERY_ISSUE,REJECTED,TXN00015397,7499.76,False,7499.76,VALID_POSITIVE
CBK0001319,,USR-87558,MCH8935,2026/03/28,04-13-2026,"₹1,537.87",Customer Dispute,User says UPI PIN was not entered by them.,Closed,12/05/2026,MEDIUM,Call Center,153787.0,CUSTOMER_DISPUTE,CLOSED,,1537.87,False,1537.87,VALID_POSITIVE
CBK0002004,TXN00016498,USR71282,MCH5954,02/01/2026 02:58 PM,03/01/2026,3489.66,scam,Customer complaint text unclear due to poor call center notes.,REJECTED,,P2,chatbot,348966.0,FRAUD,REJECTED,TXN00016498,3489.66,False,3489.66,VALID_POSITIVE
CBK0000030,TXN00002461,44431,MCH2413,2026-01-18 06:52:30,20/01/2026,,not done by me,Customer says transaction was not authorized.,RESOLVED,2026-02-05 16:52:30,LOW,Branch,,UNAUTHORIZED_TRANSACTION,RESOLVED,TXN00002461,,False,,MISSING
CBK0001890,,USR 70787,MCH9165,19/01/2026,25-Jan-2026,594.52,login compromised,Complaint received after multiple failed attempts.,Closed,02-24-2026,P3,IVR,59452.0,ACCOUNT_TAKEOVER,CLOSED,,594.52,False,594.52,VALID_POSITIVE
CBK0001601,txn-00014556,51157,MCH 7360,1771101409,2026-02-17 17:36:49,"₹13,308.54",FRAUD,CUSTOMER SAYS AMOUNT WAS DEBITED TWICE.,PENDING_BANK,,P3,chatbot,1330854.0,FRAUD,PENDING,TXN-00014556,13308.54,False,13308.54,VALID_POSITIVE
CBK0002519,TXN00002544,USR91069,MCH4788,23/02/2026 04:34 AM,2026/02/23,-3839.34,service failed,User reports money deducted but merchant denies receiving payment.,Resolved,,LOW,IVR,-383934.0,SERVICE_ISSUE,RESOLVED,TXN00002544,-3839.34,True,,NEGATIVE_INVALID
CBK0002316,TXN00018781,USR80429,MCH4070,2026/03/14,15/03/2026,428.55,suspicious transaction,User reports money deducted but merchant denies receiving payment.,Resolved,21-Mar-2026,L,CHATBOT,42855.0,FRAUD,RESOLVED,TXN00018781,428.55,False,428.55,VALID_POSITIVE
CBK0000050,TXN00004935,USR75712,MCH2076,31-Jan-2026,01/02/2026 05:11 PM,"₹18,552.59",complaint,Suspicious high-value payment disputed by customer.,Resolved,03-Mar-2026,L,Call Center,1855259.0,CUSTOMER_DISPUTE,RESOLVED,TXN00004935,18552.59,False,18552.59,VALID_POSITIVE
CBK0002086,TXN00004716,usr14045,MCH9271,25/01/2026 02:59 PM,30/01/2026 09:59 PM,169.35,DUP_DEBIT,Customer says amount was debited twice. NA,REJECTED,06/02/2026 09:59 PM,Medium,Call Center,16935.0,DUPLICATE_DEBIT,REJECTED,TXN00004716,169.35,False,169.35,VALID_POSITIVE
CBK0002244,,USR64363,MCH2948,2026/01/03,01-04-2026,4378.8,Duplicate Debit,USER REPORTS MONEY DEDUCTED BUT MERCHANT DENIES RECEIVING PAYMENT.,Rejected,,Medium,Call Center,43788.0,DUPLICATE_DEBIT,REJECTED,,4378.8,False,4378.8,VALID_POSITIVE
CBK0000467,TXN00009035,usr66080,MCH-9242,2026-02-20 19:44:28,1771667068,"₹1,224.57",Fraud Suspected,Customer says amount was debited twice.,Resolved,,Low,Branch,122457.0,FRAUD,RESOLVED,TXN00009035,1224.57,False,1224.57,VALID_POSITIVE
CBK0002168,TXN00002821,USR83150,MCH-5655,10/02/2026,2026/02/11,4707.47,unauth txn,Customer says amount was debited twice.,RESOLVED,,L,ivr,470747.0,UNAUTHORIZED_TRANSACTION,RESOLVED,TXN00002821,4707.47,False,4707.47,VALID_POSITIVE
CBK0000988,TXN00007940,USR74004,MCH2383,03-14-2026,22/03/2026 11:13 AM,"Rs. 1,608",login compromised,User claims account was compromised before transaction. NA,Closed,,High,chatbot,1608.0,ACCOUNT_TAKEOVER,CLOSED,TXN00007940,1608.0,False,1608.0,VALID_POSITIVE
CBK0001035,TXN00012639,USR38128,MCH9737,01-19-2026,01-20-2026,"INR 3,681.26",amount mismatch,payment made to unknown merchant as per customer statement.,WIP,02-13-2026,HIGH,Call Center,368126.0,AMOUNT_MISMATCH,IN_PROGRESS,TXN00012639,3681.26,False,3681.26,VALID_POSITIVE
CBK0002784,TXN00003041,USR21253,MCH-2118,1768756246,2026-02-02 17:10:46,"Rs. 4,136",Service Not Provided,User reports money deducted but merchant denies receiving payment.,RESOLVED,,P3,Email,4136.0,SERVICE_ISSUE,RESOLVED,TXN00003041,4136.0,False,4136.0,VALID_POSITIVE
CBK0001119,TXN00013564,USR13165,MCH8547,2026/01/04,1767554547,-4295.67,delivery issue,Complaint received after multiple failed attempts. NA,WIP,01-24-2026,M,Call Center,-429567.0,DELIVERY_ISSUE,IN_PROGRESS,TXN00013564,-4295.67,True,,NEGATIVE_INVALID
CBK0002692,TXN00011494,usr52887,MCH1757,25-Jan-2026,2026-02-05 07:06:20,-1084.65,Account Takeover,PAYMENT MADE TO UNKNOWN MERCHANT AS PER CUSTOMER STATEMENT.,REJECTED,2026/03/01,Low,IVR,-108465.0,ACCOUNT_TAKEOVER,REJECTED,TXN00011494,-1084.65,True,,NEGATIVE_INVALID
CBK0001902,TXN00008905,USR53056,5119,,,"₹1,362.36",extra amount deducted,User claims account was compromised before transaction.,PENDING_BANK,,CRITICAL,ivr,136236.0,AMOUNT_MISMATCH,PENDING,TXN00008905,1362.36,False,1362.36,VALID_POSITIVE
CBK0002606,TXN00018342,USR69706,MCH8779,2026/03/23,03-25-2026,"2,231.66",fraud,payment made to unknown merchant as per customer statement.,WIP,04-04-2026,Critical,IVR,223166.0,FRAUD,IN_PROGRESS,TXN00018342,2231.66,False,2231.66,VALID_POSITIVE
CBK0001896,TXN00005799,USR97580,MCH8791,2026-01-06 10:14:34,2026/01/12,674.67,amount mismatch,Customer complaint text unclear due to poor call center notes.,CLOSED,2026-01-14 01:14:34,CRIT,CHATBOT,67467.0,AMOUNT_MISMATCH,CLOSED,TXN00005799,674.67,False,674.67,VALID_POSITIVE
CBK0002555,TXN00003972,76553,MCH1320,,2026-01-18 07:02:56,4309.44,no service,User reports money deducted but merchant denies receiving payment.,Open,,LOW,Email,430944.0,SERVICE_ISSUE,OPEN,TXN00003972,4309.44,False,4309.44,VALID_POSITIVE
CBK0002064,,USR68861,MCH3516,29-Mar-2026,04-14-2026,-1531.2,complaint,customer says transaction was not authorized.,PENDING_BANK,2026/05/07,L,chatbot,-15312.0,CUSTOMER_DISPUTE,PENDING,,-1531.2,True,,NEGATIVE_INVALID
CBK0002521,TXN00013602,USR98636,MCH 1574,,2026/03/15,"2,090.68",fraud,Merchant service was not delivered after payment.,In Progress,,Critical,CHATBOT,209068.0,FRAUD,IN_PROGRESS,TXN00013602,2090.68,False,2090.68,VALID_POSITIVE
CBK0000615,TXN00002775,USR83032,MCH3402,07-Jan-2026,18/01/2026 06:04 AM,"INR 1,908.80",fraud,customer says amount was debited twice.,Open,16/02/2026 06:04 AM,High,Email,190880.0,FRAUD,OPEN,TXN00002775,1908.8,False,1908.8,VALID_POSITIVE
CBK0002405,TXN00017196,USR45251,mch2538,06/03/2026,2026-03-07 02:28:07,9937.63,fraud,COMPLAINT RECEIVED AFTER MULTIPLE FAILED ATTEMPTS.,In Progress,2026-03-09 02:28:07,MEDIUM,chatbot,993763.0,FRAUD,IN_PROGRESS,TXN00017196,9937.63,False,9937.63,VALID_POSITIVE
CBK0002453,TXN00013396,USR24527,MCH2822,23-Feb-2026,,Rs. 203,Service Not Provided,User claims account was compromised before transaction.,Open,03-24-2026,P4,ivr,203.0,SERVICE_ISSUE,OPEN,TXN00013396,203.0,False,203.0,VALID_POSITIVE
CBK0001288,TXN38794,USR82920,MCH5755,10/03/2026,1775787402,"Rs. 1,144",incorrect amount,User says UPI PIN was not entered by them.,Open,24/04/2026 02:16 AM,P2,chatbot,1144.0,AMOUNT_MISMATCH,OPEN,TXN38794,1144.0,False,1144.0,VALID_POSITIVE
CBK0000696,TXN00007676,USR-33564,MCH3259,28-Feb-2026,02-28-2026,₹841.13,dispute raised,CUSTOMER SAYS TRANSACTION WAS NOT AUTHORIZED.,IN_PROGRESS,2026-03-01 09:11:30,P1,IVR,84113.0,CUSTOMER_DISPUTE,IN_PROGRESS,TXN00007676,841.13,False,841.13,VALID_POSITIVE
CBK0002448,TXN00004698,USR56276,MCH3396,2026-03-15 05:45:53,,"INR 1,942.99",dispute raised,Suspicious high-value payment disputed by customer.,CLOSED,,L,IVR,194299.0,CUSTOMER_DISPUTE,CLOSED,TXN00004698,1942.99,False,1942.99,VALID_POSITIVE
CBK0000897,,USR78326,mch2266,24-Jan-2026,27/01/2026,"INR 1,390.61",charged twice,User claims account was compromised before transaction.,Closed,,L,Branch,139061.0,CHARGED TWICE,CLOSED,,1390.61,False,1390.61,VALID_POSITIVE
CBK0000464,TXN00001948,USR72135,MCH8274,11/03/2026 12:50 AM,10/04/2026,"3,935.87",Service Not Provided,Complaint received after multiple failed attempts.,Resolved,24/04/2026 11:50 PM,LOW,chatbot,393587.0,SERVICE_ISSUE,RESOLVED,TXN00001948,3935.87,False,3935.87,VALID_POSITIVE
CBK0002482,TXN00018844,39808,MCH5330,26/01/2026,2026-02-02 03:31:15,6620.7,Merchant Not Delivered,Payment made to unknown merchant as per customer statement.,Pending Bank,,Medium,chatbot,66207.0,DELIVERY_ISSUE,PENDING,TXN00018844,6620.7,False,6620.7,VALID_POSITIVE
CBK0000411,TXN00003133,USR48609,MCH3992,,03-20-2026,3287.47,unauthorized_transaction,complaint received after multiple failed attempts.,Pending Bank,2026/04/16,Medium,Email,328747.0,UNAUTHORIZED_TRANSACTION,PENDING,TXN00003133,3287.47,False,3287.47,VALID_POSITIVE
CBK0000722,TXN00014532,USR42970,MCH9937,2026/02/28,03-04-2026,4825.86,Wrong Amount,Customer says transaction was not authorized.,Rejected,03-11-2026,H,ivr,482586.0,AMOUNT_MISMATCH,REJECTED,TXN00014532,4825.86,False,4825.86,VALID_POSITIVE
CBK0001545,TXN00005459,USR26201,MCH9867,,02-15-2026,"Rs. 2,038",Account Takeover,user claims account was compromised before transaction.,Rejected,21/02/2026,LOW,App,2038.0,ACCOUNT_TAKEOVER,REJECTED,TXN00005459,2038.0,False,2038.0,VALID_POSITIVE
CBK0000145,TXN00009456,USR21384,MCH8779,23/02/2026,,3537.13,dispute raised,Complaint received after multiple failed attempts.,IN_PROGRESS,03-21-2026,MEDIUM,chatbot,353713.0,CUSTOMER_DISPUTE,IN_PROGRESS,TXN00009456,3537.13,False,3537.13,VALID_POSITIVE
CBK0001154,TXN00007949,USR 61761,MCH5076,,1769362549,2276.53,account hacked,complaint received after multiple failed attempts.,RESOLVED,10-Feb-2026,L,IVR,227653.0,ACCOUNT_TAKEOVER,RESOLVED,TXN00007949,2276.53,False,2276.53,VALID_POSITIVE
CBK0002135,TXN00017607,USR 62613,MCH1320,09/02/2026,11-Mar-2026,Rs. 291,Unauthorized Transaction,Suspicious high-value payment disputed by customer. details missing,OPEN,2026-03-21 09:52:20,LOW,Email,291.0,UNAUTHORIZED_TRANSACTION,OPEN,TXN00017607,291.0,False,291.0,VALID_POSITIVE
CBK0000048,TXN00003553,USR11419,MCH5833,22/02/2026,26/02/2026,"3,278.36",account hacked,Customer says transaction was not authorized.,Pending Bank,07/03/2026 03:45 AM,Medium,Email,327836.0,ACCOUNT_TAKEOVER,PENDING,TXN00003553,3278.36,False,3278.36,VALID_POSITIVE
CBK0000719,TXN00008362,USR51141,MCH4473,03-23-2026,2026-05-07 11:49:41,₹716.05,item not received,payment made to unknown merchant as per customer statement.,In Progress,31/05/2026 11:49 AM,P4,App,71605.0,DELIVERY_ISSUE,IN_PROGRESS,TXN00008362,716.05,False,716.05,VALID_POSITIVE
CBK0001188,,USR 99905,MCH-7881,10/02/2026 09:30 AM,02-20-2026,"₹6,211.43",Unauthorized Transaction,User reports money deducted but merchant denies receiving payment.,CLOSED,1772746245,High,IVR,621143.0,UNAUTHORIZED_TRANSACTION,CLOSED,,6211.43,False,6211.43,VALID_POSITIVE
CBK0001540,TXN00018190,USR83597,MCH5264,,24/02/2026,"3,985.84",UNAUTHORISED,Customer complaint text unclear due to poor call center notes.,REJECTED,,MEDIUM,ivr,398584.0,UNAUTHORIZED_TRANSACTION,REJECTED,TXN00018190,3985.84,False,3985.84,VALID_POSITIVE
CBK0002666,TXN00005307,usr63160,MCH3992,23/02/2026 12:09 AM,24/02/2026,,Customer Dispute,Complaint received after multiple failed attempts.,CLOSED,1774544946,P4,App,,CUSTOMER_DISPUTE,CLOSED,TXN00005307,,False,,MISSING
CBK0000111,TXN00019912,USR43416,MCH5748,2026/02/28,2026-03-08 00:41:12,"₹2,124.72",Service Not Provided,User says UPI PIN was not entered by them.,Open,13-Mar-2026,L,Email,212472.0,SERVICE_ISSUE,OPEN,TXN00019912,2124.72,False,2124.72,VALID_POSITIVE
CBK0000561,txn-00011891,USR 27107,MCH8154,02-23-2026,,146.7,UNAUTHORISED,Customer complaint text unclear due to poor call center notes.,Open,19-Mar-2026,High,chatbot,1467.0,UNAUTHORIZED_TRANSACTION,OPEN,TXN-00011891,146.7,False,146.7,VALID_POSITIVE
CBK0001938,TXN00010250,usr52258,MCH7697,29-Jan-2026,30/01/2026,,Unauthorized Transaction,Complaint received after multiple failed attempts.,Open,09-Feb-2026,LOW,App,,UNAUTHORIZED_TRANSACTION,OPEN,TXN00010250,,False,,MISSING
CBK0001070,TXN00006138,USR72463,MCH-7131,21/02/2026,28/02/2026,486.96,unauthorized_transaction,Merchant service was not delivered after payment.,Closed,,LOW,ivr,48696.0,UNAUTHORIZED_TRANSACTION,CLOSED,TXN00006138,486.96,False,486.96,VALID_POSITIVE
CBK0001240,TXN00005144,USR87558,MCH2223,1771338736,25/02/2026,"INR 1,262.32",unauth txn,merchant service was not delivered after payment.,Resolved,07-Mar-2026,P4,IVR,126232.0,UNAUTHORIZED_TRANSACTION,RESOLVED,TXN00005144,1262.32,False,1262.32,VALID_POSITIVE
CBK0001172,TXN00000950,USR35692,MCH2757,1772546856,05-Mar-2026,1749.52,double debit,Customer says amount was debited twice.,Rejected,22/03/2026,Low,Email,174952.0,DUPLICATE_DEBIT,REJECTED,TXN00000950,1749.52,False,1749.52,VALID_POSITIVE
CBK0002786,TXN00001975,USR 44809,MCH9291,11/03/2026,14-Mar-2026,1823.8,unauth txn,Customer says transaction was not authorized.,Resolved,2026-03-16 06:59:19,High,IVR,18238.0,UNAUTHORIZED_TRANSACTION,RESOLVED,TXN00001975,1823.8,False,1823.8,VALID_POSITIVE
CBK0001609,TXN00011210,USR 50352,MCH2706,1771576314,2026/02/23,1853.91,not done by me,User claims account was compromised before transaction.,Open,03-02-2026,P3,ivr,185391.0,UNAUTHORIZED_TRANSACTION,OPEN,TXN00011210,1853.91,False,1853.91,VALID_POSITIVE
CBK0000209,TXN59223,USR24507,MCH-4782,,17-Feb-2026,Rs. 902,double debit,Payment made to unknown merchant as per cust statement.,Open,,H,App,902.0,DUPLICATE_DEBIT,OPEN,TXN59223,902.0,False,902.0,VALID_POSITIVE
CBK0002101,TXN00010055,USR 53903,MCH2065,2026/01/22,1769561461,"3,918.28",extra amount deducted,User reports money deducted but merchant denies receiving payment.,REJECTED,2026/02/13,M,ivr,391828.0,AMOUNT_MISMATCH,REJECTED,TXN00010055,3918.28,False,3918.28,VALID_POSITIVE
CBK0002166,TXN00005750,USR64580,MCH5980,2026-03-21 07:22:46,2026/03/22,1459.51,Service Not Provided,Customer says transaction was not authorized.,IN_PROGRESS,04-02-2026,P3,IVR,145951.0,SERVICE_ISSUE,IN_PROGRESS,TXN00005750,1459.51,False,1459.51,VALID_POSITIVE
CBK0001971,TXN00001893,USR40538,MCH 4473,2026-03-25 04:27:22,03-26-2026,1059.97,DUP_DEBIT,Customer complaint text unclear due to poor call center notes.,Resolved,04-20-2026,LOW,Call Center,105997.0,DUPLICATE_DEBIT,RESOLVED,TXN00001893,1059.97,False,1059.97,VALID_POSITIVE
CBK0000872,TXN00015686,USR41987,MCH-4226,27/02/2026,04/03/2026 09:09 AM,4354.56,charged twice,Complaint received after multiple failed attempts.,RESOLVED,2026/03/04,Medium,App,435456.0,CHARGED TWICE,RESOLVED,TXN00015686,4354.56,False,4354.56,VALID_POSITIVE
CBK0002618,TXN00011168,USR44759,MCH5594,01-06-2026,2026-01-10 00:35:07,5239.53,Account Takeover,Customer complaint text unclear due to poor call center notes. call dropped,Rejected,2026/01/27,MEDIUM,CHATBOT,523953.0,ACCOUNT_TAKEOVER,REJECTED,TXN00011168,5239.53,False,5239.53,VALID_POSITIVE
CBK0000176,TXN00001405,USR91859,MCH 2900,13-Mar-2026,18/03/2026 02:11 PM,"INR 2,105.51",item not received,Merchant service was not delivered after payment. call dropped,CLOSED,2026/04/05,Medium,chatbot,210551.0,DELIVERY_ISSUE,CLOSED,TXN00001405,2105.51,False,2105.51,VALID_POSITIVE
CBK0001836,TXN00002935,USR58979,mch4535,17/01/2026,1768832920,318.65,Merchant Not Delivered,Customer says transaction was not authorized.,RESOLVED,,LOW,ivr,31865.0,DELIVERY_ISSUE,RESOLVED,TXN00002935,318.65,False,318.65,VALID_POSITIVE
CBK0000130,TXN00002672,USR96637,MCH4181,06-Jan-2026,13/01/2026 01:42 PM,"INR 4,547.87",incorrect amount,User reports money deducted but merchant denies receiving payment.,Pending Bank,,L,Email,454787.0,AMOUNT_MISMATCH,PENDING,TXN00002672,4547.87,False,4547.87,VALID_POSITIVE
CBK0001271,TXN00015189,USR33650,MCH4181,2026-01-10 13:57:59,2026-01-13 20:57:59,638.59,unauthorized_transaction,User claims account was compromised before transaction.,Rejected,01-18-2026,HIGH,ivr,63859.0,UNAUTHORIZED_TRANSACTION,REJECTED,TXN00015189,638.59,False,638.59,VALID_POSITIVE
CBK0001593,TXN00015434,USR18724,MCH7728,05/03/2026 10:42 AM,2026-03-21 07:42:38,"8,317.58",suspicious transaction,customer says transaction was not authorized.,Pending Bank,07/04/2026,MEDIUM,Email,831758.0,FRAUD,PENDING,TXN00015434,8317.58,False,8317.58,VALID_POSITIVE
CBK0001879,TXN00007654,USR60131,MCH8887,05/02/2026 01:30 AM,06/02/2026 11:30 PM,552.24,extra amount deducted,Complaint received after multiple failed attempts.,RESOLVED,,P4,ivr,55224.0,AMOUNT_MISMATCH,RESOLVED,TXN00007654,552.24,False,552.24,VALID_POSITIVE
CBK0001717,TXN00005246,USR87318,MCH2104,04/03/2026 12:35 PM,2026-03-08 00:35:05,-99.96,charged twice,User says UPI PIN was not entered by them.,Rejected,,Low,IVR,-9996.0,CHARGED TWICE,REJECTED,TXN00005246,-99.96,True,,NEGATIVE_INVALID
CBK0000702,TXN00017072,USR56312,MCH5133,1768708345,01-23-2026,"Rs. 15,432",Wrong Amount,Customer says amount was debited twice.,WIP,2026/02/07,H,IVR,15432.0,AMOUNT_MISMATCH,IN_PROGRESS,TXN00017072,15432.0,False,15432.0,VALID_POSITIVE
CBK0002647,TXN99966,USR 24761,MCH-4392,24-Jan-2026,27/01/2026 09:02 AM,-841.29,amount mismatch,User reports money deducted but merchant denies receiving payment.,OPEN,20/02/2026 09:02 AM,M,Branch,-84129.0,AMOUNT_MISMATCH,OPEN,TXN99966,-841.29,True,,NEGATIVE_INVALID
CBK0001723,TXN00000941,USR 58335,mch7616,,1767771160,"INR 6,049.12",not done by me,Complaint received after multiple failed attempts.,Closed,01-20-2026,LOW,Branch,604912.0,UNAUTHORIZED_TRANSACTION,CLOSED,TXN00000941,6049.12,False,6049.12,VALID_POSITIVE
CBK0002770,TXN00013498,USR24608,MCH3992,1767633216,05-Feb-2026,469.12,Unauthorized Transaction,Customer says transaction was not authorized.,Pending Bank,,L,IVR,46912.0,UNAUTHORIZED_TRANSACTION,PENDING,TXN00013498,469.12,False,469.12,VALID_POSITIVE
CBK0002346,TXN00001292,usr_25528,MCH6328,24-Mar-2026,,33975.77,service failed,Customer says transaction was not authorized.,OPEN,05/05/2026,P4,Email,3397577.0,SERVICE_ISSUE,OPEN,TXN00001292,33975.77,False,33975.77,VALID_POSITIVE
CBK0002487,txn-00009313,USR32981,MCH1201,03-Feb-2026,02-10-2026,1561.28,complaint,Payment made to unknown merchant as per customer statement.,REJECTED,03-Mar-2026,P4,IVR,156128.0,CUSTOMER_DISPUTE,REJECTED,TXN-00009313,1561.28,False,1561.28,VALID_POSITIVE
CBK0001909,TXN00015341,USR-51939,mch4348,27-Feb-2026,14-Apr-2026,"5,481.51",charged twice,Merchant service was not delivered after payment.,In Progress,2026/05/01,M,CHATBOT,548151.0,CHARGED TWICE,IN_PROGRESS,TXN00015341,5481.51,False,5481.51,VALID_POSITIVE
CBK0002234,TXN00016207,usr_61715,MCH6850,13/01/2026,2026/01/23,"Rs. 1,383",Account Takeover,merchant service was not delivered after payment.,PENDING_BANK,2026-01-29 15:38:41,High,Branch,1383.0,ACCOUNT_TAKEOVER,PENDING,TXN00016207,1383.0,False,1383.0,VALID_POSITIVE
CBK0000854,TXN00000164,17326,MCH7017,01/01/2026 05:32 AM,08-Jan-2026,"Rs. 3,086",account hacked,Complaint received after multiple failed attempts.,Open,02/02/2026,P1,Email,3086.0,ACCOUNT_TAKEOVER,OPEN,TXN00000164,3086.0,False,3086.0,VALID_POSITIVE
CBK0002376,TXN00004589,usr_76792,MCH5515,2026-01-20 11:45:52,30/01/2026 08:45 PM,1100.37,not done by me,suspicious high-value payment disputed by customer.,WIP,08/02/2026,Medium,IVR,110037.0,UNAUTHORIZED_TRANSACTION,IN_PROGRESS,TXN00004589,1100.37,False,1100.37,VALID_POSITIVE
CBK0002540,TXN00010104,USR 46321,MCH 2065,2026/03/04,06/03/2026,1912.26,double debit,Merchant service was not delivered after payment.,OPEN,,HIGH,ivr,191226.0,DUPLICATE_DEBIT,OPEN,TXN00010104,1912.26,False,1912.26,VALID_POSITIVE
CBK0001666,TXN00018160,USR11659,MCH6810,02-28-2026,2026/03/01,Rs. 482,item not received,Complaint received after multiple failed attempts.,Pending Bank,17/03/2026 08:39 AM,Medium,chatbot,482.0,DELIVERY_ISSUE,PENDING,TXN00018160,482.0,False,482.0,VALID_POSITIVE
CBK0001340,TXN00001898,usr41763,MCH4190,1772007311,03/03/2026,₹638.96,not done by me,Complaint received after multiple failed attempts.,Resolved,2026-03-06 06:15:11,P3,IVR,63896.0,UNAUTHORIZED_TRANSACTION,RESOLVED,TXN00001898,638.96,False,638.96,VALID_POSITIVE
CBK0002616,TXN00000806,usr_30612,MCH 2757,2026/02/10,1770780511,"3,611.11",Merchant Not Delivered,Customer says transaction was not authorized.,RESOLVED,05/03/2026 03:28 AM,Low,CHATBOT,361111.0,DELIVERY_ISSUE,RESOLVED,TXN00000806,3611.11,False,3611.11,VALID_POSITIVE
CBK0000813,TXN00008478,USR 72576,MCH2072,03/03/2026,2026-03-08 22:39:44,"₹2,598.96",charged twice,user claims account was compromised before transaction.,Closed,04-05-2026,CRIT,App,259896.0,CHARGED TWICE,CLOSED,TXN00008478,2598.96,False,2598.96,VALID_POSITIVE
CBK0000244,TXN00005487,USR31599,MCH6810,02-26-2026,03-01-2026,,DUP_DEBIT,User claims account was compromised before transaction.,Closed,08/03/2026,P2,Branch,,DUPLICATE_DEBIT,CLOSED,TXN00005487,,False,,MISSING
CBK0002653,TXN00000675,USR49080,mch5147,24-Feb-2026,25/02/2026 06:22 PM,3743.54,delivery issue,Payment made to unknown merchant as per cust statement.,WIP,03-20-2026,Low,IVR,374354.0,DELIVERY_ISSUE,IN_PROGRESS,TXN00000675,3743.54,False,3743.54,VALID_POSITIVE
CBK0001966,TXN00005813,USR30602,MCH6570,2026-03-12 21:54:53,2026-03-15 02:54:53,"Rs. 1,708",Customer Dispute,Payment made to unknown merchant as per customer statement.,CLOSED,30-Mar-2026,HIGH,Call Center,1708.0,CUSTOMER_DISPUTE,CLOSED,TXN00005813,1708.0,False,1708.0,VALID_POSITIVE
CBK0000687,TXN00005195,USR53215,MCH-8519,06-Mar-2026,07/03/2026,4251.73,complaint,Customer complaint text unclear due to poor call center notes.,In Progress,,LOW,Call Center,425173.0,CUSTOMER_DISPUTE,IN_PROGRESS,TXN00005195,4251.73,False,4251.73,VALID_POSITIVE
CBK0000836,txn-00003340,USR69581,MCH5218,2026-01-09 19:59:04,2026/01/25,1823.47,Fraud Suspected,customer complaint text unclear due to poor call center notes.,Resolved,2026/01/26,MEDIUM,Email,182347.0,FRAUD,RESOLVED,TXN-00003340,1823.47,False,1823.47,VALID_POSITIVE
CBK0001498,TXN00017926,usr98061,MCH5655,1770533679,10/02/2026 02:54 AM,5338.83,customer issue,Customer complaint text unclear due to poor call center notes.,IN_PROGRESS,20/02/2026,L,ivr,533883.0,CUSTOMER_DISPUTE,IN_PROGRESS,TXN00017926,5338.83,False,5338.83,VALID_POSITIVE
CBK0000710,TXN00012306,USR86472,MCH2032,08/02/2026,2026-02-09 14:17:35,-1076.54,item not received,Customer says amount was debited twice.,Pending Bank,,LOW,ivr,-107654.0,DELIVERY_ISSUE,PENDING,TXN00012306,-1076.54,True,,NEGATIVE_INVALID
CBK0000444,TXN00014743,usr56564,MCH-2369,22/02/2026,02-26-2026,-1382.96,account hacked,Customer says transaction was not authorized.,Pending Bank,,MEDIUM,chatbot,-138296.0,ACCOUNT_TAKEOVER,PENDING,TXN00014743,-1382.96,True,,NEGATIVE_INVALID
CBK0002153,TXN34179,usr47114,MCH8849,,07/04/2026,"INR 3,258.82",extra amount deducted,SUSPICIOUS HIGH-VALUE PAYMENT DISPUTED BY CUSTOMER.,PENDING_BANK,15/04/2026 05:48 AM,CRIT,Call Center,325882.0,AMOUNT_MISMATCH,PENDING,TXN34179,3258.82,False,3258.82,VALID_POSITIVE
CBK0000839,txn-00014620,USR55888,MCH8779,20-Mar-2026,2026/03/30,INR 501.30,ATO,Customer says amount was debited twice.,RESOLVED,14-Apr-2026,M,CHATBOT,50130.0,ACCOUNT_TAKEOVER,RESOLVED,TXN-00014620,501.3,False,501.3,VALID_POSITIVE
CBK0002121,TXN00013687,usr26337,MCH2065,04-Feb-2026,05-Feb-2026,506.18,Merchant Not Delivered,USER SAYS UPI PIN WAS NOT ENTERED BY THEM.,OPEN,2026/02/22,P2,ivr,50618.0,DELIVERY_ISSUE,OPEN,TXN00013687,506.18,False,506.18,VALID_POSITIVE
CBK0002600,TXN95920,USR42158,MCH8602,06/02/2026 12:50 PM,13/02/2026 06:50 PM,45384.61,Unauthorized Transaction,Merchant service was not delivered after payment.,Closed,21/02/2026 06:50 PM,H,chatbot,4538461.0,UNAUTHORIZED_TRANSACTION,CLOSED,TXN95920,45384.61,False,45384.61,VALID_POSITIVE
CBK0001527,TXN44508,USR35882,MCH 5076,2026/03/24,01-Apr-2026,,login compromised,Customer says transaction was not authorized. details missing,Resolved,,P2,App,,ACCOUNT_TAKEOVER,RESOLVED,TXN44508,,False,,MISSING
CBK0000399,TXN00003924,usr85504,MCH7005,08-Jan-2026,,2479.92,not done by me,Complaint received after multiple failed attempts.,RESOLVED,16-Jan-2026,M,Email,247992.0,UNAUTHORIZED_TRANSACTION,RESOLVED,TXN00003924,2479.92,False,2479.92,VALID_POSITIVE
CBK0000708,TXN00014452,USR24775,MCH2757,17-Feb-2026,1771623091,-798.72,delivery issue,Suspicious high-value payment disputed by customer.,REJECTED,2026/03/15,L,IVR,-79872.0,DELIVERY_ISSUE,REJECTED,TXN00014452,-798.72,True,,NEGATIVE_INVALID
CBK0000485,TXN00016648,USR-27340,MCH3100,2026-01-16 15:36:13,19/01/2026,"Rs. 1,142",Customer Dispute,Complaint received after multiple failed attempts.,PENDING_BANK,31/01/2026,MEDIUM,Call Center,1142.0,CUSTOMER_DISPUTE,PENDING,TXN00016648,1142.0,False,1142.0,VALID_POSITIVE
CBK0001355,TXN00002926,USR49477,MCH-5714,08/03/2026 06:59 PM,03-19-2026,6014.84,item not received,User reports money deducted but merchant denies receiving payment.,Rejected,,H,IVR,601484.0,DELIVERY_ISSUE,REJECTED,TXN00002926,6014.84,False,6014.84,VALID_POSITIVE
CBK0002468,TXN00004673,USR45477,MCH4469,1773529939,2026-03-22 16:12:19,"3,382.78",suspicious transaction,Payment made to unknown merchant as per customer statement.,Closed,2026/04/13,LOW,Email,338278.0,FRAUD,CLOSED,TXN00004673,3382.78,False,3382.78,VALID_POSITIVE
CBK0002672,TXN00014672,USR 51854,MCH2993,2026/02/20,22/02/2026,1817.11,FRAUD,Customer says transaction was not authorized.,OPEN,08/03/2026 09:32 AM,High,Email,181711.0,FRAUD,OPEN,TXN00014672,1817.11,False,1817.11,VALID_POSITIVE
CBK0001013,TXN96416,33841,MCH9291,17/01/2026 07:44 AM,20/01/2026 10:44 PM,"INR 5,544.60",customer issue,User reports money deducted but merchant denies receiving payment.,PENDING_BANK,14-Feb-2026,MEDIUM,Call Center,554460.0,CUSTOMER_DISPUTE,PENDING,TXN96416,5544.6,False,5544.6,VALID_POSITIVE
CBK0002150,TXN00013524,USR74666,MCH 8154,01-31-2026,07-Feb-2026,2142.84,Fraud Suspected,Customer says transaction was not authorized.,Open,04-Mar-2026,Low,IVR,214284.0,FRAUD,OPEN,TXN00013524,2142.84,False,2142.84,VALID_POSITIVE
CBK0001411,TXN00011455,USR24660,MCH3964,02/02/2026 10:05 PM,03-05-2026,3012.1,FRAUD,PAYMENT MADE TO UNKNOWN MERCHANT AS PER CUSTOMER STATEMENT.,OPEN,,Low,Call Center,30121.0,FRAUD,OPEN,TXN00011455,3012.1,False,3012.1,VALID_POSITIVE
CBK0002646,TXN00007962,USR17493,MCH3415,06/01/2026 03:01 AM,2026/02/05,875.42,Duplicate Debit,user says upi pin was not entered by them.,CLOSED,26/02/2026 04:01 PM,P1,ivr,87542.0,DUPLICATE_DEBIT,CLOSED,TXN00007962,875.42,False,875.42,VALID_POSITIVE
CBK0001852,TXN00017893,USR27328,MCH3100,01-03-2026,1767515697,4556.84,double debit,User claims account was compromised before transaction.,WIP,27/01/2026,P4,ivr,455684.0,DUPLICATE_DEBIT,IN_PROGRESS,TXN00017893,4556.84,False,4556.84,VALID_POSITIVE
CBK0001453,TXN00012893,USR-52532,mch2931,2026-03-06 07:48:50,,-1558.33,amount mismatch,Complaint received after multiple failed attempts. details missing,Rejected,2026/03/30,LOW,IVR,-155833.0,AMOUNT_MISMATCH,REJECTED,TXN00012893,-1558.33,True,,NEGATIVE_INVALID
CBK0002693,,USR66470,MCH7690,02/02/2026 05:38 AM,17-Feb-2026,"₹1,231.18",login compromised,customer complaint text unclear due to poor call center notes.,Open,2026-02-28 15:38:40,MEDIUM,chatbot,123118.0,ACCOUNT_TAKEOVER,OPEN,,1231.18,False,1231.18,VALID_POSITIVE
CBK0001695,TXN00007159,USR-91996,MCH 6645,,1772547914,"Rs. 1,034",Fraud Suspected,Customer says transaction was not authorized. call dropped,Pending Bank,,P4,App,1034.0,FRAUD,PENDING,TXN00007159,1034.0,False,1034.0,VALID_POSITIVE
CBK0001743,TXN00005081,USR-55177,MCH-3198,01-10-2026,21/01/2026,782.28,login compromised,User says UPI PIN was not entered by them. NA,RESOLVED,,P4,CHATBOT,78228.0,ACCOUNT_TAKEOVER,RESOLVED,TXN00005081,782.28,False,782.28,VALID_POSITIVE
CBK0002656,TXN00003111,USR97954,MCH 1274,2026/01/02,2026/01/04,"1,858.78",account hacked,Customer says transaction was not authorized.,Closed,01-11-2026,L,App,185878.0,ACCOUNT_TAKEOVER,CLOSED,TXN00003111,1858.78,False,1858.78,VALID_POSITIVE
CBK0001196,TXN00016378,USR 64980,MCH2065,1772290629,2026-03-02 21:57:09,INR 403.80,FRAUD,Complaint received after multiple failed attempts.,OPEN,,HIGH,CHATBOT,40380.0,FRAUD,OPEN,TXN00016378,403.8,False,403.8,VALID_POSITIVE
CBK0000269,TXN00016915,USR75856,MCH1213,2026/03/25,03-28-2026,886.36,account hacked,Payment made to unknown merchant as per customer statement.,CLOSED,25/04/2026 09:01 PM,M,IVR,88636.0,ACCOUNT_TAKEOVER,CLOSED,TXN00016915,886.36,False,886.36,VALID_POSITIVE
CBK0000701,TXN00002775,USR-31842,MCH7869,25/01/2026,2026-01-30 15:50:18,"₹6,779.18",not delivered,Merchant service was not delivered after payment.,Pending Bank,21-Feb-2026,LOW,CHATBOT,677918.0,DELIVERY_ISSUE,PENDING,TXN00002775,6779.18,False,6779.18,VALID_POSITIVE
CBK0001127,TXN00017229,usr_16037,MCH3572,,02-28-2026,INR 796.10,delivery issue,Customer says amount was debited twice.,IN_PROGRESS,03-06-2026,MEDIUM,Email,79610.0,DELIVERY_ISSUE,IN_PROGRESS,TXN00017229,796.1,False,796.1,VALID_POSITIVE
CBK0000665,TXN00012726,USR 82229,MCH6230,07-Feb-2026,10/02/2026 01:03 AM,INR 360.49,delivery issue,Complaint received after multiple failed attempts.,OPEN,,Low,Branch,36049.0,DELIVERY_ISSUE,OPEN,TXN00012726,360.49,False,360.49,VALID_POSITIVE
CBK0000569,TXN00016196,usr24538,MCH2336,09/01/2026,2026/01/10,-2141.56,customer issue,Suspicious high-value payment disputed by customer.,WIP,01-17-2026,P3,Email,-214156.0,CUSTOMER_DISPUTE,IN_PROGRESS,TXN00016196,-2141.56,True,,NEGATIVE_INVALID
CBK0000913,TXN00004115,USR85406,MCH2832,,12/03/2026,"INR 1,495.60",not done by me,Merchant service was not delivered after payment.,Rejected,,P3,IVR,149560.0,UNAUTHORIZED_TRANSACTION,REJECTED,TXN00004115,1495.6,False,1495.6,VALID_POSITIVE
CBK0000380,TXN00000414,USR57745,MCH6126,2026/02/10,2026/02/13,₹806.29,login compromised,user reports money deducted but merchant denies receiving payment.,Rejected,13-Mar-2026,Low,Call Center,80629.0,ACCOUNT_TAKEOVER,REJECTED,TXN00000414,806.29,False,806.29,VALID_POSITIVE
CBK0002497,TXN00019914,USR48451,MCH6538,21/01/2026 07:23 PM,2026/01/22,"3,065.07",no service,User claims account was compromised before transaction.,PENDING_BANK,26/01/2026,P3,ivr,306507.0,SERVICE_ISSUE,PENDING,TXN00019914,3065.07,False,3065.07,VALID_POSITIVE
CBK0002799,TXN00003221,USR-38263,MCH3031,,01-30-2026,Rs. 574,item not received,Merchant service was not delivered after payment.,RESOLVED,17/02/2026,Medium,Email,574.0,DELIVERY_ISSUE,RESOLVED,TXN00003221,574.0,False,574.0,VALID_POSITIVE
CBK0000317,TXN00005496,USR91453,MCH1988,2026/02/22,25-Mar-2026,,delivery issue,Complaint received after multiple failed attempts.,RESOLVED,15/04/2026,MEDIUM,IVR,,DELIVERY_ISSUE,RESOLVED,TXN00005496,,False,,MISSING
CBK0000582,TXN00006728,USR32162,MCH1074,02-14-2026,17/02/2026,1002.59,Merchant Not Delivered,Customer says transaction was not authorized.,PENDING_BANK,2026/02/22,CRIT,Email,100259.0,DELIVERY_ISSUE,PENDING,TXN00006728,1002.59,False,1002.59,VALID_POSITIVE
CBK0002571,TXN00011546,USR-24926,MCH2822,01-26-2026,03-Feb-2026,3305.27,DUP_DEBIT,Complaint received after multiple failed attempts.,REJECTED,17-Feb-2026,L,ivr,330527.0,DUPLICATE_DEBIT,REJECTED,TXN00011546,3305.27,False,3305.27,VALID_POSITIVE
CBK0001943,TXN00000649,USR 47711,MCH1196,13/03/2026,04-13-2026,1174.17,item not received,user says upi pin was not entered by them.,IN_PROGRESS,1778467807,MEDIUM,IVR,117417.0,DELIVERY_ISSUE,IN_PROGRESS,TXN00000649,1174.17,False,1174.17,VALID_POSITIVE
CBK0001177,TXN00004028,USR95524,MCH7017,02-06-2026,2026/02/09,"Rs. 2,255",amount mismatch,Customer says amount was debited twice.,In Progress,2026/03/01,HIGH,IVR,2255.0,AMOUNT_MISMATCH,IN_PROGRESS,TXN00004028,2255.0,False,2255.0,VALID_POSITIVE
CBK0002055,TXN00004686,usr87013,MCH3011,06/01/2026 12:33 AM,07/01/2026,"INR 1,634.47",customer issue,USER CLAIMS ACCOUNT WAS COMPROMISED BEFORE TRANSACTION.,CLOSED,27/01/2026,P3,Call Center,163447.0,CUSTOMER_DISPUTE,CLOSED,TXN00004686,1634.47,False,1634.47,VALID_POSITIVE
CBK0000104,TXN00010908,USR70176,MCH5980,19/02/2026,22/02/2026 05:53 PM,608.69,double debit,CUSTOMER SAYS TRANSACTION WAS NOT AUTHORIZED.,Rejected,03-09-2026,Low,Branch,60869.0,DUPLICATE_DEBIT,REJECTED,TXN00010908,608.69,False,608.69,VALID_POSITIVE
CBK0002489,,USR88037,MCH4590,13-Mar-2026,2026/03/09,1315.92,DUP_DEBIT,Suspicious high-value payment disputed by customer.,Resolved,03-17-2026,P3,CHATBOT,131592.0,DUPLICATE_DEBIT,RESOLVED,,1315.92,False,1315.92,VALID_POSITIVE
CBK0000154,TXN00011689,usr92364,MCH2569,07/03/2026,1773525994,473.27,not delivered,User reports money deducted but merchant denies receiving payment.,REJECTED,03-23-2026,Low,ivr,47327.0,DELIVERY_ISSUE,REJECTED,TXN00011689,473.27,False,473.27,VALID_POSITIVE
CBK0001635,TXN00008467,USR70836,MCH6914,11-Mar-2026,14/03/2026 10:21 AM,-1016.94,scam,Customer says amount was debited twice.,Closed,21/03/2026,MEDIUM,Call Center,-101694.0,FRAUD,CLOSED,TXN00008467,-1016.94,True,,NEGATIVE_INVALID
CBK0002756,TXN00003850,USR52907,1919,06-Mar-2026,2026-04-20 18:06:08,"₹5,978.59",charged twice,Suspicious high-value payment disputed by customer.,REJECTED,1778609168,Low,IVR,597859.0,CHARGED TWICE,REJECTED,TXN00003850,5978.59,False,5978.59,VALID_POSITIVE
CBK0000892,TXN00019345,USR99727,MCH 8400,2026-03-06 01:42:03,03-06-2026,-393.4,Account Takeover,Merchant service was not delivered after payment.,PENDING_BANK,,MEDIUM,Branch,-3934.0,ACCOUNT_TAKEOVER,PENDING,TXN00019345,-393.4,True,,NEGATIVE_INVALID
CBK0000445,TXN00013230,USR28772,MCH3727,18/01/2026,2026/01/22,"INR 1,323.41",item not received,customer complaint text unclear due to poor call center notes.,In Progress,,Low,CHATBOT,132341.0,DELIVERY_ISSUE,IN_PROGRESS,TXN00013230,1323.41,False,1323.41,VALID_POSITIVE
CBK0000845,TXN00009880,usr90298,MCH 5574,1769379935,28-Jan-2026,731.59,suspicious transaction,User says UPI PIN was not entered by them.,CLOSED,1770837935,CRITICAL,IVR,73159.0,FRAUD,CLOSED,TXN00009880,731.59,False,731.59,VALID_POSITIVE
CBK0001262,TXN00010454,USR21439,MCH7751,15-Mar-2026,30/03/2026 10:30 PM,470.39,unauthorized_transaction,Customer complaint text unclear due to poor call center notes.,RESOLVED,11/04/2026 10:30 PM,LOW,Call Center,47039.0,UNAUTHORIZED_TRANSACTION,RESOLVED,TXN00010454,470.39,False,470.39,VALID_POSITIVE
CBK0000862,TXN00002240,USR-25056,MCH6810,2026/03/23,03-26-2026,401.02,Wrong Amount,User claims account was compromised before transaction.,CLOSED,21/04/2026 10:54 AM,P3,Call Center,40102.0,AMOUNT_MISMATCH,CLOSED,TXN00002240,401.02,False,401.02,VALID_POSITIVE
CBK0000981,TXN00009791,USR68023,MCH2433,2026/01/11,01-14-2026,₹807.97,DUP_DEBIT,Payment made to unknown merchant as per customer statement.,Closed,22-Jan-2026,Low,ivr,80797.0,DUPLICATE_DEBIT,CLOSED,TXN00009791,807.97,False,807.97,VALID_POSITIVE
CBK0001975,TXN00019834,USR-32424,MCH5954,11-Jan-2026,14/01/2026,41457.94,FRAUD,Customer says amount was debited twice.,RESOLVED,06/02/2026,P4,Branch,4145794.0,FRAUD,RESOLVED,TXN00019834,41457.94,False,41457.94,VALID_POSITIVE
CBK0001523,TXN00010463,USR76129,MCH3006,01-15-2026,2026-01-23 03:12:56,,not done by me,Customer says amount was debited twice.,IN_PROGRESS,,Medium,Call Center,,UNAUTHORIZED_TRANSACTION,IN_PROGRESS,TXN00010463,,False,,MISSING
CBK0000671,TXN00004668,USR54740,mch4646,,1773839342,,complaint,Customer says amount was debited twice.,CLOSED,2026/03/22,Medium,ivr,,CUSTOMER_DISPUTE,CLOSED,TXN00004668,,False,,MISSING
CBK0001669,TXN00017590,USR41522,MCH4473,2026-01-27 08:27:52,29/01/2026,₹740.63,Duplicate Debit,Complaint received after multiple failed attempts.,WIP,27/02/2026,P3,Call Center,74063.0,DUPLICATE_DEBIT,IN_PROGRESS,TXN00017590,740.63,False,740.63,VALID_POSITIVE
CBK0001823,,usr32406,MCH8595,2026-02-13 04:08:53,2026-02-16 21:08:53,"3,940.26",extra amount deducted,Customer complaint text unclear due to poor call center notes.,Pending Bank,03-10-2026,LOW,Email,394026.0,AMOUNT_MISMATCH,PENDING,,3940.26,False,3940.26,VALID_POSITIVE
CBK0001608,TXN00019683,USR20968,MCH4899,2026/02/14,02/03/2026 03:14 PM,-363.03,complaint,USER REPORTS MONEY DEDUCTED BUT MERCHANT DENIES RECEIVING PAYMENT.,WIP,11-Mar-2026,MEDIUM,Email,-36303.0,CUSTOMER_DISPUTE,IN_PROGRESS,TXN00019683,-363.03,True,,NEGATIVE_INVALID
CBK0000198,TXN00019042,USR16744,MCH8391,22/02/2026,1774452313,"INR 1,241.09",Fraud Suspected,User says UPI PIN was not entered by them.,Closed,1777044313,MEDIUM,IVR,124109.0,FRAUD,CLOSED,TXN00019042,1241.09,False,1241.09,VALID_POSITIVE
CBK0000573,TXN00005006,USR65253,MCH5655,01-04-2026,07/01/2026,₹216.30,FRAUD,Suspicious high-value payment disputed by customer.,Pending Bank,01-22-2026,P4,CHATBOT,21630.0,FRAUD,PENDING,TXN00005006,216.3,False,216.3,VALID_POSITIVE
CBK0000621,TXN59284,USR 96201,MCH 6056,12/01/2026 09:54 AM,15/01/2026,"Rs. 1,857",suspicious transaction,Customer says transaction was not authorized.,REJECTED,,P3,Branch,1857.0,FRAUD,REJECTED,TXN59284,1857.0,False,1857.0,VALID_POSITIVE
CBK0002266,TXN00009068,USR 70505,mch8037,25-Mar-2026,2026/03/20,"Rs. 1,500",unauthorized_transaction,complaint received after multiple failed attempts.,RESOLVED,31/03/2026,P2,IVR,1500.0,UNAUTHORIZED_TRANSACTION,RESOLVED,TXN00009068,1500.0,False,1500.0,VALID_POSITIVE
CBK0000786,TXN00000679,USR22762,mch2342,2026/03/14,15/03/2026 07:28 AM,4474.08,unauth txn,payment made to unknown merchant as per customer statement.,OPEN,04-02-2026,H,ivr,447408.0,UNAUTHORIZED_TRANSACTION,OPEN,TXN00000679,4474.08,False,4474.08,VALID_POSITIVE
CBK0002074,TXN00000823,usr21224,MCH2266,15/03/2026 05:37 AM,1773722231,4418.82,customer issue,CUSTOMER SAYS AMOUNT WAS DEBITED TWICE.,OPEN,,M,App,441882.0,CUSTOMER_DISPUTE,OPEN,TXN00000823,4418.82,False,4418.82,VALID_POSITIVE
CBK0000463,TXN00017663,USR67399,MCH-7286,11/01/2026,2026-01-17 00:24:23,"INR 8,257.96",delivery issue,Customer says amount was debited twice.,WIP,03/02/2026,H,ivr,825796.0,DELIVERY_ISSUE,IN_PROGRESS,TXN00017663,8257.96,False,8257.96,VALID_POSITIVE
CBK0001768,,USR27328,MCH9291,03/01/2026,09-Jan-2026,7478.21,amount mismatch,Suspicious high-value payment disputed by customer.,Resolved,,MEDIUM,IVR,747821.0,AMOUNT_MISMATCH,RESOLVED,,7478.21,False,7478.21,VALID_POSITIVE
CBK0002458,TXN00016001,USR-25348,MCH7859,2026-02-15 15:36:38,2026/02/20,992.78,ATO,Payment made to unknown merchant as per customer statement.,Resolved,2026-03-06 15:36:38,P3,chatbot,99278.0,ACCOUNT_TAKEOVER,RESOLVED,TXN00016001,992.78,False,992.78,VALID_POSITIVE
CBK0002584,TXN00014405,USR78603,MCH 8391,01-17-2026,,"6,441.32",complaint,Customer says amount was debited twice.,Closed,2026-02-03 03:04:42,LOW,IVR,644132.0,CUSTOMER_DISPUTE,CLOSED,TXN00014405,6441.32,False,6441.32,VALID_POSITIVE
CBK0000885,TXN00005367,USR25239,2903,,29-Jan-2026,Rs. 734,complaint,Complaint received after multiple failed attempts.,Resolved,,P4,IVR,734.0,CUSTOMER_DISPUTE,RESOLVED,TXN00005367,734.0,False,734.0,VALID_POSITIVE
CBK0000395,TXN00019343,USR25559,MCH6850,14-Feb-2026,17/02/2026 08:20 AM,4178.65,Duplicate Debit,Customer says amount was debited twice.,Pending Bank,,P1,Call Center,417865.0,DUPLICATE_DEBIT,PENDING,TXN00019343,4178.65,False,4178.65,VALID_POSITIVE
CBK0002791,TXN00015597,usr82439,mch6037,19-Jan-2026,01-24-2026,5141.83,account hacked,complaint received after multiple failed attempts.,CLOSED,02-20-2026,L,Call Center,514183.0,ACCOUNT_TAKEOVER,CLOSED,TXN00015597,5141.83,False,5141.83,VALID_POSITIVE
CBK0002669,TXN00019872,USR 24991,MCH4473,28/02/2026,10-Mar-2026,"INR 2,597.87",incorrect amount,User says UPI PIN was not entered by them.,IN_PROGRESS,27/03/2026 12:32 PM,P3,chatbot,259787.0,AMOUNT_MISMATCH,IN_PROGRESS,TXN00019872,2597.87,False,2597.87,VALID_POSITIVE
CBK0001044,TXN00017041,USR46644,2822,16-Mar-2026,2026/03/17,-768.89,ATO,PAYMENT MADE TO UNKNOWN MERCHANT AS PER CUSTOMER STATEMENT.,IN_PROGRESS,,P2,chatbot,-76889.0,ACCOUNT_TAKEOVER,IN_PROGRESS,TXN00017041,-768.89,True,,NEGATIVE_INVALID
CBK0000014,TXN00006433,USR59260,MCH7254,03-17-2026,2026/03/24,INR 468.43,suspicious transaction,User says UPI PIN was not entered by them.,Resolved,30-Mar-2026,HIGH,Branch,46843.0,FRAUD,RESOLVED,TXN00006433,468.43,False,468.43,VALID_POSITIVE
CBK0000546,TXN00015015,USR64208,MCH3613,1773916637,2026-03-21 07:37:17,1247.41,Fraud Suspected,User reports money deducted but merchant denies receiving payment.,CLOSED,2026-04-12 07:37:17,MEDIUM,CHATBOT,124741.0,FRAUD,CLOSED,TXN00015015,1247.41,False,1247.41,VALID_POSITIVE
CBK0000365,TXN50079,USR19852,MCH 7962,01-09-2026,10/01/2026 09:54 PM,"2,659.07",FRAUD,Customer complaint text unclear due to poor call center notes.,WIP,2026/01/26,P4,IVR,265907.0,FRAUD,IN_PROGRESS,TXN50079,2659.07,False,2659.07,VALID_POSITIVE
CBK0000052,TXN00002289,USR12120,MCH6097,03/02/2026 07:27 PM,2026-02-06 16:27:24,Rs. 397,charged twice,Customer complaint text unclear due to poor call center notes.,Closed,,LOW,Branch,397.0,CHARGED TWICE,CLOSED,TXN00002289,397.0,False,397.0,VALID_POSITIVE
CBK0002106,TXN00000751,usr_78076,MCH4328,04/02/2026,06/02/2026,"INR 3,107.33",UNAUTHORISED,Complaint received after multiple failed attempts.,Pending Bank,,M,App,310733.0,UNAUTHORIZED_TRANSACTION,PENDING,TXN00000751,3107.33,False,3107.33,VALID_POSITIVE
CBK0001518,TXN00015930,USR-24159,MCH7364,02-10-2026,11/02/2026,"₹8,611.05",no service,User says UPI PIN was not entered by them.,RESOLVED,,LOW,App,861105.0,SERVICE_ISSUE,RESOLVED,TXN00015930,8611.05,False,8611.05,VALID_POSITIVE
CBK0001873,TXN00015156,USR14556,MCH4153,2026/03/30,2026/04/10,INR 743.67,Merchant Not Delivered,Customer complaint text unclear due to poor call center notes.,OPEN,,LOW,chatbot,74367.0,DELIVERY_ISSUE,OPEN,TXN00015156,743.67,False,743.67,VALID_POSITIVE
CBK0002145,TXN00013507,USR12300,1320,2026-01-03 15:18:11,2026/01/08,384.66,extra amount deducted,user reports money deducted but merchant denies receiving payment.,Pending Bank,01-31-2026,P3,ivr,38466.0,AMOUNT_MISMATCH,PENDING,TXN00013507,384.66,False,384.66,VALID_POSITIVE
CBK0000346,TXN00019000,USR70482,MCH9834,07-Jan-2026,,595.88,service failed,Complaint received after multiple failed attempts.,REJECTED,01/03/2026 10:53 AM,P4,IVR,59588.0,SERVICE_ISSUE,REJECTED,TXN00019000,595.88,False,595.88,VALID_POSITIVE
CBK0000518,TXN00019651,USR-43011,MCH8391,1771316720,02-13-2026,7485.82,fraud,USER SAYS UPI PIN WAS NOT ENTERED BY THEM.,REJECTED,07-Mar-2026,H,IVR,748582.0,FRAUD,REJECTED,TXN00019651,7485.82,False,7485.82,VALID_POSITIVE
CBK0001990,TXN00013175,USR40088,MCH2076,2026-03-29 13:19:19,13/04/2026 03:19 PM,Rs. 917,account hacked,User says UPI PIN was not entered by them.,IN_PROGRESS,,H,Email,917.0,ACCOUNT_TAKEOVER,IN_PROGRESS,TXN00013175,917.0,False,917.0,VALID_POSITIVE
CBK0000392,TXN00012439,USR38698,mch3682,09-Feb-2026,11-Feb-2026,"₹1,778.59",Merchant Not Delivered,Suspicious high-value payment disputed by customer.,Rejected,,P3,IVR,177859.0,DELIVERY_ISSUE,REJECTED,TXN00012439,1778.59,False,1778.59,VALID_POSITIVE
CBK0001163,TXN00015098,USR22550,MCH3992,2026-01-03 07:07:35,06/01/2026,862.23,Wrong Amount,User reports money deducted but merchant denies receiving payment.,PENDING_BANK,2026-01-28 08:07:35,Low,Email,86223.0,AMOUNT_MISMATCH,PENDING,TXN00015098,862.23,False,862.23,VALID_POSITIVE
CBK0000271,TXN00002677,USR 94094,MCH6810,07/01/2026 08:03 AM,,-12852.7,dispute raised,Payment made to unknown merchant as per customer statement.,PENDING_BANK,01-30-2026,M,Email,-128527.0,CUSTOMER_DISPUTE,PENDING,TXN00002677,-12852.7,True,,NEGATIVE_INVALID
CBK0001550,TXN00019667,usr_69706,MCH1489,2026/03/16,17/03/2026 11:14 PM,,complaint,Complaint received after multiple failed attempts.,IN_PROGRESS,30/03/2026,MEDIUM,CHATBOT,,CUSTOMER_DISPUTE,IN_PROGRESS,TXN00019667,,False,,MISSING
CBK0001538,TXN00007658,USR99769,MCH5655,,12/03/2026,-2100.66,complaint,Payment made to unknown merchant as per customer statement.,PENDING_BANK,2026/03/14,MEDIUM,App,-210066.0,CUSTOMER_DISPUTE,PENDING,TXN00007658,-2100.66,True,,NEGATIVE_INVALID
CBK0002298,TXN00017266,USR-66122,MCH2822,2026-01-20 01:05:38,30/01/2026,INR 260.19,FRAUD,User says UPI PIN was not entered by them.,Pending Bank,,High,App,26019.0,FRAUD,PENDING,TXN00017266,260.19,False,260.19,VALID_POSITIVE
CBK0001034,TXN00017915,usr_65211,mch7357,02-Feb-2026,2026/02/08,"1,532.42",service failed,Customer complaint text unclear due to poor call center notes. urgent,REJECTED,1772864899,MEDIUM,ivr,153242.0,SERVICE_ISSUE,REJECTED,TXN00017915,1532.42,False,1532.42,VALID_POSITIVE
CBK0001526,TXN00000871,45479,mch8259,04/01/2026 07:14 AM,2026/01/11,589.34,Customer Dispute,customer says transaction was not authorized.,RESOLVED,,P1,Email,58934.0,CUSTOMER_DISPUTE,RESOLVED,TXN00000871,589.34,False,589.34,VALID_POSITIVE
CBK0002297,TXN00013147,USR10842,MCH2327,29/03/2026 08:55 AM,2026/04/02,"4,819.26",ATO,Complaint received after multiple failed attempts.,WIP,,LOW,Call Center,481926.0,ACCOUNT_TAKEOVER,IN_PROGRESS,TXN00013147,4819.26,False,4819.26,VALID_POSITIVE
CBK0001810,TXN00004960,USR99526,mch3990,03-28-2026,2026-04-27 22:27:53,1327.87,merchant service issue,User says UPI PIN was not entered by them.,CLOSED,02/05/2026,P4,App,132787.0,SERVICE_ISSUE,CLOSED,TXN00004960,1327.87,False,1327.87,VALID_POSITIVE
CBK0000684,TXN00017791,USR21714,MCH2319,12-Feb-2026,2026/02/20,"₹2,658.78",unauthorized_transaction,user claims account was compromised before transaction.,PENDING_BANK,07/03/2026,Medium,Email,265878.0,UNAUTHORIZED_TRANSACTION,PENDING,TXN00017791,2658.78,False,2658.78,VALID_POSITIVE
CBK0002500,TXN00001461,usr25808,MCH6058,13-Mar-2026,,INR 740.03,extra amount deducted,Merchant service was not delivered after payment. details missing,PENDING_BANK,03-16-2026,M,CHATBOT,74003.0,AMOUNT_MISMATCH,PENDING,TXN00001461,740.03,False,740.03,VALID_POSITIVE
CBK0000962,,usr_21384,MCH8160,09/03/2026,2026/03/12,6282.15,not done by me,Customer says amount was debited twice. pls check asap,Closed,03-25-2026,MEDIUM,CHATBOT,628215.0,UNAUTHORIZED_TRANSACTION,CLOSED,,6282.15,False,6282.15,VALID_POSITIVE
CBK0001781,TXN00007749,usr_87914,MCH 9316,2026/03/31,07-Apr-2026,1287.86,double debit,User reports money deducted but merchant denies receiving payment.,WIP,,HIGH,Email,128786.0,DUPLICATE_DEBIT,IN_PROGRESS,TXN00007749,1287.86,False,1287.86,VALID_POSITIVE
CBK0001231,TXN00001392,USR 68023,MCH4246,1768367275,2026-01-16 18:07:55,508.21,delivery issue,Merchant service was not delivered after payment.,WIP,04/02/2026,MEDIUM,App,50821.0,DELIVERY_ISSUE,IN_PROGRESS,TXN00001392,508.21,False,508.21,VALID_POSITIVE
CBK0001832,TXN95203,USR-76886,MCH 4590,02-10-2026,02-13-2026,"INR 3,668.05",double debit,Complaint received after multiple failed attempts.,Open,2026-03-02 06:18:49,HIGH,ivr,366805.0,DUPLICATE_DEBIT,OPEN,TXN95203,3668.05,False,3668.05,VALID_POSITIVE
CBK0001393,TXN00004549,USR66391,MCH2802,10/03/2026,16-Mar-2026,"₹1,639.85",amount mismatch,Customer complaint text unclear due to poor call center notes.,Open,2026/04/02,HIGH,CHATBOT,163985.0,AMOUNT_MISMATCH,OPEN,TXN00004549,1639.85,False,1639.85,VALID_POSITIVE
CBK0001633,,USR69513,MCH 6502,,18-Feb-2026,"Rs. 2,553",not done by me,Payment made to unknown merchant as per customer statement.,PENDING_BANK,2026/02/27,HIGH,App,2553.0,UNAUTHORIZED_TRANSACTION,PENDING,,2553.0,False,2553.0,VALID_POSITIVE
CBK0000555,TXN00010709,61652,MCH 3388,2026/03/01,03-04-2026,₹372.66,Service Not Provided,customer complaint text unclear due to poor call center notes.,CLOSED,21/03/2026,Medium,Call Center,37266.0,SERVICE_ISSUE,CLOSED,TXN00010709,372.66,False,372.66,VALID_POSITIVE
CBK0002452,TXN00016739,usr_87040,8521,31/01/2026,06/02/2026 02:44 PM,"₹10,606.78",suspicious transaction,User reports money deducted but merchant denies receiving payment.,Pending Bank,15/02/2026 02:44 PM,L,Call Center,1060678.0,FRAUD,PENDING,TXN00016739,10606.78,False,10606.78,VALID_POSITIVE
CBK0002410,TXN00010646,USR89422,7235,06-Feb-2026,11/02/2026,"12,234.17",no service,Customer complaint text unclear due to poor call center notes.,In Progress,11/02/2026,Low,CHATBOT,1223417.0,SERVICE_ISSUE,IN_PROGRESS,TXN00010646,12234.17,False,12234.17,VALID_POSITIVE
CBK0001429,txn-00002466,usr_67833,mch9464,31-Mar-2026,04-03-2026,"₹3,099.92",Unauthorized Transaction,User says UPI PIN was not entered by them.,Resolved,22-Apr-2026,CRITICAL,Branch,309992.0,UNAUTHORIZED_TRANSACTION,RESOLVED,TXN-00002466,3099.92,False,3099.92,VALID_POSITIVE
CBK0001612,TXN00014722,USR65193,MCH2065,2026/01/19,1769080664,336.91,FRAUD,Complaint received after multiple failed attempts.,WIP,1770203864,M,CHATBOT,33691.0,FRAUD,IN_PROGRESS,TXN00014722,336.91,False,336.91,VALID_POSITIVE
CBK0001102,TXN00011957,USR73976,mch5980,2026-03-24 00:49:47,25/03/2026 03:49 PM,3402.48,ATO,Customer says amount was debited twice.,Open,,L,IVR,340248.0,ACCOUNT_TAKEOVER,OPEN,TXN00011957,3402.48,False,3402.48,VALID_POSITIVE
CBK0001642,TXN00010479,USR22574,MCH9738,01-16-2026,1768705074,"INR 3,691.30",UNAUTHORISED,Customer says transaction was not authorized.,CLOSED,2026-02-17 02:57:54,P3,Email,369130.0,UNAUTHORIZED_TRANSACTION,CLOSED,TXN00010479,3691.3,False,3691.3,VALID_POSITIVE
CBK0002208,TXN00006710,USR27567,MCH1708,03-03-2026,,12811.39,DUP_DEBIT,Customer says transaction was not authorized.,Rejected,23/03/2026 12:32 PM,HIGH,ivr,1281139.0,DUPLICATE_DEBIT,REJECTED,TXN00006710,12811.39,False,12811.39,VALID_POSITIVE
CBK0002081,TXN00007014,USR43464,MCH9155,12/01/2026,1768391594,1748.13,dispute raised,User reports money deducted but merchant denies receiving payment.,In Progress,01-17-2026,LOW,ivr,174813.0,CUSTOMER_DISPUTE,IN_PROGRESS,TXN00007014,1748.13,False,1748.13,VALID_POSITIVE
CBK0002643,TXN00011560,USR74311,MCH9291,2026-01-06 16:33:45,2026-01-22 11:33:45,"2,932.55",Merchant Not Delivered,Complaint received after multiple failed attempts.,REJECTED,02-05-2026,H,CHATBOT,293255.0,DELIVERY_ISSUE,REJECTED,TXN00011560,2932.55,False,2932.55,VALID_POSITIVE
CBK0001100,TXN58495,usr57427,mch5101,19/03/2026,04/04/2026,543.72,charged twice,Merchant service was not delivered after payment.,Rejected,,P2,chatbot,54372.0,CHARGED TWICE,REJECTED,TXN58495,543.72,False,543.72,VALID_POSITIVE
CBK0000016,TXN00013636,USR71660,MCH4806,19/03/2026 06:06 PM,2026-03-22 07:06:10,"Rs. 8,898",Customer Dispute,payment made to unknown merchant as per customer statement.,RESOLVED,24-Mar-2026,MEDIUM,Branch,8898.0,CUSTOMER_DISPUTE,RESOLVED,TXN00013636,8898.0,False,8898.0,VALID_POSITIVE
CBK0002228,TXN00018314,USR 71704,mch3815,20/03/2026 05:55 PM,21/03/2026 12:55 PM,"INR 1,635.13",Merchant Not Delivered,Merchant service was not delivered after payment.,Pending Bank,04-07-2026,MEDIUM,Branch,163513.0,DELIVERY_ISSUE,PENDING,TXN00018314,1635.13,False,1635.13,VALID_POSITIVE
CBK0001211,,usr_53527,mch4848,27/03/2026,2026-03-29 12:22:56,988.08,scam,Complaint received after multiple failed attempts.,Open,11/04/2026,H,App,98808.0,FRAUD,OPEN,,988.08,False,988.08,VALID_POSITIVE
CBK0001447,TXN00015239,USR59920,MCH-4650,02-17-2026,2026/02/19,10770.37,charged twice,User says UPI PIN was not entered by them.,IN_PROGRESS,02-19-2026,P4,Branch,1077037.0,CHARGED TWICE,IN_PROGRESS,TXN00015239,10770.37,False,10770.37,VALID_POSITIVE
CBK0001476,TXN00009355,USR 74753,MCH 9250,,17/01/2026 07:44 AM,"INR 2,786.42",Wrong Amount,User reports money deducted but merchant denies receiving payment.,Resolved,18/01/2026,P3,ivr,278642.0,AMOUNT_MISMATCH,RESOLVED,TXN00009355,2786.42,False,2786.42,VALID_POSITIVE
CBK0002292,TXN00014118,USR56014,MCH1692,06-Jan-2026,2026/01/07,"Rs. 3,230",extra amount deducted,Merchant service was not delivered after payment.,Rejected,2026/01/29,MEDIUM,CHATBOT,3230.0,AMOUNT_MISMATCH,REJECTED,TXN00014118,3230.0,False,3230.0,VALID_POSITIVE
CBK0001345,TXN00016061,USR71319,MCH7074,01-02-2026,05/01/2026,-3106.54,service failed,USER SAYS UPI PIN WAS NOT ENTERED BY THEM.,REJECTED,24/01/2026,Medium,ivr,-310654.0,SERVICE_ISSUE,REJECTED,TXN00016061,-3106.54,True,,NEGATIVE_INVALID
CBK0001200,txn-00008369,USR34652,MCH1854,2026-03-09 13:02:31,2026/03/10,₹690.97,fraud,Payment made to unknown merchant as per cust statement.,Open,2026/03/13,P3,Call Center,69097.0,FRAUD,OPEN,TXN-00008369,690.97,False,690.97,VALID_POSITIVE
CBK0000280,txn-00006257,USR14813,5918,,05-Jan-2026,350.52,no service,User says UPI PIN was not entered by them.,CLOSED,30/01/2026 01:29 AM,MEDIUM,Email,35052.0,SERVICE_ISSUE,CLOSED,TXN-00006257,350.52,False,350.52,VALID_POSITIVE
CBK0001354,TXN00014155,USR29864,MCH9709,01-Feb-2026,02-06-2026,2193.93,DUP_DEBIT,Customer says amount was debited twice.,Resolved,19/02/2026,MEDIUM,Email,219393.0,DUPLICATE_DEBIT,RESOLVED,TXN00014155,2193.93,False,2193.93,VALID_POSITIVE
CBK0001015,TXN00016813,USR32994,MCH3718,1772819221,,"9,012.82",charged twice,User reports money deducted but merchant denies receiving payment.,OPEN,,P2,Branch,901282.0,CHARGED TWICE,OPEN,TXN00016813,9012.82,False,9012.82,VALID_POSITIVE
CBK0002601,TXN00008048,usr47942,3036,2026-02-07 03:19:43,2026/02/10,"Rs. 7,477",Fraud Suspected,Payment made to unknown merchant as per customer statement.,IN_PROGRESS,03-04-2026,H,ivr,7477.0,FRAUD,IN_PROGRESS,TXN00008048,7477.0,False,7477.0,VALID_POSITIVE
CBK0001159,TXN00004247,USR78862,mch9098,2026/01/30,,"₹1,908.75",no service,Merchant service was not delivered after payment. NA,WIP,,P3,chatbot,190875.0,SERVICE_ISSUE,IN_PROGRESS,TXN00004247,1908.75,False,1908.75,VALID_POSITIVE
CBK0000535,TXN00013922,USR57069,MCH3346,27-Feb-2026,04/03/2026,,login compromised,Customer complaint text unclear due to poor call center notes.,IN_PROGRESS,1773353412,P3,App,,ACCOUNT_TAKEOVER,IN_PROGRESS,TXN00013922,,False,,MISSING
CBK0000581,TXN00007551,USR73632,MCH8435,01-11-2026,14-Jan-2026,"INR 1,887.02",Duplicate Debit,merchant service was not delivered after payment.,Resolved,01-28-2026,P3,chatbot,188702.0,DUPLICATE_DEBIT,RESOLVED,TXN00007551,1887.02,False,1887.02,VALID_POSITIVE
CBK0002148,TXN00006250,USR11419,MCH4680,2026-01-28 00:26:31,2026/01/29,₹836.39,customer issue,Payment made to unknown merchant as per customer statement.,WIP,26-Feb-2026,P4,chatbot,83639.0,CUSTOMER_DISPUTE,IN_PROGRESS,TXN00006250,836.39,False,836.39,VALID_POSITIVE
CBK0001882,TXN00001309,usr58639,MCH2755,27-Jan-2026,29/01/2026 03:01 AM,,account hacked,suspicious high-value payment disputed by customer.,Pending Bank,,H,Email,,ACCOUNT_TAKEOVER,PENDING,TXN00001309,,False,,MISSING
CBK0000659,TXN00017737,USR53527,MCH3861,02-11-2026,2026/02/16,1419.1,customer issue,Payment made to unknown merchant as per customer statement.,CLOSED,28/02/2026 11:40 PM,CRIT,chatbot,14191.0,CUSTOMER_DISPUTE,CLOSED,TXN00017737,1419.1,False,1419.1,VALID_POSITIVE
CBK0001128,TXN00007988,USR69706,MCH2973,01-11-2026,17/01/2026,"INR 1,309.60",Unauthorized Transaction,Merchant service was not delivered after payment.,Resolved,,L,IVR,130960.0,UNAUTHORIZED_TRANSACTION,RESOLVED,TXN00007988,1309.6,False,1309.6,VALID_POSITIVE
CBK0001019,TXN00010667,25121,MCH5175,03-01-2026,02/03/2026 09:12 AM,₹276.61,customer issue,Complaint received after multiple failed attempts.,Open,16/03/2026 09:12 AM,LOW,Email,27661.0,CUSTOMER_DISPUTE,OPEN,TXN00010667,276.61,False,276.61,VALID_POSITIVE
CBK0002025,TXN00011048,USR73065,MCH3751,09/02/2026,2026/02/11,₹946.11,dispute raised,Suspicious high-value payment disputed by customer.,CLOSED,2026/03/11,Low,App,94611.0,CUSTOMER_DISPUTE,CLOSED,TXN00011048,946.11,False,946.11,VALID_POSITIVE
CBK0000548,TXN00010219,usr53771,MCH4421,03/03/2026,03-06-2026,"9,344.29",unauthorized_transaction,customer says transaction was not authorized.,In Progress,2026/03/23,H,chatbot,934429.0,UNAUTHORIZED_TRANSACTION,IN_PROGRESS,TXN00010219,9344.29,False,9344.29,VALID_POSITIVE
CBK0001720,txn-00009955,USR71375,MCH7982,04/03/2026 05:18 AM,11-Mar-2026,"₹2,132.38",Merchant Not Delivered,user claims account was compromised before transaction.,PENDING_BANK,,MEDIUM,chatbot,213238.0,DELIVERY_ISSUE,PENDING,TXN-00009955,2132.38,False,2132.38,VALID_POSITIVE
CBK0002283,TXN00010523,USR84010,MCH6886,2026-02-22 02:27:40,25-Feb-2026,907.87,amount mismatch,Customer complaint text unclear due to poor call center notes.,WIP,,P2,App,90787.0,AMOUNT_MISMATCH,IN_PROGRESS,TXN00010523,907.87,False,907.87,VALID_POSITIVE
CBK0000008,TXN00010497,USR15241,MCH2822,10/02/2026,02-15-2026,1549.8,ATO,Merchant service was not delivered after payment.,Pending Bank,02-16-2026,Medium,chatbot,15498.0,ACCOUNT_TAKEOVER,PENDING,TXN00010497,1549.8,False,1549.8,VALID_POSITIVE
CBK0000850,TXN00013581,USR 49649,mch8251,09/01/2026,2026-01-09 22:29:08,162.44,FRAUD,Payment made to unknown merchant as per customer statement.,CLOSED,24/01/2026 10:29 PM,L,chatbot,16244.0,FRAUD,CLOSED,TXN00013581,162.44,False,162.44,VALID_POSITIVE
CBK0002122,TXN00015416,USR51198,MCH5655,2026/02/07,2026/02/09,"₹4,100.60",incorrect amount,Merchant service was not delivered after payment.,REJECTED,,Low,Email,410060.0,AMOUNT_MISMATCH,REJECTED,TXN00015416,4100.6,False,4100.6,VALID_POSITIVE
CBK0002649,TXN00007227,usr_18102,MCH8436,03-Mar-2026,06/03/2026 08:40 AM,3120.43,no service,Payment made to unknown merchant as per customer statement.,Rejected,2026/03/15,MEDIUM,Email,312043.0,SERVICE_ISSUE,REJECTED,TXN00007227,3120.43,False,3120.43,VALID_POSITIVE
CBK0002301,TXN00016200,USR35882,MCH8547,2026-01-20 15:12:31,22/01/2026 03:12 AM,"₹1,071.38",Merchant Not Delivered,Suspicious high-value payment disputed by customer.,Closed,02-07-2026,H,Email,107138.0,DELIVERY_ISSUE,CLOSED,TXN00016200,1071.38,False,1071.38,VALID_POSITIVE
CBK0001793,TXN00004370,USR75457,MCH8779,24/01/2026,30-Jan-2026,₹733.59,UNAUTHORISED,user claims account was compromised before transaction.,Pending Bank,16/02/2026,P3,ivr,73359.0,UNAUTHORIZED_TRANSACTION,PENDING,TXN00004370,733.59,False,733.59,VALID_POSITIVE
CBK0002022,TXN00011522,USR 85266,MCH4641,,,"INR 1,768.79",item not received,User claims account was compromised before transaction.,Pending Bank,2026/05/01,P2,App,176879.0,DELIVERY_ISSUE,PENDING,TXN00011522,1768.79,False,1768.79,VALID_POSITIVE
CBK0001053,TXN00012989,USR53359,MCH4181,2026/02/22,1772269668,2439.31,dispute raised,Customer says transaction was not authorized.,In Progress,21-Mar-2026,Low,Branch,243931.0,CUSTOMER_DISPUTE,IN_PROGRESS,TXN00012989,2439.31,False,2439.31,VALID_POSITIVE
CBK0000766,TXN00012205,USR25990,4590,08/01/2026 03:49 PM,,"INR 2,093.79",item not received,Customer complaint text unclear due to poor call center notes.,PENDING_BANK,09/02/2026,M,Branch,209379.0,DELIVERY_ISSUE,PENDING,TXN00012205,2093.79,False,2093.79,VALID_POSITIVE
CBK0002308,TXN00006966,USR 87795,MCH4912,02-11-2026,1770926949,645.29,no service,Customer says transaction was not authorized.,In Progress,17-Feb-2026,MEDIUM,Email,64529.0,SERVICE_ISSUE,IN_PROGRESS,TXN00006966,645.29,False,645.29,VALID_POSITIVE
CBK0001472,TXN00015404,usr62254,MCH1722,2026/03/29,2026/03/30,1356.41,dispute raised,user says upi pin was not entered by them.,Open,2026-03-31 17:46:38,Low,App,135641.0,CUSTOMER_DISPUTE,OPEN,TXN00015404,1356.41,False,1356.41,VALID_POSITIVE
CBK0001737,TXN35157,USR 51742,MCH3992,22-Jan-2026,,4673.28,Account Takeover,Customer says transaction was not authorized.,Closed,,Critical,App,467328.0,ACCOUNT_TAKEOVER,CLOSED,TXN35157,4673.28,False,4673.28,VALID_POSITIVE
CBK0000416,TXN00011455,USR31649,MCH3367,15/03/2026,2026/03/17,-5856.29,fraud,User claims account was compromised before transaction.,RESOLVED,2026/03/19,MEDIUM,Branch,-585629.0,FRAUD,RESOLVED,TXN00011455,-5856.29,True,,NEGATIVE_INVALID
CBK0001659,TXN00013503,USR75281,MCH 8953,2026/03/29,2026-04-01 23:21:32,2276.34,no service,Customer says transaction was not authorized.,Rejected,,P3,Call Center,227634.0,SERVICE_ISSUE,REJECTED,TXN00013503,2276.34,False,2276.34,VALID_POSITIVE
CBK0001784,TXN00013078,USR21865,MCH5686,,2026-03-11 16:33:33,"Rs. 26,923",Customer Dispute,Complaint received after multiple failed attempts.,IN_PROGRESS,03-25-2026,P2,Call Center,26923.0,CUSTOMER_DISPUTE,IN_PROGRESS,TXN00013078,26923.0,False,26923.0,VALID_POSITIVE
CBK0001450,TXN00009783,usr_83126,MCH9291,24/01/2026 10:52 PM,2026/01/30,"INR 2,123.46",Duplicate Debit,User says UPI PIN was not entered by them.,CLOSED,15-Feb-2026,P3,chatbot,212346.0,DUPLICATE_DEBIT,CLOSED,TXN00009783,2123.46,False,2123.46,VALID_POSITIVE
CBK0002715,TXN00004748,USR44569,MCH3100,09-Feb-2026,2026/02/09,"₹3,976.68",item not received,Payment made to unknown merchant as per cust statement.,Closed,2026/02/25,L,Email,397668.0,DELIVERY_ISSUE,CLOSED,TXN00004748,3976.68,False,3976.68,VALID_POSITIVE
CBK0001083,TXN00012710,USR93300,MCH8278,1774950973,04/04/2026,"INR 1,691.84",delivery issue,Customer says transaction was not authorized. NA,IN_PROGRESS,,P4,Call Center,169184.0,DELIVERY_ISSUE,IN_PROGRESS,TXN00012710,1691.84,False,1691.84,VALID_POSITIVE
CBK0001401,TXN00005811,USR43185,MCH1236,2026-02-17 19:01:40,2026-02-18 20:01:40,636.43,incorrect amount,user says upi pin was not entered by them.,Closed,,Medium,chatbot,63643.0,AMOUNT_MISMATCH,CLOSED,TXN00005811,636.43,False,636.43,VALID_POSITIVE
CBK0002028,TXN00013363,USR79366,mch1123,02-15-2026,,Rs. 740,dispute raised,User claims account was compromised before transaction.,REJECTED,27/02/2026,LOW,CHATBOT,740.0,CUSTOMER_DISPUTE,REJECTED,TXN00013363,740.0,False,740.0,VALID_POSITIVE
CBK0001705,TXN00019762,USR21831,MCH4473,29-Jan-2026,2026-02-01 11:13:12,978.26,fraud,User claims account was compromised before transaction.,RESOLVED,13/02/2026,HIGH,Email,97826.0,FRAUD,RESOLVED,TXN00019762,978.26,False,978.26,VALID_POSITIVE
CBK0002651,TXN00011973,usr_27533,MCH7670,1771272075,1771513275,50,item not received,Payment made to unknown merchant as per customer statement.,OPEN,2026-02-26 15:01:15,P2,Branch,50.0,DELIVERY_ISSUE,OPEN,TXN00011973,50.0,False,50.0,VALID_POSITIVE
CBK0000233,TXN00018991,USR 98336,MCH7031,2026/02/17,02-23-2026,5661.32,unauth txn,Customer complaint text unclear due to poor call center notes.,Open,23/03/2026 05:03 PM,MEDIUM,IVR,566132.0,UNAUTHORIZED_TRANSACTION,OPEN,TXN00018991,5661.32,False,5661.32,VALID_POSITIVE
CBK0002624,TXN00001580,USR72987,MCH6380,18-Jan-2026,22/01/2026,"₹19,958.58",Unauthorized Transaction,Customer complaint text unclear due to poor call center notes.,Pending Bank,2026-01-25 01:58:32,CRIT,App,1995858.0,UNAUTHORIZED_TRANSACTION,PENDING,TXN00001580,19958.58,False,19958.58,VALID_POSITIVE
CBK0000713,TXN00015731,USR42970,MCH8779,08-Feb-2026,2026/02/11,,customer issue,user says upi pin was not entered by them.,Open,2026-03-03 18:11:53,H,Email,,CUSTOMER_DISPUTE,OPEN,TXN00015731,,False,,MISSING
CBK0002349,TXN00003229,USR-86279,MCH1006,2026/02/21,1772109379,12194.3,double debit,User reports money deducted but merchant denies receiving payment.,WIP,25/03/2026,MEDIUM,chatbot,121943.0,DUPLICATE_DEBIT,IN_PROGRESS,TXN00003229,12194.3,False,12194.3,VALID_POSITIVE
CBK0001368,TXN00017555,USR 49364,MCH8953,2026-01-24 07:12:30,,2069.43,Unauthorized Transaction,user reports money deducted but merchant denies receiving payment.,Open,14-Feb-2026,P4,chatbot,206943.0,UNAUTHORIZED_TRANSACTION,OPEN,TXN00017555,2069.43,False,2069.43,VALID_POSITIVE
CBK0002527,TXN00014880,USR22078,MCH5647,2026/01/13,,3936.04,unauth txn,Payment made to unknown merchant as per customer statement.,Resolved,02/02/2026,Medium,Email,393604.0,UNAUTHORIZED_TRANSACTION,RESOLVED,TXN00014880,3936.04,False,3936.04,VALID_POSITIVE
CBK0000355,TXN00010372,USR64774,MCH3196,2026-03-08 13:27:13,23/03/2026,307.0,UNAUTHORISED,CUSTOMER SAYS TRANSACTION WAS NOT AUTHORIZED.,IN_PROGRESS,04-11-2026,Critical,IVR,3070.0,UNAUTHORIZED_TRANSACTION,IN_PROGRESS,TXN00010372,307.0,False,307.0,VALID_POSITIVE
CBK0000500,TXN00002450,usr53546,7357,01-21-2026,23/01/2026,896.7,amount mismatch,User claims account was compromised before transaction.,Pending Bank,,P3,CHATBOT,8967.0,AMOUNT_MISMATCH,PENDING,TXN00002450,896.7,False,896.7,VALID_POSITIVE
CBK0000213,TXN00019537,USR55133,MCH1458,15/02/2026,1771161078,613.06,customer issue,User reports money deducted but merchant denies receiving payment. NA,Rejected,2026/02/15,P3,Call Center,61306.0,CUSTOMER_DISPUTE,REJECTED,TXN00019537,613.06,False,613.06,VALID_POSITIVE
CBK0000214,TXN00000769,usr93581,MCH6844,18-Mar-2026,,INR 509.24,extra amount deducted,User claims account was compromised before transaction.,OPEN,06/04/2026,Medium,IVR,50924.0,AMOUNT_MISMATCH,OPEN,TXN00000769,509.24,False,509.24,VALID_POSITIVE
CBK0000577,,USR81643,MCH3563,2026-01-11 04:14:50,11/01/2026,,Service Not Provided,Customer says transaction was not authorized.,OPEN,29/01/2026,Low,Branch,,SERVICE_ISSUE,OPEN,,,False,,MISSING
CBK0001437,TXN00009735,usr48653,MCH3671,04/02/2026,07/02/2026,"INR 1,222.97",item not received,Customer complaint text unclear due to poor call center notes.,Pending Bank,02-15-2026,HIGH,chatbot,122297.0,DELIVERY_ISSUE,PENDING,TXN00009735,1222.97,False,1222.97,VALID_POSITIVE
CBK0000992,TXN00000272,USR31026,MCH2646,1767444264,,"Rs. 9,250",account hacked,User claims account was compromised before transaction.,Pending Bank,2026/01/25,MEDIUM,Branch,9250.0,ACCOUNT_TAKEOVER,PENDING,TXN00000272,9250.0,False,9250.0,VALID_POSITIVE
CBK0000628,TXN00004074,USR56605,mch8953,24/02/2026 08:57 PM,03-02-2026,3617.74,merchant service issue,Payment made to unknown merchant as per customer statement.,Rejected,03-23-2026,Low,Email,361774.0,SERVICE_ISSUE,REJECTED,TXN00004074,3617.74,False,3617.74,VALID_POSITIVE
CBK0001050,TXN00010429,USR33397,MCH2522,18/03/2026 08:21 PM,2026/05/03,"4,066.00",DUP_DEBIT,Customer complaint text unclear due to poor call center notes.,WIP,1778905268,LOW,IVR,406600.0,DUPLICATE_DEBIT,IN_PROGRESS,TXN00010429,4066.0,False,4066.0,VALID_POSITIVE
CBK0000364,TXN00017377,USR55664,MCH9309,02-02-2026,1770524321,9493.15,charged twice,Customer complaint text unclear due to poor call center notes. call dropped,OPEN,19/02/2026,Medium,Branch,949315.0,CHARGED TWICE,OPEN,TXN00017377,9493.15,False,9493.15,VALID_POSITIVE
CBK0002272,TXN00008542,usr97580,mch5904,12/01/2026 05:13 AM,14/01/2026,,service failed,Customer says amount was debited twice.,Pending Bank,21/01/2026,M,CHATBOT,,SERVICE_ISSUE,PENDING,TXN00008542,,False,,MISSING
CBK0000106,TXN00016875,USR34270,MCH 7335,,,-570.66,Unauthorized Transaction,Payment made to unknown merchant as per customer statement.,Pending Bank,2026/04/19,LOW,CHATBOT,-57066.0,UNAUTHORIZED_TRANSACTION,PENDING,TXN00016875,-570.66,True,,NEGATIVE_INVALID
CBK0000848,TXN00000823,USR 23460,MCH5954,03-30-2026,29-Apr-2026,"INR 1,982.27",scam,Customer says transaction was not authorized.,RESOLVED,06-May-2026,P4,ivr,198227.0,FRAUD,RESOLVED,TXN00000823,1982.27,False,1982.27,VALID_POSITIVE
CBK0000506,TXN00018031,USR67892,MCH2770,2026/01/19,2026-01-22 05:45:24,-700.6,extra amount deducted,User reports money deducted but merchant denies receiving payment.,REJECTED,18/02/2026,Medium,Call Center,-7006.0,AMOUNT_MISMATCH,REJECTED,TXN00018031,-700.6,True,,NEGATIVE_INVALID
CBK0000714,TXN00000238,USR50454,MCH5655,2026/02/06,07/02/2026,"INR 2,745.21",unauthorized_transaction,Suspicious high-value payment disputed by customer.,Pending Bank,,P3,Email,274521.0,UNAUTHORIZED_TRANSACTION,PENDING,TXN00000238,2745.21,False,2745.21,VALID_POSITIVE
CBK0002318,TXN00011955,usr_35555,MCH3810,1774176760,03-26-2026,-918.61,dispute raised,Suspicious high-value payment disputed by customer. call dropped,Pending Bank,,L,App,-91861.0,CUSTOMER_DISPUTE,PENDING,TXN00011955,-918.61,True,,NEGATIVE_INVALID
CBK0000557,TXN00012212,USR 36059,MCH7684,03-Feb-2026,03/02/2026 07:12 PM,"₹2,586.86",DUP_DEBIT,User reports money deducted but merchant denies receiving payment.,Pending Bank,09/02/2026,L,Branch,258686.0,DUPLICATE_DEBIT,PENDING,TXN00012212,2586.86,False,2586.86,VALID_POSITIVE
CBK0001877,TXN98339,15575,MCH5651,2026-01-29 20:48:22,01-28-2026,194.24,FRAUD,User says UPI PIN was not entered by them.,WIP,02-04-2026,L,CHATBOT,19424.0,FRAUD,IN_PROGRESS,TXN98339,194.24,False,194.24,VALID_POSITIVE
CBK0000601,TXN00017368,USR21789,MCH8779,2026/02/07,12/02/2026,,merchant service issue,Customer complaint text unclear due to poor call center notes.,WIP,02-26-2026,Medium,Branch,,SERVICE_ISSUE,IN_PROGRESS,TXN00017368,,False,,MISSING
CBK0001786,TXN91289,USR77896,8389,08/03/2026,2026/03/19,INR 954.04,no service,Complaint received after multiple failed attempts.,RESOLVED,,CRIT,Branch,95404.0,SERVICE_ISSUE,RESOLVED,TXN91289,954.04,False,954.04,VALID_POSITIVE
CBK0000102,TXN00013948,USR79115,MCH3570,22-Jan-2026,1769714157,"₹7,171.27",complaint,Payment made to unknown merchant as per customer statement.,In Progress,2026-02-16 19:15:57,LOW,App,717127.0,CUSTOMER_DISPUTE,IN_PROGRESS,TXN00013948,7171.27,False,7171.27,VALID_POSITIVE
CBK0000745,TXN00010462,USR47272,MCH8805,13-Jan-2026,17/01/2026 12:35 AM,"4,246.38",account hacked,User reports money deducted but merchant denies receiving payment.,CLOSED,1770078916,LOW,CHATBOT,424638.0,ACCOUNT_TAKEOVER,CLOSED,TXN00010462,4246.38,False,4246.38,VALID_POSITIVE
CBK0000748,TXN00009850,USR 16745,MCH7753,2026-02-06 07:19:27,1770189567,"₹1,130.39",FRAUD,Customer complaint text unclear due to poor call center notes.,OPEN,02-21-2026,LOW,Email,113039.0,FRAUD,OPEN,TXN00009850,1130.39,False,1130.39,VALID_POSITIVE
CBK0002478,TXN00016308,USR74358,MCH6401,14/01/2026,17/01/2026 09:14 PM,3857.22,fraud,Suspicious high-value payment disputed by customer.,Open,2026-01-23 21:14:01,L,chatbot,385722.0,FRAUD,OPEN,TXN00016308,3857.22,False,3857.22,VALID_POSITIVE
CBK0002800,TXN00003664,USR55718,MCH3777,2026-01-08 06:03:43,10/01/2026 09:03 PM,"INR 1,000.95",Merchant Not Delivered,Customer says amount was debited twice.,Closed,31/01/2026 09:03 PM,M,IVR,100095.0,DELIVERY_ISSUE,CLOSED,TXN00003664,1000.95,False,1000.95,VALID_POSITIVE
CBK0002115,TXN00015780,USR 98420,MCH7025,01-21-2026,1770346922,1404.29,Customer Dispute,User says UPI PIN was not entered by them.,OPEN,27/02/2026,P3,ivr,140429.0,CUSTOMER_DISPUTE,OPEN,TXN00015780,1404.29,False,1404.29,VALID_POSITIVE
CBK0000948,TXN00019010,USR39487,MCH7891,2026/02/18,2026/02/13,₹983.91,ATO,Payment made to unknown merchant as per customer statement.,PENDING_BANK,27-Feb-2026,LOW,Email,98391.0,ACCOUNT_TAKEOVER,PENDING,TXN00019010,983.91,False,983.91,VALID_POSITIVE
CBK0002763,TXN00010243,USR96392,mch8516,29/03/2026 07:29 AM,1774823388,"Rs. 1,043",incorrect amount,merchant service was not delivered after payment.,RESOLVED,04-14-2026,L,Call Center,1043.0,AMOUNT_MISMATCH,RESOLVED,TXN00010243,1043.0,False,1043.0,VALID_POSITIVE
CBK0001826,TXN00012615,USR61997,MCH4353,02/02/2026,13/02/2026 02:10 PM,"INR 2,049.68",unauthorized_transaction,Suspicious high-value payment disputed by customer.,PENDING_BANK,2026-03-03 14:10:36,P3,App,204968.0,UNAUTHORIZED_TRANSACTION,PENDING,TXN00012615,2049.68,False,2049.68,VALID_POSITIVE
CBK0000378,TXN00018467,USR80805,mch5264,14-Feb-2026,,Rs. 688,Duplicate Debit,customer says transaction was not authorized.,WIP,15/03/2026,Medium,Branch,688.0,DUPLICATE_DEBIT,IN_PROGRESS,TXN00018467,688.0,False,688.0,VALID_POSITIVE
CBK0001134,TXN00017548,USR13243,mch9359,03-11-2026,13-Mar-2026,"INR 6,612.88",Duplicate Debit,User reports money deducted but merchant denies receiving payment.,Resolved,29-Mar-2026,MEDIUM,ivr,661288.0,DUPLICATE_DEBIT,RESOLVED,TXN00017548,6612.88,False,6612.88,VALID_POSITIVE
CBK0001731,TXN00004984,USR87558,MCH9299,2026/03/31,04-05-2026,"₹1,369.23",ATO,User reports money deducted but merchant denies receiving payment.,RESOLVED,,High,chatbot,136923.0,ACCOUNT_TAKEOVER,RESOLVED,TXN00004984,1369.23,False,1369.23,VALID_POSITIVE
CBK0002574,TXN00017235,USR62800,MCH8945,2026-02-08 05:11:43,2026-02-12 02:11:43,18567.74,no service,User says UPI PIN was not entered by them.,PENDING_BANK,25/02/2026 02:11 AM,M,IVR,1856774.0,SERVICE_ISSUE,PENDING,TXN00017235,18567.74,False,18567.74,VALID_POSITIVE
CBK0001494,TXN00012935,USR-97835,MCH9262,26-Jan-2026,27/01/2026 01:43 AM,"Rs. 7,997",dispute raised,User reports money deducted but merchant denies receiving payment.,Open,02-13-2026,P4,CHATBOT,7997.0,CUSTOMER_DISPUTE,OPEN,TXN00012935,7997.0,False,7997.0,VALID_POSITIVE
CBK0001678,TXN00013912,usr44975,MCH-7114,2026/01/18,01-19-2026,-1478.88,Merchant Not Delivered,Customer says amount was debited twice.,OPEN,10/02/2026,P2,ivr,-147888.0,DELIVERY_ISSUE,OPEN,TXN00013912,-1478.88,True,,NEGATIVE_INVALID
CBK0001643,TXN00000106,USR58071,MCH5954,11/02/2026,19/02/2026 08:16 AM,7755.19,unauthorized_transaction,Complaint received after multiple failed attempts.,Pending Bank,,CRIT,CHATBOT,775519.0,UNAUTHORIZED_TRANSACTION,PENDING,TXN00000106,7755.19,False,7755.19,VALID_POSITIVE
CBK0000190,TXN00009749,USR32223,MCH5076,01-15-2026,23-Jan-2026,193.15,amount mismatch,Customer says transaction was not authorized.,RESOLVED,02-02-2026,Low,IVR,19315.0,AMOUNT_MISMATCH,RESOLVED,TXN00009749,193.15,False,193.15,VALID_POSITIVE
CBK0000556,TXN00013406,USR49847,mch4590,03-08-2026,24/03/2026 02:07 AM,6052.19,suspicious transaction,Customer complaint text unclear due to poor call center notes.,Open,2026/04/16,HIGH,IVR,605219.0,FRAUD,OPEN,TXN00013406,6052.19,False,6052.19,VALID_POSITIVE
CBK0000222,TXN00003640,USR-39837,mch5980,07/01/2026 11:53 AM,01-09-2026,"INR 2,301.83",Account Takeover,Suspicious high-value payment disputed by customer.,Pending Bank,2026-01-24 12:53:46,P3,Call Center,230183.0,ACCOUNT_TAKEOVER,PENDING,TXN00003640,2301.83,False,2301.83,VALID_POSITIVE
CBK0002310,TXN00008525,USR62313,MCH8146,03-Mar-2026,03-05-2026,"INR 1,760.95",Wrong Amount,Suspicious high-value payment disputed by customer.,CLOSED,,High,Branch,176095.0,AMOUNT_MISMATCH,CLOSED,TXN00008525,1760.95,False,1760.95,VALID_POSITIVE
CBK0001236,TXN00016325,50779,1320,01-Mar-2026,07-Mar-2026,"₹1,085.50",not done by me,Suspicious high-value payment disputed by customer.,REJECTED,1775455250,M,Email,108550.0,UNAUTHORIZED_TRANSACTION,REJECTED,TXN00016325,1085.5,False,1085.5,VALID_POSITIVE
CBK0001039,TXN00010686,USR-79207,MCH7408,2026-02-27 07:41:36,2026-03-01 20:41:36,"Rs. 1,379",extra amount deducted,User says UPI PIN was not entered by them.,Rejected,03-Mar-2026,P1,App,1379.0,AMOUNT_MISMATCH,REJECTED,TXN00010686,1379.0,False,1379.0,VALID_POSITIVE
CBK0002425,TXN00014868,USR39427,MCH2383,1769211690,27/01/2026 01:41 PM,Rs. 367,Merchant Not Delivered,Suspicious high-value payment disputed by customer.,PENDING_BANK,,M,ivr,367.0,DELIVERY_ISSUE,PENDING,TXN00014868,367.0,False,367.0,VALID_POSITIVE
CBK0001745,TXN00007273,USR17798,MCH6810,02/03/2026,2026/03/04,673.49,Duplicate Debit,Payment made to unknown merchant as per customer statement.,Open,25/03/2026,Medium,Call Center,67349.0,DUPLICATE_DEBIT,OPEN,TXN00007273,673.49,False,673.49,VALID_POSITIVE
CBK0000764,TXN00017113,USR98093,MCH8779,1773845791,21/03/2026,580.57,Customer Dispute,Merchant service was not delivered after payment.,PENDING_BANK,2026/04/09,M,Branch,58057.0,CUSTOMER_DISPUTE,PENDING,TXN00017113,580.57,False,580.57,VALID_POSITIVE
CBK0001814,TXN00002883,USR 42970,MCH-2296,03/03/2026 06:11 PM,,-19036.69,charged twice,USER SAYS UPI PIN WAS NOT ENTERED BY THEM.,OPEN,26/03/2026,P1,Call Center,-1903669.0,CHARGED TWICE,OPEN,TXN00002883,-19036.69,True,,NEGATIVE_INVALID
CBK0002536,TXN00009622,USR33596,MCH3032,03-Mar-2026,,,ATO,User reports money deducted but merchant denies receiving payment.,Open,2026-03-17 00:16:23,P1,App,,ACCOUNT_TAKEOVER,OPEN,TXN00009622,,False,,MISSING
CBK0000231,TXN00017060,USR94815,MCH-5980,2026-03-25 11:16:26,05/04/2026,575.09,Customer Dispute,User reports money deducted but merchant denies receiving payment.,CLOSED,09/04/2026,P4,ivr,57509.0,CUSTOMER_DISPUTE,CLOSED,TXN00017060,575.09,False,575.09,VALID_POSITIVE
CBK0000462,TXN00018761,USR24660,mch9291,2026/01/23,2026/01/24,"INR 1,500.59",unauthorized_transaction,Customer says amount was debited twice.,IN_PROGRESS,17-Feb-2026,L,Email,150059.0,UNAUTHORIZED_TRANSACTION,IN_PROGRESS,TXN00018761,1500.59,False,1500.59,VALID_POSITIVE
CBK0000469,TXN00002630,usr94595,MCH7286,2026-03-05 13:56:13,07/03/2026,-7890.76,unauthorized_transaction,Complaint received after multiple failed attempts. call dropped,Pending Bank,,L,CHATBOT,-789076.0,UNAUTHORIZED_TRANSACTION,PENDING,TXN00002630,-7890.76,True,,NEGATIVE_INVALID
CBK0000889,TXN00015963,USR97266,MCH-6752,12/01/2026,01-22-2026,"Rs. 3,356",FRAUD,CUSTOMER SAYS AMOUNT WAS DEBITED TWICE.,In Progress,28-Jan-2026,Medium,IVR,3356.0,FRAUD,IN_PROGRESS,TXN00015963,3356.0,False,3356.0,VALID_POSITIVE
CBK0000604,TXN00008566,usr17861,MCH3597,12-Mar-2026,1773554909,2673.74,unauth txn,User claims account was compromised before transaction.,PENDING_BANK,,LOW,CHATBOT,267374.0,UNAUTHORIZED_TRANSACTION,PENDING,TXN00008566,2673.74,False,2673.74,VALID_POSITIVE
CBK0000611,TXN00014367,usr58639,MCH4078,2026/02/17,03-05-2026,996.14,service failed,User says UPI PIN was not entered by them.,Open,,L,CHATBOT,99614.0,SERVICE_ISSUE,OPEN,TXN00014367,996.14,False,996.14,VALID_POSITIVE
CBK0001017,TXN85757,USR56228,MCH8964,03-29-2026,2026/04/02,585.8,charged twice,Payment made to unknown merchant as per customer statement.,Rejected,04-19-2026,Critical,CHATBOT,5858.0,CHARGED TWICE,REJECTED,TXN85757,585.8,False,585.8,VALID_POSITIVE
CBK0002108,TXN00013246,usr62233,MCH8714,2026/02/12,2026/02/15,"₹5,800.55",charged twice,Customer says amount was debited twice.,REJECTED,17/02/2026,Low,App,580055.0,CHARGED TWICE,REJECTED,TXN00013246,5800.55,False,5800.55,VALID_POSITIVE
CBK0001742,TXN00000794,USR25428,MCH4105,2026/02/19,02-22-2026,6042.03,Merchant Not Delivered,Complaint received after multiple failed attempts.,OPEN,,H,IVR,604203.0,DELIVERY_ISSUE,OPEN,TXN00000794,6042.03,False,6042.03,VALID_POSITIVE
CBK0000082,TXN00013051,USR86387,MCH8735,2026/02/26,2026/02/27,"Rs. 7,272",item not received,Suspicious high-value payment disputed by customer.,IN_PROGRESS,,LOW,App,7272.0,DELIVERY_ISSUE,IN_PROGRESS,TXN00013051,7272.0,False,7272.0,VALID_POSITIVE
CBK0000597,TXN00012105,usr_80223,MCH3594,02-07-2026,10/03/2026,"1,866.96",Duplicate Debit,User reports money deducted but merchant denies receiving payment.,IN_PROGRESS,25-Mar-2026,L,chatbot,186696.0,DUPLICATE_DEBIT,IN_PROGRESS,TXN00012105,1866.96,False,1866.96,VALID_POSITIVE
CBK0001220,TXN00001198,21945,MCH7467,2026-02-05 16:07:55,2026/02/03,"3,605.24",not done by me,User says UPI PIN was not entered by them.,RESOLVED,02-25-2026,H,App,360524.0,UNAUTHORIZED_TRANSACTION,RESOLVED,TXN00001198,3605.24,False,3605.24,VALID_POSITIVE
CBK0001207,TXN00007505,USR33427,MCH5300,2026-01-31 06:45:27,2026-02-02 09:45:27,13713.48,Duplicate Debit,Customer complaint text unclear due to poor call center notes.,WIP,21-Feb-2026,L,CHATBOT,1371348.0,DUPLICATE_DEBIT,IN_PROGRESS,TXN00007505,13713.48,False,13713.48,VALID_POSITIVE
CBK0000177,TXN00001663,USR24926,7681,08/02/2026,11-Feb-2026,"2,379.68",service failed,Complaint received after multiple failed attempts.,Resolved,17/02/2026,P4,ivr,237968.0,SERVICE_ISSUE,RESOLVED,TXN00001663,2379.68,False,2379.68,VALID_POSITIVE
CBK0001332,txn-00009814,USR 65176,MCH2398,01-22-2026,01-Feb-2026,"1,195.47",not delivered,Customer says transaction was not authorized.,IN_PROGRESS,26/02/2026 11:15 AM,M,Branch,119547.0,DELIVERY_ISSUE,IN_PROGRESS,TXN-00009814,1195.47,False,1195.47,VALID_POSITIVE
CBK0000021,TXN00013452,usr_44435,MCH8391,02-18-2026,2026-03-06 00:25:19,-2480.91,Fraud Suspected,User reports money deducted but merchant denies receiving payment.,In Progress,,Medium,IVR,-248091.0,FRAUD,IN_PROGRESS,TXN00013452,-2480.91,True,,NEGATIVE_INVALID
CBK0001202,txn-00005621,USR59000,MCH 3815,15/03/2026,1773955548,"Rs. 8,601",customer issue,Customer says transaction was not authorized.,Resolved,,P4,chatbot,8601.0,CUSTOMER_DISPUTE,RESOLVED,TXN-00005621,8601.0,False,8601.0,VALID_POSITIVE
CBK0002171,TXN00015034,USR73039,MCH1572,19/03/2026,22/03/2026 08:42 PM,"₹8,134.61",DUP_DEBIT,Payment made to unknown merchant as per cust statement.,RESOLVED,,P2,Call Center,813461.0,DUPLICATE_DEBIT,RESOLVED,TXN00015034,8134.61,False,8134.61,VALID_POSITIVE
CBK0001878,TXN00014566,USR75314,MCH2363,03-20-2026,2026-03-24 07:04:16,"₹2,311.12",charged twice,customer says transaction was not authorized.,PENDING_BANK,2026-04-09 07:04:16,HIGH,App,231112.0,CHARGED TWICE,PENDING,TXN00014566,2311.12,False,2311.12,VALID_POSITIVE
CBK0002648,TXN00015715,USR23388,7559,2026/02/10,12/02/2026 05:59 PM,"₹9,730.68",amount mismatch,Customer complaint text unclear due to poor call center notes.,In Progress,15/02/2026 05:59 PM,Low,Email,973068.0,AMOUNT_MISMATCH,IN_PROGRESS,TXN00015715,9730.68,False,9730.68,VALID_POSITIVE
CBK0000078,TXN00019392,usr55898,MCH-8405,2026/01/21,22-Jan-2026,"16,244.17",customer issue,User claims account was compromised before transaction.,Closed,27-Jan-2026,H,ivr,1624417.0,CUSTOMER_DISPUTE,CLOSED,TXN00019392,16244.17,False,16244.17,VALID_POSITIVE
CBK0001469,TXN00008274,USR-45724,MCH3032,25/02/2026,02-28-2026,1114.45,not delivered,Suspicious high-value payment disputed by customer.,RESOLVED,2026-03-18 11:31:43,High,Call Center,111445.0,DELIVERY_ISSUE,RESOLVED,TXN00008274,1114.45,False,1114.45,VALID_POSITIVE
CBK0001428,TXN00001443,USR74417,MCH7286,01-30-2026,02/02/2026,₹504.11,UNAUTHORISED,User claims account was compromised before transaction.,OPEN,05/02/2026,LOW,App,50411.0,UNAUTHORIZED_TRANSACTION,OPEN,TXN00001443,504.11,False,504.11,VALID_POSITIVE
CBK0001501,TXN00010823,USR14938,MCH-1880,10/01/2026 09:26 PM,2026-01-11 07:26:55,-2588.02,DUP_DEBIT,Complaint received after multiple failed attempts.,OPEN,,MEDIUM,App,-258802.0,DUPLICATE_DEBIT,OPEN,TXN00010823,-2588.02,True,,NEGATIVE_INVALID
CBK0001566,TXN00004832,USR79325,MCH4041,01-15-2026,2026/01/26,"₹1,582.60",Unauthorized Transaction,Customer says amount was debited twice.,IN_PROGRESS,,M,Email,158260.0,UNAUTHORIZED_TRANSACTION,IN_PROGRESS,TXN00004832,1582.6,False,1582.6,VALID_POSITIVE
CBK0001806,TXN00003889,USR73653,MCH4226,2026-01-12 01:06:58,2026/01/17,"Rs. 2,760",scam,User says UPI PIN was not entered by them.,Rejected,07/02/2026,H,IVR,2760.0,FRAUD,REJECTED,TXN00003889,2760.0,False,2760.0,VALID_POSITIVE
CBK0001668,TXN00013060,usr11531,MCH8697,04/01/2026,06-Jan-2026,INR 255.73,incorrect amount,Customer says txn was not authorized.,In Progress,1770191341,M,Email,25573.0,AMOUNT_MISMATCH,IN_PROGRESS,TXN00013060,255.73,False,255.73,VALID_POSITIVE
CBK0000755,TXN00002595,USR34052,MCH5808,03-28-2026,29-Mar-2026,-1658.43,not done by me,Suspicious high-value payment disputed by customer.,Pending Bank,2026-04-27 22:33:32,H,chatbot,-165843.0,UNAUTHORIZED_TRANSACTION,PENDING,TXN00002595,-1658.43,True,,NEGATIVE_INVALID
CBK0001037,TXN98409,USR20076,MCH8779,,2026-01-09 22:50:47,645.47,extra amount deducted,Suspicious high-value payment disputed by customer.,OPEN,01-11-2026,HIGH,Branch,64547.0,AMOUNT_MISMATCH,OPEN,TXN98409,645.47,False,645.47,VALID_POSITIVE
CBK0001813,TXN00002689,USR68461,MCH8451,26/01/2026 07:59 AM,29-Jan-2026,2158.72,delivery issue,Merchant service was not delivered after payment.,OPEN,23/02/2026,HIGH,Call Center,215872.0,DELIVERY_ISSUE,OPEN,TXN00002689,2158.72,False,2158.72,VALID_POSITIVE
CBK0000382,TXN00000312,USR42726,MCH 6175,,13-Jan-2026,-545.34,no service,User claims account was compromised before transaction.,PENDING_BANK,09/02/2026,MEDIUM,CHATBOT,-54534.0,SERVICE_ISSUE,PENDING,TXN00000312,-545.34,True,,NEGATIVE_INVALID
CBK0000706,TXN00005543,USR82059,MCH4181,03-Mar-2026,1772724221,1362.67,extra amount deducted,complaint received after multiple failed attempts.,OPEN,30/03/2026 03:23 PM,P3,Call Center,136267.0,AMOUNT_MISMATCH,OPEN,TXN00005543,1362.67,False,1362.67,VALID_POSITIVE
CBK0002633,TXN00018827,USR76516,MCH2530,07-Mar-2026,,2231.59,merchant service issue,Payment made to unknown merchant as per customer statement.,REJECTED,09/04/2026 08:35 AM,P3,IVR,223159.0,SERVICE_ISSUE,REJECTED,TXN00018827,2231.59,False,2231.59,VALID_POSITIVE
CBK0000549,TXN00011700,usr72892,MCH1046,1774868672,2026/04/29,"14,999.55",dispute raised,Suspicious high-value payment disputed by customer.,OPEN,2026/05/05,LOW,Branch,1499955.0,CUSTOMER_DISPUTE,OPEN,TXN00011700,14999.55,False,14999.55,VALID_POSITIVE
CBK0000192,TXN00001285,USR71300,MCH9402,01-08-2026,2026/01/14,Rs. 420,complaint,USER SAYS UPI PIN WAS NOT ENTERED BY THEM.,Open,2026/01/15,P4,App,420.0,CUSTOMER_DISPUTE,OPEN,TXN00001285,420.0,False,420.0,VALID_POSITIVE
CBK0001672,TXN00010193,USR30239,MCH9948,,16-Mar-2026,-1194.2,Customer Dispute,Customer complaint text unclear due to poor call center notes.,CLOSED,03-25-2026,Medium,Email,-11942.0,CUSTOMER_DISPUTE,CLOSED,TXN00010193,-1194.2,True,,NEGATIVE_INVALID
CBK0002502,TXN00001155,USR59679,MCH6426,2026-03-09 02:37:30,1773034650,335.78,incorrect amount,Payment made to unknown merchant as per customer statement.,IN_PROGRESS,,Medium,Branch,33578.0,AMOUNT_MISMATCH,IN_PROGRESS,TXN00001155,335.78,False,335.78,VALID_POSITIVE
CBK0000308,TXN00017336,USR23149,mch8953,2026/03/23,2026-04-08 16:47:26,"INR 3,087.13",Merchant Not Delivered,User says UPI PIN was not entered by them.,RESOLVED,,CRITICAL,Call Center,308713.0,DELIVERY_ISSUE,RESOLVED,TXN00017336,3087.13,False,3087.13,VALID_POSITIVE
CBK0001002,TXN00015644,USR-20239,MCH3815,2026/03/27,2026-03-22 07:53:46,4307.19,scam,User claims account was compromised before transaction.,Pending Bank,05/04/2026,MEDIUM,chatbot,430719.0,FRAUD,PENDING,TXN00015644,4307.19,False,4307.19,VALID_POSITIVE
CBK0001066,TXN00015023,USR41036,MCH5655,2026-01-31 01:40:40,02-02-2026,₹946.63,no service,merchant service was not delivered after payment.,In Progress,15/02/2026 01:40 AM,P2,ivr,94663.0,SERVICE_ISSUE,IN_PROGRESS,TXN00015023,946.63,False,946.63,VALID_POSITIVE
CBK0000617,TXN00014515,USR11419,mch7833,2026/02/09,1771276321,₹181.44,item not received,USER SAYS UPI PIN WAS NOT ENTERED BY THEM.,OPEN,04/03/2026,L,CHATBOT,18144.0,DELIVERY_ISSUE,OPEN,TXN00014515,181.44,False,181.44,VALID_POSITIVE
CBK0002721,TXN00017658,USR43499,MCH9765,1770654265,2026/02/10,845.38,complaint,Customer says transaction was not authorized.,Pending Bank,12/02/2026 06:24 PM,Medium,Email,84538.0,CUSTOMER_DISPUTE,PENDING,TXN00017658,845.38,False,845.38,VALID_POSITIVE
CBK0001758,TXN00014222,USR16922,mch6546,,2026/03/16,"Rs. 2,187",extra amount deducted,Customer says amount was debited twice.,Rejected,2026/03/17,P4,chatbot,2187.0,AMOUNT_MISMATCH,REJECTED,TXN00014222,2187.0,False,2187.0,VALID_POSITIVE
CBK0002630,TXN00019209,usr61436,9582,03-12-2026,03-28-2026,"₹13,306.35",login compromised,COMPLAINT RECEIVED AFTER MULTIPLE FAILED ATTEMPTS.,Open,26-Apr-2026,LOW,chatbot,1330635.0,ACCOUNT_TAKEOVER,OPEN,TXN00019209,13306.35,False,13306.35,VALID_POSITIVE
CBK0000265,TXN00016348,usr10307,mch4590,21/02/2026 01:58 PM,2026-02-18 13:58:34,"2,797.85",no service,User claims account was compromised before transaction.,Rejected,2026-02-18 13:58:34,Low,ivr,279785.0,SERVICE_ISSUE,REJECTED,TXN00016348,2797.85,False,2797.85,VALID_POSITIVE
CBK0000795,TXN00010007,USR13134,MCH3292,14-Mar-2026,15/03/2026,2021.11,amount mismatch,Customer says transaction was not authorized. details missing,In Progress,11/04/2026,L,IVR,202111.0,AMOUNT_MISMATCH,IN_PROGRESS,TXN00010007,2021.11,False,2021.11,VALID_POSITIVE
CBK0000274,TXN00005429,usr12958,MCH5946,15/01/2026,01-18-2026,1860.96,not delivered,Customer complaint text unclear due to poor call center notes.,OPEN,2026-02-07 14:33:08,Low,ivr,186096.0,DELIVERY_ISSUE,OPEN,TXN00005429,1860.96,False,1860.96,VALID_POSITIVE
CBK0000779,txn-00000534,USR89996,mch4842,07-Feb-2026,04-Feb-2026,"1,352.13",unauth txn,User reports money deducted but merchant denies receiving payment.,OPEN,03/03/2026,L,Call Center,135213.0,UNAUTHORIZED_TRANSACTION,OPEN,TXN-00000534,1352.13,False,1352.13,VALID_POSITIVE
CBK0001116,TXN80108,USR56399,MCH3406,05/02/2026,22/03/2026 02:28 PM,1189.65,Merchant Not Delivered,User claims account was compromised before transaction.,WIP,2026/03/31,P2,ivr,118965.0,DELIVERY_ISSUE,IN_PROGRESS,TXN80108,1189.65,False,1189.65,VALID_POSITIVE
CBK0000162,TXN00001838,USR56312,MCH5172,02-16-2026,2026-02-19 04:02:59,Rs. 422,fraud,Customer says transaction was not authorized.,REJECTED,05-Mar-2026,LOW,IVR,422.0,FRAUD,REJECTED,TXN00001838,422.0,False,422.0,VALID_POSITIVE
CBK0000758,TXN00015649,USR-79175,MCH9344,19/03/2026,21/03/2026,2175.05,ATO,Complaint received after multiple failed attempts.,REJECTED,2026/04/16,H,ivr,217505.0,ACCOUNT_TAKEOVER,REJECTED,TXN00015649,2175.05,False,2175.05,VALID_POSITIVE
CBK0000235,TXN00006623,USR14727,MCH-4226,27/01/2026,2026-02-12 09:53:35,1154.99,no service,USER CLAIMS ACCOUNT WAS COMPROMISED BEFORE TRANSACTION.,IN_PROGRESS,2026/02/14,L,CHATBOT,115499.0,SERVICE_ISSUE,IN_PROGRESS,TXN00006623,1154.99,False,1154.99,VALID_POSITIVE
CBK0001865,TXN00006954,USR 17902,MCH 6053,2026/03/21,25-Mar-2026,186.51,not delivered,Customer says transaction was not authorized.,Closed,2026-04-20 07:07:09,Medium,IVR,18651.0,DELIVERY_ISSUE,CLOSED,TXN00006954,186.51,False,186.51,VALID_POSITIVE
CBK0001534,TXN00017134,USR12661,MCH2383,2026-03-17 01:16:59,2026-03-18 15:16:59,-2108.75,Unauthorized Transaction,Customer says transaction was not authorized.,Resolved,24/03/2026 03:16 PM,P4,Branch,-210875.0,UNAUTHORIZED_TRANSACTION,RESOLVED,TXN00017134,-2108.75,True,,NEGATIVE_INVALID
CBK0001809,TXN00010916,USR20534,MCH8241,11/01/2026,2026/01/18,2538.37,Customer Dispute,Customer complaint text unclear due to poor call center notes.,Rejected,,P4,CHATBOT,253837.0,CUSTOMER_DISPUTE,REJECTED,TXN00010916,2538.37,False,2538.37,VALID_POSITIVE
CBK0001765,TXN00013993,USR29854,MCH6810,06/02/2026 06:41 PM,2026-02-07 18:41:49,2111.63,login compromised,User claims account was compromised before txn.,IN_PROGRESS,2026/02/20,Low,ivr,211163.0,ACCOUNT_TAKEOVER,IN_PROGRESS,TXN00013993,2111.63,False,2111.63,VALID_POSITIVE
CBK0001287,TXN00011889,USR22939,MCH9579,05-Mar-2026,06-Mar-2026,1592.55,unauth txn,User reports money deducted but merchant denies receiving payment.,Rejected,2026/03/29,Low,IVR,159255.0,UNAUTHORIZED_TRANSACTION,REJECTED,TXN00011889,1592.55,False,1592.55,VALID_POSITIVE
CBK0002594,TXN00005908,usr24024,MCH1329,20-Jan-2026,21-Jan-2026,1603.01,DUP_DEBIT,CUSTOMER SAYS AMOUNT WAS DEBITED TWICE.,Closed,2026-02-04 22:51:08,L,ivr,160301.0,DUPLICATE_DEBIT,CLOSED,TXN00005908,1603.01,False,1603.01,VALID_POSITIVE
CBK0002782,TXN00004814,usr53828,MCH2822,1773029214,19/03/2026 07:06 AM,,fraud,Payment made to unknown merchant as per cust statement.,Rejected,,LOW,Branch,,FRAUD,REJECTED,TXN00004814,,False,,MISSING
CBK0000678,TXN00006912,USR67333,MCH9291,08-Feb-2026,,₹140.31,account hacked,User reports money deducted but merchant denies receiving payment.,WIP,,MEDIUM,Branch,14031.0,ACCOUNT_TAKEOVER,IN_PROGRESS,TXN00006912,140.31,False,140.31,VALID_POSITIVE
CBK0002017,TXN00009156,usr_53547,MCH6913,18/02/2026,2026-02-22 12:44:40,"INR 1,074.12",charged twice,Customer says transaction was not authorized.,IN_PROGRESS,18/03/2026 12:44 PM,Low,Branch,107412.0,CHARGED TWICE,IN_PROGRESS,TXN00009156,1074.12,False,1074.12,VALID_POSITIVE
CBK0001396,TXN00008851,USR34889,MCH 8779,28-Mar-2026,27/04/2026 12:50 PM,1383.51,Duplicate Debit,User reports money deducted but merchant denies receiving payment.,Rejected,16/05/2026 12:50 PM,MEDIUM,Branch,138351.0,DUPLICATE_DEBIT,REJECTED,TXN00008851,1383.51,False,1383.51,VALID_POSITIVE
CBK0000750,TXN00010355,USR45600,MCH5980,2026-02-24 00:33:16,03-03-2026,-1284.43,item not received,Complaint received after multiple failed attempts.,CLOSED,,P2,Email,-128443.0,DELIVERY_ISSUE,CLOSED,TXN00010355,-1284.43,True,,NEGATIVE_INVALID
CBK0002021,TXN00012401,usr36322,MCH8425,03-11-2026,17-Mar-2026,13235.72,delivery issue,Customer says amount was debited twice.,CLOSED,09-Apr-2026,LOW,chatbot,1323572.0,DELIVERY_ISSUE,CLOSED,TXN00012401,13235.72,False,13235.72,VALID_POSITIVE
CBK0000977,TXN00003072,USR68775,MCH5569,2026-03-26 04:29:27,1774754967,"3,800.57",item not received,Customer complaint text unclear due to poor call center notes.,Open,24-Apr-2026,P4,Branch,380057.0,DELIVERY_ISSUE,OPEN,TXN00003072,3800.57,False,3800.57,VALID_POSITIVE
CBK0000640,TXN00012946,USR57297,MCH2401,12/01/2026,2026/01/18,"Rs. 3,312",Service Not Provided,Suspicious high-value payment disputed by customer.,Closed,20/01/2026,P4,Email,3312.0,SERVICE_ISSUE,CLOSED,TXN00012946,3312.0,False,3312.0,VALID_POSITIVE
CBK0001144,TXN00018387,USR76178,MCH1024,15/02/2026 04:54 AM,2026/02/20,741.15,FRAUD,USER REPORTS MONEY DEDUCTED BUT MERCHANT DENIES RECEIVING PAYMENT.,Open,,M,CHATBOT,74115.0,FRAUD,OPEN,TXN00018387,741.15,False,741.15,VALID_POSITIVE
CBK0002611,TXN00001244,USR27732,MCH-4473,01-24-2026,27/01/2026,722.73,suspicious transaction,Customer says txn was not authorized.,Rejected,19/02/2026,M,IVR,72273.0,FRAUD,REJECTED,TXN00001244,722.73,False,722.73,VALID_POSITIVE
CBK0002124,TXN00002782,usr13215,MCH4702,02-28-2026,16-Mar-2026,Rs. 832,merchant service issue,Suspicious high-value payment disputed by cust.,Rejected,,P2,App,832.0,SERVICE_ISSUE,REJECTED,TXN00002782,832.0,False,832.0,VALID_POSITIVE
CBK0001212,TXN00010220,USR 14892,MCH2296,03-Mar-2026,2026-03-04 13:37:27,4146.24,double debit,merchant service was not delivered after payment.,Resolved,23-Mar-2026,P4,ivr,414624.0,DUPLICATE_DEBIT,RESOLVED,TXN00010220,4146.24,False,4146.24,VALID_POSITIVE
CBK0000027,TXN00014669,usr_36534,MCH 6898,2026/02/10,21-Feb-2026,"Rs. 1,596",fraud,Customer says amount was debited twice.,RESOLVED,10/03/2026 06:38 AM,P4,Email,1596.0,FRAUD,RESOLVED,TXN00014669,1596.0,False,1596.0,VALID_POSITIVE
CBK0002385,TXN00016200,USR-19881,MCH2065,2026-01-04 02:48:11,2026/02/03,"2,148.76",item not received,customer says amount was debited twice.,IN_PROGRESS,02-16-2026,M,Email,214876.0,DELIVERY_ISSUE,IN_PROGRESS,TXN00016200,2148.76,False,2148.76,VALID_POSITIVE
CBK0001267,TXN00003341,USR56149,MCH6968,24/02/2026,2026-03-26 17:11:59,Rs. 635,Wrong Amount,CUSTOMER SAYS TRANSACTION WAS NOT AUTHORIZED.,Rejected,20/04/2026,P4,Email,635.0,AMOUNT_MISMATCH,REJECTED,TXN00003341,635.0,False,635.0,VALID_POSITIVE
CBK0002560,TXN00010384,USR77352,MCH2786,,10/01/2026,"INR 2,047.46",complaint,Merchant service was not delivered after payment.,In Progress,26/01/2026,M,Branch,204746.0,CUSTOMER_DISPUTE,IN_PROGRESS,TXN00010384,2047.46,False,2047.46,VALID_POSITIVE
CBK0001386,TXN00012491,USR83236,4552,21/01/2026,22/01/2026 05:32 PM,-3187.1,Service Not Provided,User reports money deducted but merchant denies receiving payment.,CLOSED,2026-02-06 17:32:51,P2,Branch,-31871.0,SERVICE_ISSUE,CLOSED,TXN00012491,-3187.1,True,,NEGATIVE_INVALID
CBK0000397,TXN00011692,USR 71635,MCH2757,03-Mar-2026,04/03/2026 07:26 AM,"Rs. 3,309",Duplicate Debit,Merchant service was not delivered after payment.,OPEN,05-Mar-2026,MEDIUM,ivr,3309.0,DUPLICATE_DEBIT,OPEN,TXN00011692,3309.0,False,3309.0,VALID_POSITIVE
CBK0002613,TXN00008727,USR47519,MCH3071,14/03/2026,1773786931,253.89,complaint,Merchant service was not delivered after payment.,IN_PROGRESS,,Low,IVR,25389.0,CUSTOMER_DISPUTE,IN_PROGRESS,TXN00008727,253.89,False,253.89,VALID_POSITIVE
CBK0001869,TXN00000074,usr_49567,MCH3266,18/02/2026,2026-02-23 23:56:04,-1503.93,Wrong Amount,Customer says transaction was not authorized. urgent,Resolved,18/03/2026,P3,ivr,-150393.0,AMOUNT_MISMATCH,RESOLVED,TXN00000074,-1503.93,True,,NEGATIVE_INVALID
CBK0002654,TXN00013866,USR55262,MCH4226,25-Mar-2026,2026-04-09 21:53:19,-3952.26,Account Takeover,Payment made to unknown merchant as per customer statement.,Rejected,2026-04-13 21:53:19,L,CHATBOT,-395226.0,ACCOUNT_TAKEOVER,REJECTED,TXN00013866,-3952.26,True,,NEGATIVE_INVALID
CBK0002714,TXN00001631,USR87649,3989,02-26-2026,,"₹1,405.08",not done by me,Suspicious high-value payment disputed by customer.,RESOLVED,2026-03-25 19:43:59,P4,ivr,140508.0,UNAUTHORIZED_TRANSACTION,RESOLVED,TXN00001631,1405.08,False,1405.08,VALID_POSITIVE
CBK0001562,TXN00018017,USR 24710,MCH6971,07/02/2026 03:36 AM,17/02/2026 08:36 AM,1017.08,customer issue,User claims account was compromised before transaction.,Open,03-01-2026,M,chatbot,101708.0,CUSTOMER_DISPUTE,OPEN,TXN00018017,1017.08,False,1017.08,VALID_POSITIVE
CBK0001934,TXN00000863,USR78884,MCH9125,11/03/2026 04:53 PM,1773928406,"Rs. 2,164",merchant service issue,User says UPI PIN was not entered by them.,OPEN,03-26-2026,HIGH,chatbot,2164.0,SERVICE_ISSUE,OPEN,TXN00000863,2164.0,False,2164.0,VALID_POSITIVE
CBK0000041,TXN00001568,USR 27328,MCH3518,02-Jan-2026,06-Jan-2026,"Rs. 2,814",Duplicate Debit,merchant service was not delivered after payment.,In Progress,2026-02-01 02:46:29,L,App,2814.0,DUPLICATE_DEBIT,IN_PROGRESS,TXN00001568,2814.0,False,2814.0,VALID_POSITIVE
CBK0001885,,USR59329,MCH5331,26-Jan-2026,31-Jan-2026,"1,908.88",fraud,user says upi pin was not entered by them.,REJECTED,02-02-2026,High,IVR,190888.0,FRAUD,REJECTED,,1908.88,False,1908.88,VALID_POSITIVE
CBK0001719,TXN00009609,USR13864,MCH7474,1769491835,01-Feb-2026,"2,225.74",login compromised,Customer says amount was debited twice.,CLOSED,,P2,ivr,222574.0,ACCOUNT_TAKEOVER,CLOSED,TXN00009609,2225.74,False,2225.74,VALID_POSITIVE
CBK0000006,TXN00007711,USR 96033,MCH8372,2026/02/06,2026-02-11 23:37:04,842.88,incorrect amount,User reports money deducted but merchant denies receiving payment.,WIP,17-Feb-2026,High,Call Center,84288.0,AMOUNT_MISMATCH,IN_PROGRESS,TXN00007711,842.88,False,842.88,VALID_POSITIVE
CBK0001575,TXN00003257,usr_24459,MCH6850,01-30-2026,02-Feb-2026,198.46,item not received,Merchant service was not delivered after payment.,Resolved,04/02/2026 03:20 PM,P4,ivr,19846.0,DELIVERY_ISSUE,RESOLVED,TXN00003257,198.46,False,198.46,VALID_POSITIVE
CBK0002321,TXN00014977,USR11586,MCH2103,19/01/2026 10:23 AM,01-19-2026,683.69,fraud,User claims account was compromised before transaction.,REJECTED,,HIGH,App,68369.0,FRAUD,REJECTED,TXN00014977,683.69,False,683.69,VALID_POSITIVE
CBK0000487,TXN00004712,USR85655,MCH1072,2026-03-08 07:36:45,11-Mar-2026,2950.32,account hacked,User says UPI PIN was not entered by them.,REJECTED,03/04/2026,CRITICAL,ivr,295032.0,ACCOUNT_TAKEOVER,REJECTED,TXN00004712,2950.32,False,2950.32,VALID_POSITIVE
CBK0002725,TXN00008319,USR50664,MCH9581,01-Mar-2026,2026/03/11,,Unauthorized Transaction,User reports money deducted but merchant denies receiving payment.,Closed,30/03/2026,P4,chatbot,,UNAUTHORIZED_TRANSACTION,CLOSED,TXN00008319,,False,,MISSING
CBK0002628,TXN00016840,USR 73920,MCH4401,07/01/2026,2026-01-09 14:02:55,276.74,dispute raised,customer says amount was debited twice.,OPEN,,P2,Branch,27674.0,CUSTOMER_DISPUTE,OPEN,TXN00016840,276.74,False,276.74,VALID_POSITIVE
CBK0002130,TXN00010659,USR82224,MCH4086,,03-20-2026,,charged twice,payment made to unknown merchant as per customer statement.,CLOSED,2026/04/18,L,ivr,,CHARGED TWICE,CLOSED,TXN00010659,,False,,MISSING
CBK0000935,TXN00017209,USR91820,MCH5221,03-12-2026,2026-03-14 22:13:16,1552.09,charged twice,Customer complaint text unclear due to poor call center notes.,CLOSED,29/03/2026,Medium,Email,155209.0,CHARGED TWICE,CLOSED,TXN00017209,1552.09,False,1552.09,VALID_POSITIVE
CBK0002163,TXN00012741,usr_47358,mch2822,,09-Mar-2026,₹863.52,unauth txn,Customer complaint text unclear due to poor call center notes.,In Progress,03-31-2026,M,CHATBOT,86352.0,UNAUTHORIZED_TRANSACTION,IN_PROGRESS,TXN00012741,863.52,False,863.52,VALID_POSITIVE
CBK0000210,TXN00001539,USR60489,MCH7607,06-Feb-2026,08/02/2026,"₹2,117.07",dispute raised,customer says transaction was not authorized.,WIP,09-Feb-2026,Medium,chatbot,211707.0,CUSTOMER_DISPUTE,IN_PROGRESS,TXN00001539,2117.07,False,2117.07,VALID_POSITIVE
CBK0000972,TXN00017157,USR27216,MCH1366,2026-03-26 09:32:21,29/03/2026,₹738.08,amount mismatch,Customer says transaction was not authorized. call dropped,Pending Bank,2026/04/04,M,Branch,73808.0,AMOUNT_MISMATCH,PENDING,TXN00017157,738.08,False,738.08,VALID_POSITIVE
CBK0001378,TXN00013740,53440,MCH5264,03-Feb-2026,06/02/2026,-7287.56,amount mismatch,Suspicious high-value payment disputed by customer.,IN_PROGRESS,02-12-2026,LOW,Email,-728756.0,AMOUNT_MISMATCH,IN_PROGRESS,TXN00013740,-7287.56,True,,NEGATIVE_INVALID
CBK0000498,TXN00013816,usr55662,mch9760,03-16-2026,2026-03-20 05:14:03,-734.96,UNAUTHORISED,Customer complaint text unclear due to poor call center notes.,RESOLVED,2026/04/13,P4,ivr,-73496.0,UNAUTHORIZED_TRANSACTION,RESOLVED,TXN00013816,-734.96,True,,NEGATIVE_INVALID
CBK0002011,TXN00005230,USR24993,mch5993,15/01/2026 08:42 PM,01-18-2026,"₹5,154.73",no service,User says UPI PIN was not entered by them.,REJECTED,2026/02/16,Medium,App,515473.0,SERVICE_ISSUE,REJECTED,TXN00005230,5154.73,False,5154.73,VALID_POSITIVE
CBK0002475,TXN00015216,USR46902,MCH4919,16/02/2026 12:45 PM,02-19-2026,"Rs. 2,997",not done by me,Suspicious high-value payment disputed by customer.,WIP,23-Feb-2026,P1,Call Center,2997.0,UNAUTHORIZED_TRANSACTION,IN_PROGRESS,TXN00015216,2997.0,False,2997.0,VALID_POSITIVE
CBK0000024,TXN00007464,USR69440,MCH7458,18/01/2026,1770001542,"2,001.83",extra amount deducted,Complaint received after multiple failed attempts.,REJECTED,2026/02/14,P3,chatbot,200183.0,AMOUNT_MISMATCH,REJECTED,TXN00007464,2001.83,False,2001.83,VALID_POSITIVE
CBK0002300,TXN00009857,USR61606,6632,02-28-2026,2026/03/05,₹519.97,item not received,Suspicious high-value payment disputed by customer.,REJECTED,,M,Branch,51997.0,DELIVERY_ISSUE,REJECTED,TXN00009857,519.97,False,519.97,VALID_POSITIVE
CBK0002143,TXN78938,USR24536,MCH9291,2026-01-15 09:56:06,18-Jan-2026,2889.21,incorrect amount,user claims account was compromised before transaction.,CLOSED,01-Feb-2026,P3,Call Center,288921.0,AMOUNT_MISMATCH,CLOSED,TXN78938,2889.21,False,2889.21,VALID_POSITIVE
CBK0000161,TXN00017149,USR60681,MCH8391,22-Jan-2026,2026/01/24,"INR 1,317.13",suspicious transaction,suspicious high-value payment disputed by customer.,IN_PROGRESS,21-Feb-2026,HIGH,IVR,131713.0,FRAUD,IN_PROGRESS,TXN00017149,1317.13,False,1317.13,VALID_POSITIVE
CBK0001670,TXN00018666,USR83277,MCH7513,,2026/03/06,"Rs. 1,677",unauth txn,Suspicious high-value payment disputed by customer.,Open,2026/03/25,P3,Branch,1677.0,UNAUTHORIZED_TRANSACTION,OPEN,TXN00018666,1677.0,False,1677.0,VALID_POSITIVE
CBK0000931,TXN00005802,USR60098,MCH6474,29/01/2026 07:01 PM,,964.98,Fraud Suspected,user claims account was compromised before transaction.,Open,1770181266,M,ivr,96498.0,FRAUD,OPEN,TXN00005802,964.98,False,964.98,VALID_POSITIVE
CBK0001176,TXN00012064,USR50427,MCH3651,03-28-2026,03-29-2026,₹786.31,unauthorized_transaction,Suspicious high-value payment disputed by customer.,IN_PROGRESS,04-04-2026,MEDIUM,Email,78631.0,UNAUTHORIZED_TRANSACTION,IN_PROGRESS,TXN00012064,786.31,False,786.31,VALID_POSITIVE
CBK0001027,TXN00002451,USR57852,MCH2510,01/03/2026,07/03/2026,-224.97,not done by me,Customer complaint text unclear due to poor call center notes.,RESOLVED,,M,Call Center,-22497.0,UNAUTHORIZED_TRANSACTION,RESOLVED,TXN00002451,-224.97,True,,NEGATIVE_INVALID
CBK0001490,TXN00003514,USR 77962,MCH9344,15/03/2026,25/03/2026,1510.93,service failed,USER SAYS UPI PIN WAS NOT ENTERED BY THEM.,Pending Bank,2026/04/19,Medium,CHATBOT,151093.0,SERVICE_ISSUE,PENDING,TXN00003514,1510.93,False,1510.93,VALID_POSITIVE
CBK0000732,TXN00004610,USR-32036,MCH 3057,1767308299,16/02/2026 08:58 AM,5879.13,scam,Suspicious high-value payment disputed by customer.,RESOLVED,2026/02/18,Medium,Email,587913.0,FRAUD,RESOLVED,TXN00004610,5879.13,False,5879.13,VALID_POSITIVE
CBK0000216,TXN00011136,usr94832,MCH2451,,10/02/2026 05:09 AM,,merchant service issue,user reports money deducted but merchant denies receiving payment.,Rejected,,P3,IVR,,SERVICE_ISSUE,REJECTED,TXN00011136,,False,,MISSING
CBK0002070,TXN00002337,USR40538,MCH-4812,02-24-2026,07-Mar-2026,,scam,Merchant service was not delivered after payment.,Closed,1773211108,CRIT,Branch,,FRAUD,CLOSED,TXN00002337,,False,,MISSING
CBK0001887,TXN00011174,usr_84917,mch4909,,03-01-2026,2412.7,Customer Dispute,User reports money deducted but merchant denies receiving payment.,Pending Bank,,P3,IVR,24127.0,CUSTOMER_DISPUTE,PENDING,TXN00011174,2412.7,False,2412.7,VALID_POSITIVE
CBK0001789,TXN00007455,USR44134,MCH3520,2026/01/02,05-Jan-2026,1002.8,not delivered,merchant service was not delivered after payment.,Open,18/01/2026,High,IVR,10028.0,DELIVERY_ISSUE,OPEN,TXN00007455,1002.8,False,1002.8,VALID_POSITIVE
CBK0000641,TXN00007177,USR11036,3177,2026/01/17,22-Jan-2026,"1,628.35",unauth txn,Customer says amount was debited twice.,CLOSED,23/01/2026 11:48 PM,Medium,Branch,162835.0,UNAUTHORIZED_TRANSACTION,CLOSED,TXN00007177,1628.35,False,1628.35,VALID_POSITIVE
CBK0001964,TXN00002766,usr97332,MCH6356,2026/02/08,1770843062,₹216.49,customer issue,User claims account was compromised before transaction.,Open,05/03/2026 08:51 PM,M,ivr,21649.0,CUSTOMER_DISPUTE,OPEN,TXN00002766,216.49,False,216.49,VALID_POSITIVE
CBK0001842,TXN00012727,USR63387,MCH2945,1774502281,2026-04-05 10:18:01,INR 847.60,extra amount deducted,Customer says amount was debited twice.,Closed,2026/04/25,CRIT,ivr,84760.0,AMOUNT_MISMATCH,CLOSED,TXN00012727,847.6,False,847.6,VALID_POSITIVE
CBK0000974,TXN00010092,USR70647,MCH6974,2026/03/16,2026/03/18,1533.39,fraud,Merchant service was not delivered after payment.,OPEN,24/03/2026,P4,IVR,153339.0,FRAUD,OPEN,TXN00010092,1533.39,False,1533.39,VALID_POSITIVE
CBK0001292,TXN00018296,USR-56334,MCH1320,2026/03/11,11/03/2026,INR 849.13,DUP_DEBIT,USER CLAIMS ACCOUNT WAS COMPROMISED BEFORE TRANSACTION.,Closed,13/03/2026 12:56 AM,M,ivr,84913.0,DUPLICATE_DEBIT,CLOSED,TXN00018296,849.13,False,849.13,VALID_POSITIVE
CBK0002754,TXN00014491,40425,MCH1768,10/01/2026,13/01/2026 01:24 PM,"Rs. 3,840",login compromised,Complaint received after multiple failed attempts.,WIP,,P4,IVR,3840.0,ACCOUNT_TAKEOVER,IN_PROGRESS,TXN00014491,3840.0,False,3840.0,VALID_POSITIVE
CBK0002287,TXN00004573,USR40925,MCH4181,1770625119,04/02/2026,495.68,extra amount deducted,Customer says amount was debited twice.,Closed,27-Feb-2026,Medium,IVR,49568.0,AMOUNT_MISMATCH,CLOSED,TXN00004573,495.68,False,495.68,VALID_POSITIVE
CBK0000037,TXN00005659,USR96672,MCH9397,2026/03/07,13/03/2026,-2505.44,customer issue,User reports money deducted but merchant denies receiving payment.,WIP,18/03/2026 02:18 PM,M,ivr,-250544.0,CUSTOMER_DISPUTE,IN_PROGRESS,TXN00005659,-2505.44,True,,NEGATIVE_INVALID
CBK0000726,TXN00016050,USR43040,MCH4578,01-18-2026,01-26-2026,"1,426.42",amount mismatch,User says UPI PIN was not entered by them.,Resolved,01-27-2026,P3,IVR,142642.0,AMOUNT_MISMATCH,RESOLVED,TXN00016050,1426.42,False,1426.42,VALID_POSITIVE
CBK0002577,TXN00004121,USR 90720,MCH8154,03/01/2026 08:31 PM,,,charged twice,Complaint received after multiple failed attempts.,In Progress,2026/02/01,HIGH,CHATBOT,,CHARGED TWICE,IN_PROGRESS,TXN00004121,,False,,MISSING
CBK0001624,TXN00012795,USR83035,MCH3452,01-26-2026,28/01/2026 04:03 PM,"INR 4,081.84",item not received,CUSTOMER SAYS AMOUNT WAS DEBITED TWICE.,CLOSED,2026-02-10 16:03:46,Medium,IVR,408184.0,DELIVERY_ISSUE,CLOSED,TXN00012795,4081.84,False,4081.84,VALID_POSITIVE
CBK0002259,TXN00013350,USR98061,MCH8037,03/02/2026,2026-02-09 01:39:01,"1,837.87",not delivered,Complaint received after multiple failed attempts.,Pending Bank,1771465141,P3,CHATBOT,183787.0,DELIVERY_ISSUE,PENDING,TXN00013350,1837.87,False,1837.87,VALID_POSITIVE
CBK0002144,TXN00008909,USR70631,MCH6347,,14-Jan-2026,Rs. 660,Unauthorized Transaction,Customer complaint text unclear due to poor call center notes.,RESOLVED,,LOW,Call Center,660.0,UNAUTHORIZED_TRANSACTION,RESOLVED,TXN00008909,660.0,False,660.0,VALID_POSITIVE
CBK0001300,TXN00009464,usr85148,mch7648,2026/02/09,,"INR 2,154.73",account hacked,Merchant service was not delivered after payment.,PENDING_BANK,06/03/2026,HIGH,ivr,215473.0,ACCOUNT_TAKEOVER,PENDING,TXN00009464,2154.73,False,2154.73,VALID_POSITIVE
CBK0002037,TXN00000736,USR80842,MCH3769,2026/03/15,2026/03/11,,account hacked,User reports money deducted but merchant denies receiving payment.,WIP,2026/03/22,Low,CHATBOT,,ACCOUNT_TAKEOVER,IN_PROGRESS,TXN00000736,,False,,MISSING
CBK0001277,TXN00010511,USR79673,MCH3992,16/02/2026 11:35 AM,1771756524,12071.05,complaint,User says UPI PIN was not entered by them.,Closed,27-Feb-2026,P4,Email,1207105.0,CUSTOMER_DISPUTE,CLOSED,TXN00010511,12071.05,False,12071.05,VALID_POSITIVE
CBK0001875,txn-00017156,USR39926,MCH4882,02-11-2026,2026-02-15 05:57:47,-1059.67,login compromised,user reports money deducted but merchant denies receiving payment.,Rejected,12/03/2026 05:57 AM,Medium,App,-105967.0,ACCOUNT_TAKEOVER,REJECTED,TXN-00017156,-1059.67,True,,NEGATIVE_INVALID
CBK0002724,txn-00007282,USR52296,MCH8854,1769115032,24/01/2026,9729.28,extra amount deducted,Payment made to unknown merchant as per customer statement.,PENDING_BANK,14-Feb-2026,MEDIUM,Branch,972928.0,AMOUNT_MISMATCH,PENDING,TXN-00007282,9729.28,False,9729.28,VALID_POSITIVE
CBK0002354,TXN00009248,72500,MCH5264,14-Jan-2026,17/01/2026 03:47 AM,-728.36,incorrect amount,user claims account was compromised before transaction.,Resolved,07/02/2026,Critical,Email,-72836.0,AMOUNT_MISMATCH,RESOLVED,TXN00009248,-728.36,True,,NEGATIVE_INVALID
CBK0002027,TXN00002894,USR-72952,MCH7286,10-Jan-2026,1768080402,,customer issue,Customer says amount was debited twice. pls check asap,WIP,08-Feb-2026,P3,CHATBOT,,CUSTOMER_DISPUTE,IN_PROGRESS,TXN00002894,,False,,MISSING
CBK0001440,TXN00009124,USR51720,MCH1539,1770340288,08/03/2026,Rs. 253,service failed,Customer says transaction was not authorized.,IN_PROGRESS,2026/03/18,M,IVR,253.0,SERVICE_ISSUE,IN_PROGRESS,TXN00009124,253.0,False,253.0,VALID_POSITIVE
CBK0001493,TXN00006595,usr31543,mch5575,18-Jan-2026,24/01/2026,"INR 2,625.77",extra amount deducted,USER SAYS UPI PIN WAS NOT ENTERED BY THEM.,Pending Bank,28/01/2026,Low,Call Center,262577.0,AMOUNT_MISMATCH,PENDING,TXN00006595,2625.77,False,2625.77,VALID_POSITIVE
CBK0002689,TXN00011270,usr_88203,MCH3731,2026-03-05 01:07:52,08/03/2026 08:07 AM,Rs. 662,not done by me,Payment made to unknown merchant as per customer statement.,Open,2026-03-23 08:07:52,P4,CHATBOT,662.0,UNAUTHORIZED_TRANSACTION,OPEN,TXN00011270,662.0,False,662.0,VALID_POSITIVE
CBK0001217,TXN00010449,USR 44544,mch3100,2026-01-21 23:13:16,2026-01-27 02:13:16,"₹1,852.30",service failed,User claims account was compromised before transaction.,Resolved,22-Feb-2026,L,Call Center,185230.0,SERVICE_ISSUE,RESOLVED,TXN00010449,1852.3,False,1852.3,VALID_POSITIVE
CBK0001517,TXN00016968,USR40843,MCH2266,06/03/2026,1773272245,1768.72,ATO,Merchant service was not delivered after payment.,Rejected,2026/04/04,Medium,App,176872.0,ACCOUNT_TAKEOVER,REJECTED,TXN00016968,1768.72,False,1768.72,VALID_POSITIVE
CBK0001187,TXN00012133,USR31699,MCH5290,08-Mar-2026,2026-03-12 04:19:58,"INR 1,491.37",login compromised,Complaint received after multiple failed attempts.,PENDING_BANK,19-Mar-2026,L,App,149137.0,ACCOUNT_TAKEOVER,PENDING,TXN00012133,1491.37,False,1491.37,VALID_POSITIVE
CBK0001516,TXN00013162,USR27947,mch4181,02-26-2026,04-Mar-2026,221.35,service failed,Customer says transaction was not authorized.,Closed,,High,App,22135.0,SERVICE_ISSUE,CLOSED,TXN00013162,221.35,False,221.35,VALID_POSITIVE
CBK0000320,TXN00014355,USR27329,mch4446,2026-03-11 07:51:22,2026-03-07 07:51:22,-493.43,DUP_DEBIT,Merchant service was not delivered after payment.,Pending Bank,2026-04-02 07:51:22,M,chatbot,-49343.0,DUPLICATE_DEBIT,PENDING,TXN00014355,-493.43,True,,NEGATIVE_INVALID
CBK0001107,TXN44609,USR77130,MCH 2757,31/03/2026,,771.44,customer issue,Customer complaint text unclear due to poor call center notes.,RESOLVED,16/05/2026 03:06 PM,P3,App,77144.0,CUSTOMER_DISPUTE,RESOLVED,TXN44609,771.44,False,771.44,VALID_POSITIVE
CBK0002375,TXN00011957,USR43004,MCH4590,22-Feb-2026,03-09-2026,₹569.94,ATO,User reports money deducted but merchant denies receiving payment.,WIP,10-Mar-2026,M,Email,56994.0,ACCOUNT_TAKEOVER,IN_PROGRESS,TXN00011957,569.94,False,569.94,VALID_POSITIVE
CBK0000151,TXN00005861,USR31659,MCH5954,21/03/2026,2026/03/23,10091.73,amount mismatch,User reports money deducted but merchant denies receiving payment.,REJECTED,29/03/2026,P4,Email,1009173.0,AMOUNT_MISMATCH,REJECTED,TXN00005861,10091.73,False,10091.73,VALID_POSITIVE
CBK0001351,TXN00015779,USR-29306,MCH1450,2026/01/06,08/01/2026 08:17 PM,"Rs. 3,948",ATO,customer complaint text unclear due to poor call center notes.,Open,17/01/2026,L,CHATBOT,3948.0,ACCOUNT_TAKEOVER,OPEN,TXN00015779,3948.0,False,3948.0,VALID_POSITIVE
CBK0001111,TXN00009206,usr23400,MCH6695,09/01/2026,11/01/2026 07:25 AM,"Rs. 1,313",delivery issue,Merchant service was not delivered after payment.,OPEN,02-04-2026,P2,Call Center,1313.0,DELIVERY_ISSUE,OPEN,TXN00009206,1313.0,False,1313.0,VALID_POSITIVE
CBK0000545,TXN00011868,USR25128,MCH 3714,2026/02/02,1770210710,1080.46,account hacked,Payment made to unknown merchant as per customer statement.,Pending Bank,,Low,CHATBOT,108046.0,ACCOUNT_TAKEOVER,PENDING,TXN00011868,1080.46,False,1080.46,VALID_POSITIVE
CBK0002717,TXN00010611,usr62341,MCH6810,04-Jan-2026,06/01/2026,1248.48,Customer Dispute,User says UPI PIN was not entered by them.,REJECTED,21/01/2026 12:19 AM,HIGH,CHATBOT,124848.0,CUSTOMER_DISPUTE,REJECTED,TXN00010611,1248.48,False,1248.48,VALID_POSITIVE
CBK0001384,TXN00016135,USR75723,MCH 7246,2026-02-09 19:42:43,11-Feb-2026,INR 830.69,Unauthorized Transaction,Merchant service was not delivered after payment.,Open,2026/03/04,MEDIUM,chatbot,83069.0,UNAUTHORIZED_TRANSACTION,OPEN,TXN00016135,830.69,False,830.69,VALID_POSITIVE
CBK0002625,TXN00004157,USR-67803,MCH8154,01-25-2026,02-04-2026,Rs. 269,dispute raised,Customer says transaction was not authorized.,Open,02-22-2026,Low,Call Center,269.0,CUSTOMER_DISPUTE,OPEN,TXN00004157,269.0,False,269.0,VALID_POSITIVE
CBK0002253,TXN00003501,USR85258,MCH4018,30/01/2026 07:42 PM,,INR 717.53,dispute raised,Payment made to unknown merchant as per customer statement.,Resolved,1770997357,M,Call Center,71753.0,CUSTOMER_DISPUTE,RESOLVED,TXN00003501,717.53,False,717.53,VALID_POSITIVE
CBK0002128,TXN00007497,USR22535,MCH7048,2026-02-09 16:05:34,10/02/2026 03:05 PM,-5331.95,scam,User claims account was compromised before transaction. urgent,In Progress,2026/02/13,High,App,-533195.0,FRAUD,IN_PROGRESS,TXN00007497,-5331.95,True,,NEGATIVE_INVALID
CBK0000184,TXN00001095,USR35485,MCH7351,06-Mar-2026,2026/03/09,"INR 1,383.39",dispute raised,User claims account was compromised before transaction.,REJECTED,25/03/2026,MEDIUM,IVR,138339.0,CUSTOMER_DISPUTE,REJECTED,TXN00001095,1383.39,False,1383.39,VALID_POSITIVE
CBK0001646,TXN00008404,USR50087,MCH8857,02-06-2026,06/02/2026,"INR 6,003.55",unauth txn,Customer complaint text unclear due to poor call center notes.,In Progress,07/03/2026,LOW,IVR,600355.0,UNAUTHORIZED_TRANSACTION,IN_PROGRESS,TXN00008404,6003.55,False,6003.55,VALID_POSITIVE
CBK0002445,TXN87166,USR20310,MCH 3100,02-12-2026,20/02/2026,2084.49,login compromised,User says UPI PIN was not entered by them.,Resolved,2026-03-11 01:21:40,MEDIUM,Call Center,208449.0,ACCOUNT_TAKEOVER,RESOLVED,TXN87166,2084.49,False,2084.49,VALID_POSITIVE
CBK0001479,TXN00008854,USR96222,MCH8391,2026-03-12 23:27:49,2026/03/18,2299.14,extra amount deducted,Suspicious high-value payment disputed by customer.,REJECTED,2026-04-15 13:27:49,MEDIUM,CHATBOT,229914.0,AMOUNT_MISMATCH,REJECTED,TXN00008854,2299.14,False,2299.14,VALID_POSITIVE
CBK0002009,TXN00007679,USR85277,MCH4226,2026-02-24 19:29:47,28/02/2026 11:29 AM,504.58,service failed,USER REPORTS MONEY DEDUCTED BUT MERCHANT DENIES RECEIVING PAYMENT.,Open,,H,Branch,50458.0,SERVICE_ISSUE,OPEN,TXN00007679,504.58,False,504.58,VALID_POSITIVE
CBK0002490,,USR43455,MCH9521,09/01/2026,2026/01/17,"Rs. 1,266",merchant service issue,USER CLAIMS ACCOUNT WAS COMPROMISED BEFORE TRANSACTION.,RESOLVED,29/01/2026,High,CHATBOT,1266.0,SERVICE_ISSUE,RESOLVED,,1266.0,False,1266.0,VALID_POSITIVE
CBK0001380,TXN00009008,USR35697,mch7809,2026/03/23,25-Mar-2026,Rs. 743,customer issue,USER SAYS UPI PIN WAS NOT ENTERED BY THEM.,REJECTED,1775737182,L,IVR,743.0,CUSTOMER_DISPUTE,REJECTED,TXN00009008,743.0,False,743.0,VALID_POSITIVE
CBK0002216,TXN00007764,USR83977,MCH3026,2026/03/19,25/03/2026,"INR 6,398.47",complaint,User claims account was compromised before transaction.,OPEN,,Medium,chatbot,639847.0,CUSTOMER_DISPUTE,OPEN,TXN00007764,6398.47,False,6398.47,VALID_POSITIVE
CBK0001727,TXN00016545,USR45053,MCH5655,1772649839,07/03/2026,INR 268.66,not done by me,Customer complaint text unclear due to poor call center notes.,In Progress,14-Mar-2026,M,App,26866.0,UNAUTHORIZED_TRANSACTION,IN_PROGRESS,TXN00016545,268.66,False,268.66,VALID_POSITIVE
CBK0000270,txn-00010202,usr15203,5264,23-Jan-2026,01-25-2026,1328.22,suspicious transaction,Payment made to unknown merchant as per customer statement.,PENDING_BANK,2026/02/02,P4,Branch,132822.0,FRAUD,PENDING,TXN-00010202,1328.22,False,1328.22,VALID_POSITIVE
CBK0000511,TXN00018141,usr_72986,MCH-8779,03-16-2026,19/03/2026,"₹4,311.27",merchant service issue,Customer complaint text unclear due to poor call center notes.,RESOLVED,28-Mar-2026,MEDIUM,App,431127.0,SERVICE_ISSUE,RESOLVED,TXN00018141,4311.27,False,4311.27,VALID_POSITIVE
CBK0002731,TXN00000182,USR78938,MCH8953,11-Feb-2026,2026/02/17,"₹17,413.88",customer issue,user claims account was compromised before transaction.,CLOSED,26/02/2026,P2,App,1741388.0,CUSTOMER_DISPUTE,CLOSED,TXN00000182,17413.88,False,17413.88,VALID_POSITIVE
CBK0001334,TXN00013020,USR94669,6850,,11-Mar-2026,2027.64,amount mismatch,User reports money deducted but merchant denies receiving payment.,WIP,27/03/2026,M,ivr,202764.0,AMOUNT_MISMATCH,IN_PROGRESS,TXN00013020,2027.64,False,2027.64,VALID_POSITIVE
CBK0000009,TXN00007204,usr_51727,MCH4175,2026/03/15,2026/03/17,-4713.91,Account Takeover,Suspicious high-value payment disputed by customer.,REJECTED,,High,Branch,-471391.0,ACCOUNT_TAKEOVER,REJECTED,TXN00007204,-4713.91,True,,NEGATIVE_INVALID
CBK0000733,TXN00012362,USR55838,MCH4181,2026-02-05 12:02:58,2026/02/06,4043.04,ATO,User says UPI PIN was not entered by them.,OPEN,08/02/2026 03:02 PM,P1,Branch,404304.0,ACCOUNT_TAKEOVER,OPEN,TXN00012362,4043.04,False,4043.04,VALID_POSITIVE
CBK0001152,TXN00008504,USR31293,1317,15/02/2026 11:32 PM,1771248743,₹588.20,scam,User reports money deducted but merchant denies receiving payment.,PENDING_BANK,1772803943,P3,Branch,58820.0,FRAUD,PENDING,TXN00008504,588.2,False,588.2,VALID_POSITIVE
CBK0000886,txn-00012882,USR83501,mch3412,13/01/2026,1768472672,"₹1,791.89",suspicious transaction,Payment made to unknown merchant as per customer statement.,Resolved,28/01/2026,M,CHATBOT,179189.0,FRAUD,RESOLVED,TXN-00012882,1791.89,False,1791.89,VALID_POSITIVE
CBK0002753,TXN00006756,USR69271,MCH1635,28/03/2026,28-Apr-2026,₹988.98,Service Not Provided,Payment made to unknown merchant as per customer statement.,PENDING_BANK,,P3,Branch,98898.0,SERVICE_ISSUE,PENDING,TXN00006756,988.98,False,988.98,VALID_POSITIVE
CBK0001224,TXN00008299,USR61715,MCH1151,04-Jan-2026,07-Jan-2026,"1,586.53",FRAUD,SUSPICIOUS HIGH-VALUE PAYMENT DISPUTED BY CUSTOMER.,Open,2026-02-03 03:47:20,Medium,Email,158653.0,FRAUD,OPEN,TXN00008299,1586.53,False,1586.53,VALID_POSITIVE
CBK0000155,TXN00010068,USR53527,MCH 9030,12-Mar-2026,14/03/2026,"₹2,128.78",Unauthorized Transaction,Merchant service was not delivered after payment.,PENDING_BANK,03-17-2026,LOW,chatbot,212878.0,UNAUTHORIZED_TRANSACTION,PENDING,TXN00010068,2128.78,False,2128.78,VALID_POSITIVE
CBK0001466,TXN00015318,USR91423,mch3984,16/02/2026 02:22 PM,2026/02/19,"Rs. 3,397",not delivered,Suspicious high-value payment disputed by customer.,Closed,2026/03/21,Medium,CHATBOT,3397.0,DELIVERY_ISSUE,CLOSED,TXN00015318,3397.0,False,3397.0,VALID_POSITIVE
CBK0001664,TXN00018525,USR61151,MCH2048,18-Jan-2026,17/01/2026,263.29,fraud,User reports money deducted but merchant denies receiving payment.,PENDING_BANK,1770756870,LOW,CHATBOT,26329.0,FRAUD,PENDING,TXN00018525,263.29,False,263.29,VALID_POSITIVE
CBK0001452,TXN00008175,USR21384,MCH2062,2026/02/22,01/03/2026 07:14 AM,7668.14,complaint,Customer says amount was debited twice.,Open,,Low,App,766814.0,CUSTOMER_DISPUTE,OPEN,TXN00008175,7668.14,False,7668.14,VALID_POSITIVE
CBK0002640,TXN00005546,USR34195,MCH2365,24/02/2026 10:34 AM,25/02/2026 04:34 PM,"Rs. 1,518",charged twice,User claims account was compromised before transaction.,Open,,P4,Call Center,1518.0,CHARGED TWICE,OPEN,TXN00005546,1518.0,False,1518.0,VALID_POSITIVE
CBK0000867,TXN00019528,USR25296,MCH-5076,2026/01/31,2026/01/29,2653.08,item not received,User claims account was compromised before transaction.,Closed,14/02/2026 02:43 PM,Medium,CHATBOT,265308.0,DELIVERY_ISSUE,CLOSED,TXN00019528,2653.08,False,2653.08,VALID_POSITIVE
CBK0002768,TXN68399,USR40977,MCH2404,,31-Jan-2026,INR 562.25,UNAUTHORISED,User claims account was compromised before transaction.,Open,1770104302,High,chatbot,56225.0,UNAUTHORIZED_TRANSACTION,OPEN,TXN68399,562.25,False,562.25,VALID_POSITIVE
CBK0001778,TXN00019856,USR11814,mch9334,2026-02-02 10:18:46,1770153526,,Account Takeover,Complaint received after multiple failed attempts. call dropped,PENDING_BANK,2026/02/12,HIGH,CHATBOT,,ACCOUNT_TAKEOVER,PENDING,TXN00019856,,False,,MISSING
CBK0002238,TXN00002006,usr_76792,MCH-3459,,29-Jan-2026,637.05,no service,Payment made to unknown merchant as per customer statement. details missing,OPEN,20-Feb-2026,MEDIUM,Email,63705.0,SERVICE_ISSUE,OPEN,TXN00002006,637.05,False,637.05,VALID_POSITIVE
CBK0001923,TXN00016966,USR62899,MCH8181,01-10-2026,14-Jan-2026,1081.02,charged twice,customer complaint text unclear due to poor call center notes.,Resolved,2026/01/21,LOW,Email,108102.0,CHARGED TWICE,RESOLVED,TXN00016966,1081.02,False,1081.02,VALID_POSITIVE
CBK0000471,TXN00007267,USR46455,mch8953,1767639441,2026-01-20 19:57:21,890.07,Duplicate Debit,Merchant service was not delivered after payment.,REJECTED,,LOW,CHATBOT,89007.0,DUPLICATE_DEBIT,REJECTED,TXN00007267,890.07,False,890.07,VALID_POSITIVE
CBK0001626,TXN49458,USR11987,MCH8783,20-Feb-2026,22/02/2026 06:45 PM,12414.63,Customer Dispute,User claims account was compromised before transaction.,Open,03/03/2026,CRIT,Branch,1241463.0,CUSTOMER_DISPUTE,OPEN,TXN49458,12414.63,False,12414.63,VALID_POSITIVE
CBK0002210,TXN00005430,USR-83180,MCH5840,28/02/2026 05:08 PM,31/03/2026 01:08 PM,"₹1,006.88",unauth txn,Complaint received after multiple failed attempts.,Pending Bank,25/04/2026 01:08 PM,M,ivr,100688.0,UNAUTHORIZED_TRANSACTION,PENDING,TXN00005430,1006.88,False,1006.88,VALID_POSITIVE
CBK0000127,TXN00007654,USR54113,MCH3992,06/03/2026,20-Apr-2026,"1,028.53",charged twice,Customer complaint text unclear due to poor call center notes.,PENDING_BANK,05/05/2026 09:02 PM,P3,CHATBOT,102853.0,CHARGED TWICE,PENDING,TXN00007654,1028.53,False,1028.53,VALID_POSITIVE
CBK0000705,TXN00001152,USR35882,MCH9206,03-27-2026,28/03/2026,"INR 1,038.46",double debit,customer complaint text unclear due to poor call center notes.,REJECTED,03/04/2026 06:16 AM,P3,chatbot,103846.0,DUPLICATE_DEBIT,REJECTED,TXN00001152,1038.46,False,1038.46,VALID_POSITIVE
CBK0000507,TXN00012054,USR-64199,MCH5589,1772458749,,666.76,Fraud Suspected,Complaint received after multiple failed attempts.,In Progress,2026-03-30 13:39:09,H,Call Center,66676.0,FRAUD,IN_PROGRESS,TXN00012054,666.76,False,666.76,VALID_POSITIVE
CBK0002408,TXN00013519,21313,MCH 4396,07/01/2026 08:45 AM,10/01/2026 02:45 PM,4980.8,merchant service issue,Merchant service was not delivered after payment.,WIP,02-08-2026,High,CHATBOT,49808.0,SERVICE_ISSUE,IN_PROGRESS,TXN00013519,4980.8,False,4980.8,VALID_POSITIVE
CBK0002332,TXN00002710,USR 70317,MCH5459,2026/02/12,2026/02/13,2072.0,not delivered,User claims account was compromised before transaction.,RESOLVED,,L,chatbot,20720.0,DELIVERY_ISSUE,RESOLVED,TXN00002710,2072.0,False,2072.0,VALID_POSITIVE
CBK0000698,TXN00005431,usr66398,MCH-1320,1774963869,02/04/2026,1631.64,double debit,customer says transaction was not authorized.,Rejected,22/04/2026 11:31 AM,HIGH,Email,163164.0,DUPLICATE_DEBIT,REJECTED,TXN00005431,1631.64,False,1631.64,VALID_POSITIVE
CBK0000383,TXN00013042,USR 84199,9709,27/03/2026,2026-03-28 07:14:43,5855.28,ATO,complaint received after multiple failed attempts.,Closed,24/04/2026,M,Branch,585528.0,ACCOUNT_TAKEOVER,CLOSED,TXN00013042,5855.28,False,5855.28,VALID_POSITIVE
CBK0001198,TXN00016001,usr34436,MCH-2936,,05/02/2026 06:11 AM,812.93,suspicious transaction,Payment made to unknown merchant as per customer statement.,OPEN,22/02/2026,High,CHATBOT,81293.0,FRAUD,OPEN,TXN00016001,812.93,False,812.93,VALID_POSITIVE
CBK0002194,,USR 21052,MCH3797,08/03/2026,12/03/2026,,unauthorized_transaction,User reports money deducted but merchant denies receiving payment.,Open,,CRIT,App,,UNAUTHORIZED_TRANSACTION,OPEN,,,False,,MISSING
CBK0001129,TXN00019231,USR32448,MCH5534,03-02-2026,07/03/2026,"INR 1,213.34",complaint,User reports money deducted but merchant denies receiving payment.,Pending Bank,2026/03/26,P4,CHATBOT,121334.0,CUSTOMER_DISPUTE,PENDING,TXN00019231,1213.34,False,1213.34,VALID_POSITIVE
CBK0002586,TXN00016107,USR-77915,MCH8391,15/03/2026,2026-04-14 10:20:30,800.72,complaint,Payment made to unknown merchant as per customer statement.,Open,12/05/2026 10:20 AM,Low,Branch,80072.0,CUSTOMER_DISPUTE,OPEN,TXN00016107,800.72,False,800.72,VALID_POSITIVE
CBK0001794,TXN00009546,USR84804,MCH3045,13/03/2026,14/03/2026,₹562.28,customer issue,Customer says transaction was not authorized.,Open,16/03/2026 10:34 AM,MEDIUM,App,56228.0,CUSTOMER_DISPUTE,OPEN,TXN00009546,562.28,False,562.28,VALID_POSITIVE
CBK0000707,TXN00009174,usr25529,MCH1041,2026/03/28,28-Apr-2026,"Rs. 3,544",no service,Complaint received after multiple failed attempts.,WIP,2026/05/04,L,App,3544.0,SERVICE_ISSUE,IN_PROGRESS,TXN00009174,3544.0,False,3544.0,VALID_POSITIVE
CBK0000675,TXN00002371,USR78353,mch5277,02-26-2026,09-Mar-2026,-7577.71,Service Not Provided,customer says amount was debited twice.,REJECTED,10-Mar-2026,P3,Email,-757771.0,SERVICE_ISSUE,REJECTED,TXN00002371,-7577.71,True,,NEGATIVE_INVALID
CBK0000461,TXN00013811,98133,MCH3815,18/03/2026 10:28 PM,2026/03/21,2059.37,Account Takeover,User says UPI PIN was not entered by them. details missing,Pending Bank,,Medium,App,205937.0,ACCOUNT_TAKEOVER,PENDING,TXN00013811,2059.37,False,2059.37,VALID_POSITIVE
CBK0000077,TXN00016365,USR 65949,MCH5705,17/01/2026 10:07 AM,2026-01-18 13:07:29,287.37,charged twice,User reports money deducted but merchant denies receiving payment.,RESOLVED,05-Feb-2026,P4,App,28737.0,CHARGED TWICE,RESOLVED,TXN00016365,287.37,False,287.37,VALID_POSITIVE
CBK0000606,TXN00009406,USR72675,MCH2266,,13/01/2026 04:20 PM,"Rs. 2,488",no service,Merchant service was not delivered after payment.,Rejected,24/01/2026 04:20 PM,P3,ivr,2488.0,SERVICE_ISSUE,REJECTED,TXN00009406,2488.0,False,2488.0,VALID_POSITIVE
CBK0000880,TXN00018703,USR63444,MCH2434,2026/01/31,07/02/2026,"Rs. 1,513",no service,suspicious high-value payment disputed by customer.,In Progress,2026-02-21 16:50:46,Critical,Branch,1513.0,SERVICE_ISSUE,IN_PROGRESS,TXN00018703,1513.0,False,1513.0,VALID_POSITIVE
CBK0001536,TXN00003677,USR67399,MCH1566,23/02/2026 02:32 AM,28/02/2026 03:32 PM,1364.35,not delivered,Customer says transaction was not authorized. pls check asap,RESOLVED,,L,Email,136435.0,DELIVERY_ISSUE,RESOLVED,TXN00003677,1364.35,False,1364.35,VALID_POSITIVE
CBK0002472,TXN00013665,USR72656,MCH2756,1772635958,07/03/2026,-616.17,Wrong Amount,Suspicious high-value payment disputed by customer. pls check asap,Resolved,2026-04-06 10:52:38,HIGH,chatbot,-61617.0,AMOUNT_MISMATCH,RESOLVED,TXN00013665,-616.17,True,,NEGATIVE_INVALID
CBK0002484,TXN00005205,usr_19551,MCH5064,26-Feb-2026,04/03/2026,"6,694.94",Customer Dispute,Complaint received after multiple failed attempts.,Resolved,,H,ivr,669494.0,CUSTOMER_DISPUTE,RESOLVED,TXN00005205,6694.94,False,6694.94,VALID_POSITIVE
CBK0002036,TXN00014884,50473,MCH6069,20/02/2026,24-Feb-2026,,Duplicate Debit,Customer says amount was debited twice.,In Progress,2026/03/19,P3,ivr,,DUPLICATE_DEBIT,IN_PROGRESS,TXN00014884,,False,,MISSING
CBK0000666,,usr_33350,MCH6639,,2026-01-11 03:18:30,8521.71,complaint,User says UPI PIN was not entered by them. call dropped,Resolved,01-28-2026,Medium,chatbot,852171.0,CUSTOMER_DISPUTE,RESOLVED,,8521.71,False,8521.71,VALID_POSITIVE
CBK0002496,TXN00016961,USR12384,mch4196,26/02/2026 01:00 PM,1773489658,433.87,not delivered,CUSTOMER SAYS TRANSACTION WAS NOT AUTHORIZED.,Open,2026/04/10,P3,Branch,43387.0,DELIVERY_ISSUE,OPEN,TXN00016961,433.87,False,433.87,VALID_POSITIVE
CBK0002579,txn-00002668,USR-57244,MCH3590,02-02-2026,05/02/2026,551.59,unauthorized_transaction,User claims account was compromised before transaction.,Rejected,03/03/2026,H,CHATBOT,55159.0,UNAUTHORIZED_TRANSACTION,REJECTED,TXN-00002668,551.59,False,551.59,VALID_POSITIVE
CBK0001621,TXN00006638,USR85507,MCH6644,2026/01/03,2026/01/19,2742.66,amount mismatch,User reports money deducted but merchant denies receiving payment.,Open,08-Feb-2026,CRIT,chatbot,274266.0,AMOUNT_MISMATCH,OPEN,TXN00006638,2742.66,False,2742.66,VALID_POSITIVE
CBK0002033,TXN00018868,USR88284,2152,1773058407,13/03/2026,180.66,account hacked,Merchant service was not delivered after payment.,CLOSED,09-Apr-2026,HIGH,chatbot,18066.0,ACCOUNT_TAKEOVER,CLOSED,TXN00018868,180.66,False,180.66,VALID_POSITIVE
CBK0000887,TXN00005845,USR 53491,MCH4767,2026-01-18 10:49:09,21-Jan-2026,,Customer Dispute,Customer says amount was debited twice.,Pending Bank,2026/01/27,CRIT,chatbot,,CUSTOMER_DISPUTE,PENDING,TXN00005845,,False,,MISSING
CBK0002341,TXN00012704,USR27290,MCH3954,19-Jan-2026,22/01/2026 11:30 PM,2025.76,Fraud Suspected,User reports money deducted but merchant denies receiving payment.,CLOSED,07-Feb-2026,H,Branch,202576.0,FRAUD,CLOSED,TXN00012704,2025.76,False,2025.76,VALID_POSITIVE
CBK0002499,TXN00012098,USR40113,MCH-9719,2026-02-09 05:17:08,,Rs. 708,service failed,merchant service was not delivered after payment.,Rejected,19/02/2026 08:17 AM,LOW,Email,708.0,SERVICE_ISSUE,REJECTED,TXN00012098,708.0,False,708.0,VALID_POSITIVE
CBK0002356,TXN00014945,USR84844,MCH-5076,2026-03-20 19:35:48,21/03/2026,"INR 1,720.02",dispute raised,Suspicious high-value payment disputed by customer.,REJECTED,03-25-2026,Medium,App,172002.0,CUSTOMER_DISPUTE,REJECTED,TXN00014945,1720.02,False,1720.02,VALID_POSITIVE
CBK0000488,TXN00008670,USR17815,MCH6810,03/03/2026,,992.85,Customer Dispute,User claims account was compromised before transaction.,IN_PROGRESS,27/03/2026,Low,chatbot,99285.0,CUSTOMER_DISPUTE,IN_PROGRESS,TXN00008670,992.85,False,992.85,VALID_POSITIVE
CBK0001653,TXN00008030,USR-83418,MCH6033,02-02-2026,2026/03/20,1200.17,no service,Customer says amount was debited twice.,Resolved,2026-03-28 11:43:48,M,ivr,120017.0,SERVICE_ISSUE,RESOLVED,TXN00008030,1200.17,False,1200.17,VALID_POSITIVE
CBK0002360,TXN00016689,USR 22630,6419,03-05-2026,2026/03/11,"2,052.97",unauthorized_transaction,User claims account was compromised before transaction.,Pending Bank,,Low,Call Center,205297.0,UNAUTHORIZED_TRANSACTION,PENDING,TXN00016689,2052.97,False,2052.97,VALID_POSITIVE
CBK0002567,TXN00016286,USR90993,MCH 5462,13/03/2026 02:22 AM,18/03/2026 09:22 AM,1887.01,delivery issue,Payment made to unknown merchant as per customer statement.,CLOSED,16/04/2026,P3,chatbot,188701.0,DELIVERY_ISSUE,CLOSED,TXN00016286,1887.01,False,1887.01,VALID_POSITIVE
CBK0002701,TXN00015262,USR 47926,MCH5959,07/01/2026 03:19 PM,08-Jan-2026,2260.38,Customer Dispute,Customer says amount was debited twice. NA,Open,29/01/2026,L,IVR,226038.0,CUSTOMER_DISPUTE,OPEN,TXN00015262,2260.38,False,2260.38,VALID_POSITIVE
CBK0001076,TXN00014751,USR40036,MCH9461,15/01/2026,01-16-2026,-1337.67,double debit,Customer says amount was debited twice.,Pending Bank,,MEDIUM,chatbot,-133767.0,DUPLICATE_DEBIT,PENDING,TXN00014751,-1337.67,True,,NEGATIVE_INVALID
CBK0001229,TXN00014638,USR33934,MCH4422,,1770261850,"Rs. 1,064",item not received,suspicious high-value payment disputed by customer.,CLOSED,,P4,ivr,1064.0,DELIVERY_ISSUE,CLOSED,TXN00014638,1064.0,False,1064.0,VALID_POSITIVE
CBK0001253,TXN48192,USR32413,MCH7724,2026/03/07,03-09-2026,"1,863.22",customer issue,User claims account was compromised before transaction.,Pending Bank,,L,ivr,186322.0,CUSTOMER_DISPUTE,PENDING,TXN48192,1863.22,False,1863.22,VALID_POSITIVE
CBK0001863,TXN00004455,USR92111,MCH2672,01-24-2026,02-01-2026,559.19,Fraud Suspected,payment made to unknown merchant as per customer statement.,Resolved,,Medium,Email,55919.0,FRAUD,RESOLVED,TXN00004455,559.19,False,559.19,VALID_POSITIVE
CBK0000864,TXN58515,usr41631,MCH1320,21-Jan-2026,31/01/2026 03:38 PM,216.17,merchant service issue,Customer complaint text unclear due to poor call center notes.,PENDING_BANK,,High,CHATBOT,21617.0,SERVICE_ISSUE,PENDING,TXN58515,216.17,False,216.17,VALID_POSITIVE
CBK0001853,TXN00008375,USR 11036,MCH-7833,2026-01-09 13:20:42,,372.08,double debit,Complaint received after multiple failed attempts.,RESOLVED,1770751242,LOW,Branch,37208.0,DUPLICATE_DEBIT,RESOLVED,TXN00008375,372.08,False,372.08,VALID_POSITIVE
CBK0001308,TXN00016774,USR71704,MCH4590,03-14-2026,19/03/2026,9878.08,merchant service issue,Customer says amount was debited twice.,Pending Bank,19/03/2026,CRIT,Branch,987808.0,SERVICE_ISSUE,PENDING,TXN00016774,9878.08,False,9878.08,VALID_POSITIVE
CBK0001006,TXN00005755,USR95625,MCH4181,1774800915,04-28-2026,740.85,fraud,Suspicious high-value payment disputed by customer.,WIP,,P3,App,74085.0,FRAUD,IN_PROGRESS,TXN00005755,740.85,False,740.85,VALID_POSITIVE
CBK0001269,TXN00007095,USR24536,MCH8953,2026-02-06 04:54:54,2026/02/07,"Rs. 1,816",unauth txn,User says UPI PIN was not entered by them.,IN_PROGRESS,17/02/2026 08:54 AM,M,ivr,1816.0,UNAUTHORIZED_TRANSACTION,IN_PROGRESS,TXN00007095,1816.0,False,1816.0,VALID_POSITIVE
CBK0000607,TXN00007941,usr_62254,MCH1419,03-01-2026,1772688801,-15519.36,suspicious transaction,User reports money deducted but merchant denies receiving payment.,REJECTED,,P4,CHATBOT,-1551936.0,FRAUD,REJECTED,TXN00007941,-15519.36,True,,NEGATIVE_INVALID
CBK0001541,TXN00011858,USR73594,MCH4651,08/03/2026,04-07-2026,7857.66,Duplicate Debit,Payment made to unknown merchant as per customer statement. call dropped,Open,,P3,Email,785766.0,DUPLICATE_DEBIT,OPEN,TXN00011858,7857.66,False,7857.66,VALID_POSITIVE
CBK0000990,TXN00010883,USR 94792,MCH-2338,01-Mar-2026,2026/03/04,2301.28,suspicious transaction,Merchant service was not delivered after payment.,Closed,07/03/2026,CRIT,IVR,230128.0,FRAUD,CLOSED,TXN00010883,2301.28,False,2301.28,VALID_POSITIVE
CBK0002713,TXN00016837,USR36321,MCH2065,03-09-2026,13/03/2026,,dispute raised,Customer complaint text unclear due to poor call center notes.,Rejected,25/03/2026,HIGH,CHATBOT,,CUSTOMER_DISPUTE,REJECTED,TXN00016837,,False,,MISSING
CBK0001590,TXN00014261,usr66321,MCH8391,1767319716,07-Jan-2026,-750.7,merchant service issue,Complaint received after multiple failed attempts.,PENDING_BANK,2026/01/15,P3,ivr,-7507.0,SERVICE_ISSUE,PENDING,TXN00014261,-750.7,True,,NEGATIVE_INVALID
CBK0002311,TXN00011525,usr73683,MCH3681,29-Mar-2026,2026/04/14,3875.84,Customer Dispute,Customer complaint text unclear due to poor call center notes.,Pending Bank,2026/05/11,P3,chatbot,387584.0,CUSTOMER_DISPUTE,PENDING,TXN00011525,3875.84,False,3875.84,VALID_POSITIVE
CBK0001892,TXN00019135,USR46902,MCH3656,25-Feb-2026,28/02/2026,-690.96,unauthorized_transaction,Complaint received after multiple failed attempts.,OPEN,03/03/2026,Medium,chatbot,-69096.0,UNAUTHORIZED_TRANSACTION,OPEN,TXN00019135,-690.96,True,,NEGATIVE_INVALID
CBK0002635,TXN00012235,USR39811,MCH 4990,22/02/2026 12:05 PM,24/02/2026 04:05 PM,-10021.84,double debit,Customer complaint text unclear due to poor call center notes.,Open,,M,Call Center,-1002184.0,DUPLICATE_DEBIT,OPEN,TXN00012235,-10021.84,True,,NEGATIVE_INVALID
CBK0000537,TXN00006837,USR-35532,MCH7922,07/01/2026,1767954531,Rs. 374,Customer Dispute,Suspicious high-value payment disputed by customer.,RESOLVED,,P3,chatbot,374.0,CUSTOMER_DISPUTE,RESOLVED,TXN00006837,374.0,False,374.0,VALID_POSITIVE
CBK0000081,TXN00016937,usr98012,MCH 5770,25-Jan-2026,27/01/2026,-6269.03,amount mismatch,merchant service was not delivered after payment.,RESOLVED,2026/02/05,M,Email,-626903.0,AMOUNT_MISMATCH,RESOLVED,TXN00016937,-6269.03,True,,NEGATIVE_INVALID
CBK0000117,TXN00008534,USR46501,MCH8277,25/02/2026,03-08-2026,INR 652.86,customer issue,Customer says amount was debited twice.,Pending Bank,,High,Email,65286.0,CUSTOMER_DISPUTE,PENDING,TXN00008534,652.86,False,652.86,VALID_POSITIVE
CBK0001244,TXN59954,USR15501,MCH3432,2026-03-12 11:29:14,18/03/2026,1289.25,charged twice,Customer complaint text unclear due to poor call center notes.,REJECTED,21-Mar-2026,Medium,App,128925.0,CHARGED TWICE,REJECTED,TXN59954,1289.25,False,1289.25,VALID_POSITIVE
CBK0001057,TXN00013162,USR95375,mch1477,2026/03/28,30-Mar-2026,"Rs. 3,182",dispute raised,Customer says transaction was not authorized.,In Progress,24/04/2026 10:56 AM,M,App,3182.0,CUSTOMER_DISPUTE,IN_PROGRESS,TXN00013162,3182.0,False,3182.0,VALID_POSITIVE
CBK0002085,TXN99329,USR-70175,MCH8953,2026/03/07,10/03/2026,"2,454.92",FRAUD,Suspicious high-value payment disputed by customer.,In Progress,07/04/2026 09:00 PM,P4,CHATBOT,245492.0,FRAUD,IN_PROGRESS,TXN99329,2454.92,False,2454.92,VALID_POSITIVE
CBK0000847,TXN00010448,USR75789,MCH4429,2026/03/26,2026/03/28,-387.13,not done by me,User reports money deducted but merchant denies receiving payment.,REJECTED,28/03/2026,HIGH,Call Center,-38713.0,UNAUTHORIZED_TRANSACTION,REJECTED,TXN00010448,-387.13,True,,NEGATIVE_INVALID
CBK0001388,TXN00008970,USR73474,MCH8142,,1775047530,"Rs. 4,522",Duplicate Debit,CUSTOMER SAYS TRANSACTION WAS NOT AUTHORIZED.,OPEN,,LOW,IVR,4522.0,DUPLICATE_DEBIT,OPEN,TXN00008970,4522.0,False,4522.0,VALID_POSITIVE
CBK0002155,TXN00016461,USR71348,MCH4824,1771784042,25/02/2026,-734.05,Merchant Not Delivered,Complaint received after multiple failed attempts.,Pending Bank,03-05-2026,HIGH,IVR,-73405.0,DELIVERY_ISSUE,PENDING,TXN00016461,-734.05,True,,NEGATIVE_INVALID
CBK0002217,TXN00017718,USR99570,MCH5980,20/01/2026,23/01/2026,1451.78,complaint,Customer says txn was not authorized.,REJECTED,2026/02/04,P4,Branch,145178.0,CUSTOMER_DISPUTE,REJECTED,TXN00017718,1451.78,False,1451.78,VALID_POSITIVE
CBK0001218,TXN74714,USR28268,MCH1154,,30-Mar-2026,"2,166.47",not delivered,Merchant service was not delivered after payment.,Pending Bank,03/04/2026,HIGH,Email,216647.0,DELIVERY_ISSUE,PENDING,TXN74714,2166.47,False,2166.47,VALID_POSITIVE
CBK0001265,TXN00004057,USR-26009,MCH6381,29/01/2026 03:59 AM,30/01/2026,"1,149.72",Duplicate Debit,User reports money deducted but merchant denies receiving payment.,In Progress,2026-02-15 15:59:11,P3,App,114972.0,DUPLICATE_DEBIT,IN_PROGRESS,TXN00004057,1149.72,False,1149.72,VALID_POSITIVE
CBK0000087,TXN00008323,USR 70375,MCH3815,2026-03-26 04:50:42,2026-03-29 08:50:42,"₹36,675.43",account hacked,merchant service was not delivered after payment.,Pending Bank,2026-03-29 08:50:42,P3,IVR,3667543.0,ACCOUNT_TAKEOVER,PENDING,TXN00008323,36675.43,False,36675.43,VALID_POSITIVE
CBK0001572,TXN00014973,USR69706,MCH9344,2026-01-11 08:59:33,11/01/2026 10:59 AM,Rs. 737,dispute raised,User says UPI PIN was not entered by them.,Closed,2026/01/23,L,CHATBOT,737.0,CUSTOMER_DISPUTE,CLOSED,TXN00014973,737.0,False,737.0,VALID_POSITIVE
CBK0002221,TXN00016939,USR56378,mch2383,02-24-2026,07/03/2026,"₹27,330.78",Customer Dispute,Customer says transaction was not authorized.,Rejected,12/03/2026,Critical,ivr,2733078.0,CUSTOMER_DISPUTE,REJECTED,TXN00016939,27330.78,False,27330.78,VALID_POSITIVE
CBK0001983,TXN00012545,usr_12475,mch1320,05-Jan-2026,2026-01-07 21:57:07,INR 886.93,charged twice,User says UPI PIN was not entered by them.,Rejected,16/01/2026,H,Call Center,88693.0,CHARGED TWICE,REJECTED,TXN00012545,886.93,False,886.93,VALID_POSITIVE
CBK0001310,TXN00006669,USR 64847,MCH4786,,18/02/2026 03:36 PM,-2766.56,double debit,Customer complaint text unclear due to poor call center notes.,Closed,2026/03/13,P4,Call Center,-276656.0,DUPLICATE_DEBIT,CLOSED,TXN00006669,-2766.56,True,,NEGATIVE_INVALID
CBK0002495,TXN00002679,USR24536,8280,1767801684,15/01/2026 11:01 AM,1214.71,Account Takeover,User reports money deducted but merchant denies receiving payment.,Closed,2026/02/10,L,Branch,121471.0,ACCOUNT_TAKEOVER,CLOSED,TXN00002679,1214.71,False,1214.71,VALID_POSITIVE
CBK0002000,TXN00006334,USR56042,MCH4130,29/01/2026 03:04 PM,09-Feb-2026,-1206.9,double debit,Customer says amount was debited twice. pls check asap,IN_PROGRESS,09-Feb-2026,P3,App,-12069.0,DUPLICATE_DEBIT,IN_PROGRESS,TXN00006334,-1206.9,True,,NEGATIVE_INVALID
CBK0000401,TXN00001653,33650,MCH5294,04/02/2026,1770295634,"Rs. 4,022",Unauthorized Transaction,Customer complaint text unclear due to poor call center notes.,IN_PROGRESS,2026-02-07 12:47:14,P3,ivr,4022.0,UNAUTHORIZED_TRANSACTION,IN_PROGRESS,TXN00001653,4022.0,False,4022.0,VALID_POSITIVE
CBK0001880,TXN00013813,USR-85610,MCH6626,21/01/2026,2026/03/07,,scam,Customer says transaction was not authorized.,REJECTED,03-19-2026,P3,chatbot,,FRAUD,REJECTED,TXN00013813,,False,,MISSING
CBK0000884,TXN00014060,USR-97772,mch9069,21/02/2026 10:06 AM,26/02/2026 11:06 PM,613.53,no service,User reports money deducted but merchant denies receiving payment.,REJECTED,07-Mar-2026,CRITICAL,chatbot,61353.0,SERVICE_ISSUE,REJECTED,TXN00014060,613.53,False,613.53,VALID_POSITIVE
CBK0001963,TXN00002490,USR56287,MCH-9228,2026-01-21 11:23:07,2026-01-21 12:23:07,"Rs. 1,170",ATO,Customer says amount was debited twice.,CLOSED,2026/01/27,Low,Branch,1170.0,ACCOUNT_TAKEOVER,CLOSED,TXN00002490,1170.0,False,1170.0,VALID_POSITIVE
CBK0000203,TXN00002521,USR11015,MCH5051,01-04-2026,01-06-2026,"Rs. 4,940",no service,User claims account was compromised before transaction.,CLOSED,,H,Call Center,4940.0,SERVICE_ISSUE,CLOSED,TXN00002521,4940.0,False,4940.0,VALID_POSITIVE
CBK0002334,TXN00013909,61147,MCH-6628,01-10-2026,01-12-2026,₹449.15,Customer Dispute,merchant service was not delivered after payment.,Rejected,16/01/2026 02:42 PM,H,IVR,44915.0,CUSTOMER_DISPUTE,REJECTED,TXN00013909,449.15,False,449.15,VALID_POSITIVE
CBK0002556,TXN00014016,USR 85655,MCH2065,2026/03/01,04-Mar-2026,"₹2,538.70",Unauthorized Transaction,Customer complaint text unclear due to poor call center notes.,WIP,2026-03-07 09:29:57,P4,Email,253870.0,UNAUTHORIZED_TRANSACTION,IN_PROGRESS,TXN00014016,2538.7,False,2538.7,VALID_POSITIVE
CBK0000337,TXN00013045,USR 42531,MCH1288,2026/01/19,20/01/2026 08:51 AM,546.9,Service Not Provided,Customer complaint text unclear due to poor call center notes.,Rejected,,Low,CHATBOT,5469.0,SERVICE_ISSUE,REJECTED,TXN00013045,546.9,False,546.9,VALID_POSITIVE
CBK0002542,TXN00004045,USR54255,MCH7383,2026-03-24 03:03:18,1775678598,"INR 14,158.32",account hacked,Merchant service was not delivered after payment.,PENDING_BANK,1776110598,P4,Call Center,1415832.0,ACCOUNT_TAKEOVER,PENDING,TXN00004045,14158.32,False,14158.32,VALID_POSITIVE
CBK0002678,TXN74852,USR64694,MCH3676,2026/02/11,,1652.05,double debit,Payment made to unknown merchant as per customer statement.,IN_PROGRESS,2026-03-11 16:25:29,MEDIUM,Call Center,165205.0,DUPLICATE_DEBIT,IN_PROGRESS,TXN74852,1652.05,False,1652.05,VALID_POSITIVE
CBK0001617,TXN00001553,usr68522,MCH7372,2026/01/08,08-Feb-2026,"5,796.41",merchant service issue,Payment made to unknown merchant as per customer statement. pls check asap,PENDING_BANK,21/02/2026 04:46 AM,Critical,Call Center,579641.0,SERVICE_ISSUE,PENDING,TXN00001553,5796.41,False,5796.41,VALID_POSITIVE
CBK0002109,TXN00005274,USR 70317,MCH7833,2026-02-26 09:34:34,27/02/2026 01:34 PM,4290.41,incorrect amount,Customer says amount was debited twice.,Resolved,13/03/2026 01:34 PM,H,chatbot,429041.0,AMOUNT_MISMATCH,RESOLVED,TXN00005274,4290.41,False,4290.41,VALID_POSITIVE
CBK0000136,txn-00000724,USR55205,MCH4226,02-20-2026,26/02/2026,Rs. 454,dispute raised,User says UPI PIN was not entered by them.,CLOSED,,HIGH,Email,454.0,CUSTOMER_DISPUTE,CLOSED,TXN-00000724,454.0,False,454.0,VALID_POSITIVE
CBK0002243,TXN00019786,usr27947,MCH1674,2026/03/15,17-Mar-2026,1377.81,unauth txn,Customer complaint text unclear due to poor call center notes.,Pending Bank,,CRIT,Email,137781.0,UNAUTHORIZED_TRANSACTION,PENDING,TXN00019786,1377.81,False,1377.81,VALID_POSITIVE
CBK0000579,TXN00006902,usr30658,MCH8779,,09/04/2026,"₹2,179.89",Wrong Amount,Customer says amount was debited twice.,CLOSED,25-Apr-2026,Critical,Call Center,217989.0,AMOUNT_MISMATCH,CLOSED,TXN00006902,2179.89,False,2179.89,VALID_POSITIVE
CBK0002191,TXN00005500,usr99576,MCH4473,25-Jan-2026,31/01/2026,1721.07,account hacked,SUSPICIOUS HIGH-VALUE PAYMENT DISPUTED BY CUSTOMER.,CLOSED,2026/02/09,P2,Call Center,172107.0,ACCOUNT_TAKEOVER,CLOSED,TXN00005500,1721.07,False,1721.07,VALID_POSITIVE
CBK0002147,TXN00010700,USR-22862,MCH3741,03-21-2026,2026/03/29,393.01,item not received,Payment made to unknown merchant as per customer statement.,WIP,2026/03/29,M,chatbot,39301.0,DELIVERY_ISSUE,IN_PROGRESS,TXN00010700,393.01,False,393.01,VALID_POSITIVE
CBK0002214,,USR72691,MCH3098,2026/02/03,14/02/2026 12:01 AM,"Rs. 3,364",delivery issue,Payment made to unknown merchant as per customer statement.,Closed,,MEDIUM,ivr,3364.0,DELIVERY_ISSUE,CLOSED,,3364.0,False,3364.0,VALID_POSITIVE
CBK0002699,TXN00004968,USR63160,MCH2867,2026-02-09 02:29:10,19/02/2026 10:29 AM,-686.93,ATO,Customer says transaction was not authorized.,IN_PROGRESS,2026/02/27,HIGH,IVR,-68693.0,ACCOUNT_TAKEOVER,IN_PROGRESS,TXN00004968,-686.93,True,,NEGATIVE_INVALID
CBK0000910,TXN00010888,USR26595,MCH 8921,01-27-2026,2026-01-31 19:55:18,₹925.14,amount mismatch,User reports money deducted but merchant denies receiving payment.,Closed,2026-02-08 19:55:18,LOW,chatbot,92514.0,AMOUNT_MISMATCH,CLOSED,TXN00010888,925.14,False,925.14,VALID_POSITIVE
CBK0002050,TXN00003990,USR78005,MCH8100,22/01/2026 08:54 PM,27/01/2026 10:54 PM,-5710.85,extra amount deducted,Customer says amount was debited twice.,CLOSED,,Medium,CHATBOT,-571085.0,AMOUNT_MISMATCH,CLOSED,TXN00003990,-5710.85,True,,NEGATIVE_INVALID
CBK0002501,TXN74548,USR43280,MCH3768,20-Feb-2026,22/02/2026 11:25 PM,-4626.55,no service,MERCHANT SERVICE WAS NOT DELIVERED AFTER PAYMENT.,WIP,27/02/2026 11:25 PM,P2,Call Center,-462655.0,SERVICE_ISSUE,IN_PROGRESS,TXN74548,-4626.55,True,,NEGATIVE_INVALID
CBK0002442,TXN00003496,USR17908,MCH1236,1768239815,2026/01/28,1706.49,service failed,Complaint received after multiple failed attempts.,Rejected,24/02/2026 01:43 AM,H,IVR,170649.0,SERVICE_ISSUE,REJECTED,TXN00003496,1706.49,False,1706.49,VALID_POSITIVE
CBK0002201,TXN00011553,USR33934,mch1101,1770470065,11-Feb-2026,1996.81,account hacked,User says UPI PIN was not entered by them.,OPEN,2026-02-26 06:14:25,LOW,App,199681.0,ACCOUNT_TAKEOVER,OPEN,TXN00011553,1996.81,False,1996.81,VALID_POSITIVE
CBK0001113,TXN00011228,47724,3600,19/01/2026 04:34 AM,2026/01/20,9827.0,login compromised,Customer complaint text unclear due to poor call center notes.,PENDING_BANK,14/02/2026,Low,IVR,98270.0,ACCOUNT_TAKEOVER,PENDING,TXN00011228,9827.0,False,9827.0,VALID_POSITIVE
CBK0001373,TXN00007769,24681,MCH6081,,2026-02-14 19:34:08,813.25,item not received,Suspicious high-value payment disputed by customer.,Resolved,2026/03/12,High,chatbot,81325.0,DELIVERY_ISSUE,RESOLVED,TXN00007769,813.25,False,813.25,VALID_POSITIVE
CBK0001206,TXN00014973,USR 48430,MCH4479,1771358156,1772034956,746.85,no service,Suspicious high-value payment disputed by customer.,Resolved,25/02/2026,HIGH,Call Center,74685.0,SERVICE_ISSUE,RESOLVED,TXN00014973,746.85,False,746.85,VALID_POSITIVE
CBK0000759,TXN00018597,USR54822,mch1382,,1771066794,2898.66,login compromised,Merchant service was not delivered after payment.,Open,1771239594,M,ivr,289866.0,ACCOUNT_TAKEOVER,OPEN,TXN00018597,2898.66,False,2898.66,VALID_POSITIVE
CBK0002772,TXN00008116,USR80305,mch3781,2026-01-18 12:29:06,2026/01/20,"₹1,863.17",charged twice,User reports money deducted but merchant denies receiving payment.,Rejected,15/02/2026,P4,IVR,186317.0,CHARGED TWICE,REJECTED,TXN00008116,1863.17,False,1863.17,VALID_POSITIVE
CBK0000517,TXN00001323,USR53151,MCH9341,,19/02/2026,"Rs. 7,329",no service,suspicious high-value payment disputed by customer.,REJECTED,27/02/2026 09:24 PM,Low,Branch,7329.0,SERVICE_ISSUE,REJECTED,TXN00001323,7329.0,False,7329.0,VALID_POSITIVE
CBK0001632,TXN00015576,USR12683,MCH9869,1773898223,30/03/2026,₹448.44,Fraud Suspected,Payment made to unknown merchant as per customer statement.,PENDING_BANK,,P3,App,44844.0,FRAUD,PENDING,TXN00015576,448.44,False,448.44,VALID_POSITIVE
CBK0000927,txn-00014638,usr14035,MCH9573,12/03/2026 05:36 PM,1773423385,10765.79,Merchant Not Delivered,Customer complaint text unclear due to poor call center notes.,Open,08/04/2026 05:36 PM,P2,CHATBOT,1076579.0,DELIVERY_ISSUE,OPEN,TXN-00014638,10765.79,False,10765.79,VALID_POSITIVE
CBK0002008,TXN00014274,USR40602,MCH-5954,14-Feb-2026,20-Feb-2026,"₹3,293.82",delivery issue,Complaint received after multiple failed attempts.,Closed,2026-03-08 10:09:37,MEDIUM,ivr,329382.0,DELIVERY_ISSUE,CLOSED,TXN00014274,3293.82,False,3293.82,VALID_POSITIVE
CBK0000572,,USR58062,MCH2065,2026-02-18 22:15:46,2026-02-24 10:15:46,"INR 1,849.53",UNAUTHORISED,Customer says amount was debited twice.,CLOSED,15-Mar-2026,P3,chatbot,184953.0,UNAUTHORIZED_TRANSACTION,CLOSED,,1849.53,False,1849.53,VALID_POSITIVE
CBK0002708,TXN00018113,USR17556,MCH-8377,09-Feb-2026,2026-02-12 17:45:31,₹987.42,login compromised,Complaint received after multiple failed attempts.,Rejected,2026-03-10 17:45:31,LOW,chatbot,98742.0,ACCOUNT_TAKEOVER,REJECTED,TXN00018113,987.42,False,987.42,VALID_POSITIVE
CBK0002534,TXN00004493,USR76170,MCH3036,11/01/2026 09:56 PM,27-Jan-2026,380.69,not delivered,merchant service was not delivered after payment.,WIP,,P4,Email,38069.0,DELIVERY_ISSUE,IN_PROGRESS,TXN00004493,380.69,False,380.69,VALID_POSITIVE
CBK0001209,TXN00009348,USR59740,4686,24-Feb-2026,28/02/2026 03:03 AM,"Rs. 4,160",delivery issue,customer says transaction was not authorized.,IN_PROGRESS,1772593416,H,Email,4160.0,DELIVERY_ISSUE,IN_PROGRESS,TXN00009348,4160.0,False,4160.0,VALID_POSITIVE
CBK0000339,TXN00013884,USR60939,MCH3878,20/03/2026,27-Mar-2026,"3,072.71",Account Takeover,Payment made to unknown merchant as per customer statement.,IN_PROGRESS,,H,ivr,307271.0,ACCOUNT_TAKEOVER,IN_PROGRESS,TXN00013884,3072.71,False,3072.71,VALID_POSITIVE
CBK0002282,TXN00008893,USR74390,MCH-7259,2026/01/05,,"₹2,546.90",DUP_DEBIT,customer says transaction was not authorized.,Open,2026-01-13 13:43:40,P4,IVR,254690.0,DUPLICATE_DEBIT,OPEN,TXN00008893,2546.9,False,2546.9,VALID_POSITIVE
CBK0000767,TXN00010641,USR98061,MCH 3815,29/03/2026 08:15 PM,2026-04-02 15:15:00,"₹9,500.50",not done by me,Customer complaint text unclear due to poor call center notes. call dropped,In Progress,2026/04/08,Critical,IVR,950050.0,UNAUTHORIZED_TRANSACTION,IN_PROGRESS,TXN00010641,9500.5,False,9500.5,VALID_POSITIVE
CBK0000327,TXN00011503,USR-76772,MCH5900,02-27-2026,2026-02-28 02:10:08,1191.08,item not received,CUSTOMER SAYS AMOUNT WAS DEBITED TWICE.,In Progress,2026-03-14 02:10:08,HIGH,Email,119108.0,DELIVERY_ISSUE,IN_PROGRESS,TXN00011503,1191.08,False,1191.08,VALID_POSITIVE
CBK0001061,TXN00007622,USR22939,MCH5921,19/03/2026 09:34 AM,24/03/2026,INR 494.63,Fraud Suspected,Suspicious high-value payment disputed by customer.,Closed,,LOW,ivr,49463.0,FRAUD,CLOSED,TXN00007622,494.63,False,494.63,VALID_POSITIVE
CBK0002712,TXN00006919,USR19070,MCH8672,02-27-2026,1772276273,"3,151.90",UNAUTHORISED,Complaint received after multiple failed attempts.,IN_PROGRESS,02-28-2026,L,CHATBOT,315190.0,UNAUTHORIZED_TRANSACTION,IN_PROGRESS,TXN00006919,3151.9,False,3151.9,VALID_POSITIVE
CBK0000480,TXN86757,USR 73796,MCH8391,2026-01-27 05:48:48,2026/02/02,1161.24,Service Not Provided,Customer complaint text unclear due to poor call center notes.,WIP,25/02/2026,P1,App,116124.0,SERVICE_ISSUE,IN_PROGRESS,TXN86757,1161.24,False,1161.24,VALID_POSITIVE
CBK0002420,TXN00008321,usr20361,MCH3420,01-03-2026,2026/01/04,535.96,delivery issue,User claims account was compromised before transaction.,Open,17/01/2026 02:37 AM,Low,Call Center,53596.0,DELIVERY_ISSUE,OPEN,TXN00008321,535.96,False,535.96,VALID_POSITIVE
CBK0000958,txn-00001617,30500,MCH-8058,19-Feb-2026,2026-02-20 21:55:40,4597.83,complaint,suspicious high-value payment disputed by customer.,CLOSED,03-10-2026,High,App,459783.0,CUSTOMER_DISPUTE,CLOSED,TXN-00001617,4597.83,False,4597.83,VALID_POSITIVE
CBK0001047,TXN00016988,USR-13912,MCH5655,2026/02/25,07/03/2026,,extra amount deducted,User claims account was compromised before transaction.,Rejected,15/03/2026 02:47 PM,Medium,Call Center,,AMOUNT_MISMATCH,REJECTED,TXN00016988,,False,,MISSING
CBK0001922,TXN00008651,USR68820,MCH5076,13/01/2026 05:01 PM,18/01/2026 08:01 PM,,extra amount deducted,User claims account was compromised before transaction. call dropped,WIP,22-Jan-2026,MEDIUM,App,,AMOUNT_MISMATCH,IN_PROGRESS,TXN00008651,,False,,MISSING
CBK0000900,TXN00012289,71316,MCH8769,12/01/2026 06:30 PM,15/01/2026 03:30 AM,"5,071.86",unauth txn,User reports money deducted but merchant denies receiving payment.,RESOLVED,,LOW,CHATBOT,507186.0,UNAUTHORIZED_TRANSACTION,RESOLVED,TXN00012289,5071.86,False,5071.86,VALID_POSITIVE
CBK0000694,TXN00013258,USR41874,MCH7151,1774663531,28/03/2026 09:05 AM,"Rs. 6,771",login compromised,Customer says amount was debited twice.,RESOLVED,31-Mar-2026,P3,Call Center,6771.0,ACCOUNT_TAKEOVER,RESOLVED,TXN00013258,6771.0,False,6771.0,VALID_POSITIVE
CBK0002470,TXN00016541,USR51854,MCH2925,2026/03/05,01-Mar-2026,"₹1,089.44",Account Takeover,complaint received after multiple failed attempts.,PENDING_BANK,,Medium,ivr,108944.0,ACCOUNT_TAKEOVER,PENDING,TXN00016541,1089.44,False,1089.44,VALID_POSITIVE
CBK0002477,txn-00002165,USR-81636,MCH5914,31/01/2026,03-Feb-2026,"₹1,048.77",Duplicate Debit,Customer complaint text unclear due to poor call center notes. call dropped,Rejected,,P3,IVR,104877.0,DUPLICATE_DEBIT,REJECTED,TXN-00002165,1048.77,False,1048.77,VALID_POSITIVE
CBK0000197,TXN00003861,USR-66175,MCH7332,01-10-2026,01-21-2026,INR 792.03,item not received,Customer says amount was debited twice.,PENDING_BANK,26/01/2026 01:48 AM,CRIT,IVR,79203.0,DELIVERY_ISSUE,PENDING,TXN00003861,792.03,False,792.03,VALID_POSITIVE
CBK0002637,TXN00001839,usr69852,MCH4722,07/01/2026,2026/01/08,1071.92,extra amount deducted,User reports money deducted but merchant denies receiving payment.,Rejected,30/01/2026,P3,ivr,107192.0,AMOUNT_MISMATCH,REJECTED,TXN00001839,1071.92,False,1071.92,VALID_POSITIVE
CBK0000189,TXN00016753,USR71099,MCH 5189,2026/03/11,13-Mar-2026,390.50,unauthorized_transaction,Merchant service was not delivered after payment.,In Progress,03-31-2026,L,ivr,39050.0,UNAUTHORIZED_TRANSACTION,IN_PROGRESS,TXN00016753,390.5,False,390.5,VALID_POSITIVE
CBK0002413,TXN00012907,USR20360,MCH 3281,2026-03-28 23:07:22,08/04/2026,,Fraud Suspected,user claims account was compromised before transaction.,REJECTED,,LOW,ivr,,FRAUD,REJECTED,TXN00012907,,False,,MISSING
CBK0002078,TXN00013096,usr_13449,MCH5614,2026/03/25,2026-03-26 21:45:47,8307.14,delivery issue,User says UPI PIN was not entered by them. details missing,Rejected,2026-04-25 21:45:47,Critical,CHATBOT,830714.0,DELIVERY_ISSUE,REJECTED,TXN00013096,8307.14,False,8307.14,VALID_POSITIVE
CBK0001303,TXN00010018,USR33354,MCH2266,1767649313,11-Jan-2026,,Account Takeover,USER SAYS UPI PIN WAS NOT ENTERED BY THEM.,Pending Bank,22-Jan-2026,L,Email,,ACCOUNT_TAKEOVER,PENDING,TXN00010018,,False,,MISSING
CBK0000502,TXN00008686,USR 99756,7813,01-31-2026,08-Feb-2026,-969.45,Unauthorized Transaction,Complaint received after multiple failed attempts. details missing,WIP,12/02/2026 11:23 AM,Low,CHATBOT,-96945.0,UNAUTHORIZED_TRANSACTION,IN_PROGRESS,TXN00008686,-969.45,True,,NEGATIVE_INVALID
CBK0001312,TXN00000939,USR61151,2302,25/03/2026,26/03/2026 01:58 PM,3776.84,item not received,User reports money deducted but merchant denies receiving payment.,Pending Bank,2026/04/03,MEDIUM,App,377684.0,DELIVERY_ISSUE,PENDING,TXN00000939,3776.84,False,3776.84,VALID_POSITIVE
CBK0002722,TXN00008498,USR48374,MCH8230,2026/02/01,02-16-2026,"₹2,342.66",unauthorized_transaction,Payment made to unknown merchant as per customer statement.,PENDING_BANK,,P4,IVR,234266.0,UNAUTHORIZED_TRANSACTION,PENDING,TXN00008498,2342.66,False,2342.66,VALID_POSITIVE
CBK0002180,TXN00006743,USR42798,MCH5884,19/01/2026 09:16 AM,2026/01/21,,service failed,Customer complaint text unclear due to poor call center notes.,Open,12-Feb-2026,P3,chatbot,,SERVICE_ISSUE,OPEN,TXN00006743,,False,,MISSING
CBK0001816,TXN00015001,USR18056,MCH 5439,28/01/2026 10:09 PM,31-Jan-2026,,merchant service issue,USER REPORTS MONEY DEDUCTED BUT MERCHANT DENIES RECEIVING PAYMENT.,WIP,24-Feb-2026,P1,Branch,,SERVICE_ISSUE,IN_PROGRESS,TXN00015001,,False,,MISSING
CBK0002481,TXN00007235,USR46308,MCH7175,05-Feb-2026,2026-02-05 22:26:56,"INR 1,820.07",account hacked,Customer complaint text unclear due to poor call center notes. details missing,Closed,02-27-2026,L,Branch,182007.0,ACCOUNT_TAKEOVER,CLOSED,TXN00007235,1820.07,False,1820.07,VALID_POSITIVE
CBK0002505,TXN00001789,USR80522,MCH9097,2026/01/29,2026/02/01,"INR 3,163.91",Unauthorized Transaction,User reports money deducted but merchant denies receiving payment.,Closed,14/02/2026 07:52 AM,LOW,IVR,316391.0,UNAUTHORIZED_TRANSACTION,CLOSED,TXN00001789,3163.91,False,3163.91,VALID_POSITIVE
CBK0002053,TXN00001807,USR20076,mch6717,1772536809,,,not done by me,Complaint received after multiple failed attempts.,In Progress,04/04/2026 10:20 PM,P4,chatbot,,UNAUTHORIZED_TRANSACTION,IN_PROGRESS,TXN00001807,,False,,MISSING
CBK0001042,TXN00008638,usr63231,MCH1737,30/03/2026 07:31 AM,2026/04/06,"INR 1,056.33",not delivered,Payment made to unknown merchant as per customer statement.,OPEN,01/05/2026,Low,Branch,105633.0,DELIVERY_ISSUE,OPEN,TXN00008638,1056.33,False,1056.33,VALID_POSITIVE
CBK0002382,TXN00016574,USR34643,mch1066,25-Jan-2026,01/02/2026,2828.9,Customer Dispute,Customer says amount was debited twice.,Resolved,2026-02-07 11:12:20,MEDIUM,Email,28289.0,CUSTOMER_DISPUTE,RESOLVED,TXN00016574,2828.9,False,2828.9,VALID_POSITIVE
CBK0001733,TXN00011566,USR90212,MCH4811,2026/02/22,02-25-2026,248.1,suspicious transaction,Merchant service was not delivered after payment.,Pending Bank,01/03/2026,CRITICAL,chatbot,2481.0,FRAUD,PENDING,TXN00011566,248.1,False,248.1,VALID_POSITIVE
CBK0000660,TXN00008654,USR14580,MCH7394,2026/01/20,2026/01/23,"3,655.60",unauthorized_transaction,user claims account was compromised before transaction.,Open,1769313455,P2,Branch,365560.0,UNAUTHORIZED_TRANSACTION,OPEN,TXN00008654,3655.6,False,3655.6,VALID_POSITIVE
CBK0000218,TXN00002930,USR27533,MCH9381,28/03/2026 04:07 PM,30/03/2026,1968.12,Customer Dispute,SUSPICIOUS HIGH-VALUE PAYMENT DISPUTED BY CUSTOMER.,PENDING_BANK,13/04/2026,L,ivr,196812.0,CUSTOMER_DISPUTE,PENDING,TXN00002930,1968.12,False,1968.12,VALID_POSITIVE
CBK0002688,txn-00016086,USR48363,MCH5076,27/03/2026 10:48 AM,2026/04/06,756.07,not done by me,Merchant service was not delivered after payment.,Open,2026/04/10,H,chatbot,75607.0,UNAUTHORIZED_TRANSACTION,OPEN,TXN-00016086,756.07,False,756.07,VALID_POSITIVE
CBK0000079,TXN00000789,USR54133,MCH8683,2026-02-23 18:15:33,02-26-2026,"Rs. 7,945",account hacked,Payment made to unknown merchant as per customer statement.,Open,08/03/2026 11:15 AM,High,IVR,7945.0,ACCOUNT_TAKEOVER,OPEN,TXN00000789,7945.0,False,7945.0,VALID_POSITIVE
CBK0001734,TXN00004267,USR-92771,5698,2026/02/01,04/02/2026,3750.2,service failed,Customer says amount was debited twice.,Pending Bank,2026/02/22,P4,IVR,37502.0,SERVICE_ISSUE,PENDING,TXN00004267,3750.2,False,3750.2,VALID_POSITIVE
CBK0000420,txn-00012872,USR39569,MCH7219,2026-01-18 15:00:47,01-19-2026,4857.19,account hacked,merchant service was not delivered after payment.,IN_PROGRESS,20/01/2026 11:00 AM,H,App,485719.0,ACCOUNT_TAKEOVER,IN_PROGRESS,TXN-00012872,4857.19,False,4857.19,VALID_POSITIVE
CBK0001750,TXN00009063,USR58335,MCH4473,14/01/2026,01-15-2026,91.60,scam,USER CLAIMS ACCOUNT WAS COMPROMISED BEFORE TRANSACTION.,In Progress,01-23-2026,LOW,CHATBOT,9160.0,FRAUD,IN_PROGRESS,TXN00009063,91.6,False,91.6,VALID_POSITIVE
CBK0001185,txn-00000818,USR41564,MCH-5530,30-Mar-2026,,1592.73,Service Not Provided,complaint received after multiple failed attempts.,Resolved,04-12-2026,L,Branch,159273.0,SERVICE_ISSUE,RESOLVED,TXN-00000818,1592.73,False,1592.73,VALID_POSITIVE
CBK0002457,TXN00014853,USR16306,MCH6850,02-Feb-2026,10-Feb-2026,₹415.04,FRAUD,user reports money deducted but merchant denies receiving payment.,IN_PROGRESS,22-Feb-2026,P3,CHATBOT,41504.0,FRAUD,IN_PROGRESS,TXN00014853,415.04,False,415.04,VALID_POSITIVE
CBK0001775,TXN00001597,USR33934,MCH8773,2026-03-15 10:02:06,21/03/2026 05:02 AM,13348.89,service failed,Complaint received after multiple failed attempts.,PENDING_BANK,04-17-2026,CRITICAL,chatbot,1334889.0,SERVICE_ISSUE,PENDING,TXN00001597,13348.89,False,13348.89,VALID_POSITIVE
CBK0001338,TXN00008410,USR54797,MCH3300,1768898547,30-Jan-2026,₹896.23,complaint,Customer says amount was debited twice. NA,Closed,2026-02-14 10:42:27,Medium,Branch,89623.0,CUSTOMER_DISPUTE,CLOSED,TXN00008410,896.23,False,896.23,VALID_POSITIVE
CBK0000599,TXN00007573,usr52697,MCH5655,2026-02-24 14:14:20,01/03/2026 04:14 PM,10313.56,Wrong Amount,User says UPI PIN was not entered by them. details missing,Resolved,,LOW,chatbot,1031356.0,AMOUNT_MISMATCH,RESOLVED,TXN00007573,10313.56,False,10313.56,VALID_POSITIVE
CBK0000865,TXN00005760,USR36182,MCH2554,2026/03/28,29-Mar-2026,,incorrect amount,merchant service was not delivered after payment.,Rejected,,Medium,Email,,AMOUNT_MISMATCH,REJECTED,TXN00005760,,False,,MISSING
CBK0000914,TXN00001042,USR12183,MCH7351,2026/03/02,05-Mar-2026,"1,526.17",fraud,Payment made to unknown merchant as per customer statement. call dropped,Pending Bank,31/03/2026,P2,Branch,152617.0,FRAUD,PENDING,TXN00001042,1526.17,False,1526.17,VALID_POSITIVE
CBK0001726,TXN00001821,usr85403,MCH-4473,10/03/2026,15/03/2026,12679.09,customer issue,Suspicious high-value payment disputed by customer.,Resolved,2026-04-07 15:22:15,M,chatbot,1267909.0,CUSTOMER_DISPUTE,RESOLVED,TXN00001821,12679.09,False,12679.09,VALID_POSITIVE
CBK0001477,TXN00009790,USR72887,mch3200,03-16-2026,2026/04/01,996.46,item not received,User says UPI PIN was not entered by them. details missing,Open,,Critical,ivr,99646.0,DELIVERY_ISSUE,OPEN,TXN00009790,996.46,False,996.46,VALID_POSITIVE
CBK0001295,TXN00016726,USR89004,MCH8117,21-Feb-2026,2026/02/22,"₹2,235.82",DUP_DEBIT,Customer says amount was debited twice.,RESOLVED,,H,Email,223582.0,DUPLICATE_DEBIT,RESOLVED,TXN00016726,2235.82,False,2235.82,VALID_POSITIVE
CBK0002703,TXN00019588,USR14075,MCH4041,1768433942,25-Jan-2026,,complaint,PAYMENT MADE TO UNKNOWN MERCHANT AS PER CUSTOMER STATEMENT.,Closed,2026-02-10 14:39:02,MEDIUM,CHATBOT,,CUSTOMER_DISPUTE,CLOSED,TXN00019588,,False,,MISSING
CBK0002473,TXN00000154,USR28902,mch1260,2026-02-05 15:50:37,06/02/2026,"2,025.66",FRAUD,User says UPI PIN was not entered by them.,CLOSED,,Low,ivr,202566.0,FRAUD,CLOSED,TXN00000154,2025.66,False,2025.66,VALID_POSITIVE
CBK0001392,,USR 33175,mch7321,,2026/03/26,5482.08,customer issue,Customer says transaction was not authorized.,REJECTED,,L,CHATBOT,548208.0,CUSTOMER_DISPUTE,REJECTED,,5482.08,False,5482.08,VALID_POSITIVE
CBK0002117,TXN00006808,74813,MCH2757,2026/02/25,02-26-2026,8430.86,Merchant Not Delivered,Complaint received after multiple failed attempts.,WIP,,H,Call Center,843086.0,DELIVERY_ISSUE,IN_PROGRESS,TXN00006808,8430.86,False,8430.86,VALID_POSITIVE
CBK0001739,TXN00013116,USR38088,MCH8068,,2026/02/22,1464.53,Service Not Provided,Customer complaint text unclear due to poor call center notes.,Closed,1771792339,MEDIUM,App,146453.0,SERVICE_ISSUE,CLOSED,TXN00013116,1464.53,False,1464.53,VALID_POSITIVE
CBK0002665,TXN00001173,usr21421,MCH3004,2026-02-24 16:17:15,04/03/2026,-1898.31,Unauthorized Transaction,Customer says amount was debited twice.,CLOSED,2026/03/08,Medium,App,-189831.0,UNAUTHORIZED_TRANSACTION,CLOSED,TXN00001173,-1898.31,True,,NEGATIVE_INVALID
CBK0002276,TXN00012334,USR12381,MCH9291,16/03/2026 09:05 AM,2026-03-19 18:05:30,"₹1,521.74",delivery issue,Suspicious high-value payment disputed by customer.,PENDING_BANK,2026-03-25 18:05:30,P2,Call Center,152174.0,DELIVERY_ISSUE,PENDING,TXN00012334,1521.74,False,1521.74,VALID_POSITIVE
CBK0002063,,USR49752,MCH9689,,08/02/2026 08:29 AM,2009.64,incorrect amount,User says UPI PIN was not entered by them.,In Progress,18/02/2026 08:29 AM,M,chatbot,200964.0,AMOUNT_MISMATCH,IN_PROGRESS,,2009.64,False,2009.64,VALID_POSITIVE
CBK0002620,TXN00011524,usr26051,mch4344,11/02/2026,02-14-2026,"Rs. 3,021",incorrect amount,Payment made to unknown merchant as per customer statement.,Resolved,2026/02/14,LOW,App,3021.0,AMOUNT_MISMATCH,RESOLVED,TXN00011524,3021.0,False,3021.0,VALID_POSITIVE
CBK0001539,TXN60420,USR95104,MCH5264,17/03/2026,2026/03/19,"₹1,505.75",double debit,PAYMENT MADE TO UNKNOWN MERCHANT AS PER CUSTOMER STATEMENT.,IN_PROGRESS,29/03/2026 02:14 AM,M,IVR,150575.0,DUPLICATE_DEBIT,IN_PROGRESS,TXN60420,1505.75,False,1505.75,VALID_POSITIVE
CBK0001846,TXN00008496,USR13261,MCH8062,13/03/2026 11:44 PM,03-14-2026,-2662.81,delivery issue,Customer says amount was debited twice.,CLOSED,24-Mar-2026,L,chatbot,-266281.0,DELIVERY_ISSUE,CLOSED,TXN00008496,-2662.81,True,,NEGATIVE_INVALID
CBK0000072,TXN00004747,USR 48250,MCH3100,01-28-2026,30/01/2026,"₹11,808.21",extra amount deducted,SUSPICIOUS HIGH-VALUE PAYMENT DISPUTED BY CUSTOMER.,Pending Bank,17-Feb-2026,MEDIUM,Call Center,1180821.0,AMOUNT_MISMATCH,PENDING,TXN00004747,11808.21,False,11808.21,VALID_POSITIVE
CBK0001511,TXN00013557,USR53356,MCH4473,19-Feb-2026,19-Feb-2026,5693.78,delivery issue,Customer says transaction was not authorized.,Open,03-Mar-2026,P4,ivr,569378.0,DELIVERY_ISSUE,OPEN,TXN00013557,5693.78,False,5693.78,VALID_POSITIVE
CBK0001413,TXN00017513,usr39726,MCH5273,22-Jan-2026,28/01/2026,24586.31,UNAUTHORISED,Customer complaint text unclear due to poor call center notes.,Closed,25-Feb-2026,L,App,2458631.0,UNAUTHORIZED_TRANSACTION,CLOSED,TXN00017513,24586.31,False,24586.31,VALID_POSITIVE
CBK0000508,TXN00001829,USR 40362,MCH-3161,09/01/2026 04:04 AM,11-Jan-2026,"Rs. 3,042",ATO,User claims account was compromised before txn.,PENDING_BANK,21/01/2026,HIGH,Call Center,3042.0,ACCOUNT_TAKEOVER,PENDING,TXN00001829,3042.0,False,3042.0,VALID_POSITIVE
CBK0001328,TXN00010089,USR 22644,MCH2208,10-Mar-2026,13/03/2026 10:52 AM,,extra amount deducted,Customer says amount was debited twice.,WIP,,LOW,chatbot,,AMOUNT_MISMATCH,IN_PROGRESS,TXN00010089,,False,,MISSING
CBK0001995,TXN00000490,USR75856,9865,2026/01/11,1768585920,"INR 3,134.07",Wrong Amount,Customer complaint text unclear due to poor call center notes.,RESOLVED,,LOW,Call Center,313407.0,AMOUNT_MISMATCH,RESOLVED,TXN00000490,3134.07,False,3134.07,VALID_POSITIVE
CBK0001170,TXN00012807,usr_97772,mch1838,26-Mar-2026,27/03/2026 06:57 PM,Rs. 122,Merchant Not Delivered,Customer says amount was debited twice.,OPEN,02-Apr-2026,Low,ivr,122.0,DELIVERY_ISSUE,OPEN,TXN00012807,122.0,False,122.0,VALID_POSITIVE
CBK0002275,txn-00002106,USR75120,MCH3728,1769260551,2026/01/24,-3875.59,UNAUTHORISED,Complaint received after multiple failed attempts.,Pending Bank,20-Feb-2026,MEDIUM,App,-387559.0,UNAUTHORIZED_TRANSACTION,PENDING,TXN-00002106,-3875.59,True,,NEGATIVE_INVALID
CBK0002706,TXN00012918,USR27107,MCH6044,,,2316.9,unauthorized_transaction,merchant service was not delivered after payment.,Closed,04/02/2026,MEDIUM,CHATBOT,23169.0,UNAUTHORIZED_TRANSACTION,CLOSED,TXN00012918,2316.9,False,2316.9,VALID_POSITIVE
CBK0001935,TXN00012027,USR97416,MCH5463,01-13-2026,01-15-2026,-1274.02,Unauthorized Transaction,Payment made to unknown merchant as per customer statement.,RESOLVED,2026/02/13,Low,Branch,-127402.0,UNAUTHORIZED_TRANSACTION,RESOLVED,TXN00012027,-1274.02,True,,NEGATIVE_INVALID
CBK0001749,TXN00000318,USR 51808,MCH7982,29/01/2026 03:34 PM,16/03/2026,,Customer Dispute,Payment made to unknown merchant as per customer statement.,OPEN,25-Mar-2026,L,App,,CUSTOMER_DISPUTE,OPEN,TXN00000318,,False,,MISSING
CBK0001333,TXN00003302,USR97772,MCH2026,23/03/2026,02/04/2026 04:40 PM,1169.68,Duplicate Debit,Payment made to unknown merchant as per cust statement.,Closed,,M,IVR,116968.0,DUPLICATE_DEBIT,CLOSED,TXN00003302,1169.68,False,1169.68,VALID_POSITIVE
CBK0002118,TXN00008403,USR17197,mch4473,01-06-2026,1768650847,"Rs. 1,117",unauth txn,MERCHANT SERVICE WAS NOT DELIVERED AFTER PAYMENT.,PENDING_BANK,2026-01-29 11:54:07,Medium,Email,1117.0,UNAUTHORIZED_TRANSACTION,PENDING,TXN00008403,1117.0,False,1117.0,VALID_POSITIVE
CBK0002353,TXN00017005,usr_93920,MCH5156,01/03/2026 06:38 AM,2026-03-31 21:38:30,10880.54,Merchant Not Delivered,Customer says amount was debited twice.,OPEN,03-Apr-2026,Medium,CHATBOT,1088054.0,DELIVERY_ISSUE,OPEN,TXN00017005,10880.54,False,10880.54,VALID_POSITIVE
CBK0001855,TXN00003379,USR73010,mch6457,2026-03-26 11:09:24,28/03/2026 11:09 AM,5587.77,charged twice,Customer says transaction was not authorized.,Pending Bank,2026-04-20 11:09:24,P1,App,558777.0,CHARGED TWICE,PENDING,TXN00003379,5587.77,False,5587.77,VALID_POSITIVE
CBK0001165,TXN00010766,USR24002,MCH2065,1767311789,,2510.0,DUP_DEBIT,suspicious high-value payment disputed by customer.,WIP,20/01/2026,Low,Branch,25100.0,DUPLICATE_DEBIT,IN_PROGRESS,TXN00010766,2510.0,False,2510.0,VALID_POSITIVE
CBK0001055,TXN00016717,USR80656,MCH8828,01-27-2026,,"INR 3,272.08",delivery issue,suspicious high-value payment disputed by customer.,OPEN,1771256803,MEDIUM,Call Center,327208.0,DELIVERY_ISSUE,OPEN,TXN00016717,3272.08,False,3272.08,VALID_POSITIVE
CBK0001352,TXN00010946,USR94542,mch6061,25/03/2026,29/03/2026 02:21 AM,INR 562.29,DUP_DEBIT,user claims account was compromised before transaction.,Closed,,HIGH,ivr,56229.0,DUPLICATE_DEBIT,CLOSED,TXN00010946,562.29,False,562.29,VALID_POSITIVE
CBK0002596,TXN00013632,usr34733,MCH8154,01-08-2026,,1178.89,scam,Payment made to unknown merchant as per customer statement.,PENDING_BANK,2026-01-18 15:45:36,M,CHATBOT,117889.0,FRAUD,PENDING,TXN00013632,1178.89,False,1178.89,VALID_POSITIVE
CBK0000781,TXN00004717,USR34703,MCH2065,2026-01-11 05:47:02,2026-01-21 15:47:02,"Rs. 22,390",service failed,Complaint received after multiple failed attempts.,Pending Bank,2026/01/25,H,Email,22390.0,SERVICE_ISSUE,PENDING,TXN00004717,22390.0,False,22390.0,VALID_POSITIVE
CBK0000961,TXN00012729,USR 13686,MCH2588,02-20-2026,2026-02-23 04:28:02,1232.87,service failed,Complaint received after multiple failed attempts.,Pending Bank,19/03/2026,Low,Call Center,123287.0,SERVICE_ISSUE,PENDING,TXN00012729,1232.87,False,1232.87,VALID_POSITIVE
CBK0002281,TXN00016639,USR 51332,MCH6850,04-Mar-2026,2026/03/04,"2,539.68",merchant service issue,User says UPI PIN was not entered by them.,PENDING_BANK,2026-03-25 21:38:11,High,App,253968.0,SERVICE_ISSUE,PENDING,TXN00016639,2539.68,False,2539.68,VALID_POSITIVE
CBK0002131,TXN00005025,USR12936,MCH9937,02-28-2026,05/03/2026 06:25 PM,"1,283.51",extra amount deducted,User claims account was compromised before transaction. NA,RESOLVED,25-Mar-2026,P4,ivr,128351.0,AMOUNT_MISMATCH,RESOLVED,TXN00005025,1283.51,False,1283.51,VALID_POSITIVE
CBK0001802,TXN00015492,USR31275,MCH-4473,2026/01/22,2026-01-25 02:09:52,"₹2,618.19",incorrect amount,Customer says transaction was not authorized.,IN_PROGRESS,2026-02-04 02:09:52,P2,chatbot,261819.0,AMOUNT_MISMATCH,IN_PROGRESS,TXN00015492,2618.19,False,2618.19,VALID_POSITIVE
CBK0002066,TXN00014413,USR86472,MCH3992,29/03/2026,2026-04-01 21:21:33,,amount mismatch,User reports money deducted but merchant denies receiving payment.,WIP,,LOW,ivr,,AMOUNT_MISMATCH,IN_PROGRESS,TXN00014413,,False,,MISSING
CBK0002774,TXN00007924,USR36664,MCH6959,01/01/2026,01-02-2026,2197.57,login compromised,User reports money deducted but merchant denies receiving payment.,RESOLVED,15-Jan-2026,MEDIUM,App,219757.0,ACCOUNT_TAKEOVER,RESOLVED,TXN00007924,2197.57,False,2197.57,VALID_POSITIVE
CBK0000916,TXN00017437,USR-25761,9926,2026/01/11,,,login compromised,CUSTOMER SAYS TRANSACTION WAS NOT AUTHORIZED.,In Progress,03/02/2026 08:32 PM,M,App,,ACCOUNT_TAKEOVER,IN_PROGRESS,TXN00017437,,False,,MISSING
CBK0001366,TXN00005968,usr64733,MCH-3045,19-Mar-2026,21/03/2026,"INR 2,917.69",customer issue,customer says transaction was not authorized.,Pending Bank,1775277082,Critical,Call Center,291769.0,CUSTOMER_DISPUTE,PENDING,TXN00005968,2917.69,False,2917.69,VALID_POSITIVE
CBK0001872,TXN00008853,USR43455,MCH8391,2026/02/15,17/02/2026 01:35 PM,6353.75,merchant service issue,COMPLAINT RECEIVED AFTER MULTIPLE FAILED ATTEMPTS.,RESOLVED,,P3,Call Center,635375.0,SERVICE_ISSUE,RESOLVED,TXN00008853,6353.75,False,6353.75,VALID_POSITIVE
CBK0001716,TXN00008167,USR60833,MCH6947,17/03/2026,2026-03-21 11:09:56,"₹2,598.82",double debit,Merchant service was not delivered after payment.,PENDING_BANK,26/03/2026,Medium,Branch,259882.0,DUPLICATE_DEBIT,PENDING,TXN00008167,2598.82,False,2598.82,VALID_POSITIVE
CBK0002223,TXN00017647,usr_58113,MCH3117,21-Jan-2026,2026/01/22,3677.06,Merchant Not Delivered,customer complaint text unclear due to poor call center notes.,In Progress,05/02/2026,Medium,chatbot,367706.0,DELIVERY_ISSUE,IN_PROGRESS,TXN00017647,3677.06,False,3677.06,VALID_POSITIVE
CBK0001478,TXN00017175,USR46590,mch7833,,1769828587,-2616.12,no service,Customer says amount was debited twice. pls check asap,OPEN,17/02/2026 03:03 AM,P2,App,-261612.0,SERVICE_ISSUE,OPEN,TXN00017175,-2616.12,True,,NEGATIVE_INVALID
CBK0002587,TXN00001705,USR32842,MCH-3100,22/03/2026 11:32 PM,03-26-2026,2583.16,DUP_DEBIT,Customer complaint text unclear due to poor call center notes.,PENDING_BANK,1776094365,LOW,IVR,258316.0,DUPLICATE_DEBIT,PENDING,TXN00001705,2583.16,False,2583.16,VALID_POSITIVE
CBK0002581,TXN00015481,USR62660,MCH4181,15/01/2026,17/01/2026 09:49 AM,2917.55,Service Not Provided,MERCHANT SERVICE WAS NOT DELIVERED AFTER PAYMENT.,RESOLVED,2026-02-01 09:49:51,LOW,ivr,291755.0,SERVICE_ISSUE,RESOLVED,TXN00015481,2917.55,False,2917.55,VALID_POSITIVE
CBK0000937,TXN00009444,USR22327,MCH-5615,07/02/2026,,855.85,dispute raised,Merchant service was not delivered after payment.,OPEN,,P3,App,85585.0,CUSTOMER_DISPUTE,OPEN,TXN00009444,855.85,False,855.85,VALID_POSITIVE
CBK0000679,TXN00019297,USR35700,MCH4758,1771921493,24/02/2026 12:24 PM,1314.28,Account Takeover,Customer complaint text unclear due to poor call center notes.,Pending Bank,,Low,IVR,131428.0,ACCOUNT_TAKEOVER,PENDING,TXN00019297,1314.28,False,1314.28,VALID_POSITIVE
CBK0000493,TXN00001975,USR66286,MCH7546,21/01/2026 09:21 AM,2026/02/05,943.72,extra amount deducted,Merchant service was not delivered after payment. details missing,Open,02-17-2026,HIGH,IVR,94372.0,AMOUNT_MISMATCH,OPEN,TXN00001975,943.72,False,943.72,VALID_POSITIVE
CBK0000647,TXN00019004,USR46725,MCH2065,07/02/2026,1771002051,-3381.39,suspicious transaction,Suspicious high-value payment disputed by customer.,In Progress,1772125251,M,CHATBOT,-338139.0,FRAUD,IN_PROGRESS,TXN00019004,-3381.39,True,,NEGATIVE_INVALID
CBK0000855,TXN00013194,USR66001,MCH2030,06/01/2026,21-Feb-2026,,account hacked,User says UPI PIN was not entered by them.,Pending Bank,,Medium,Branch,,ACCOUNT_TAKEOVER,PENDING,TXN00013194,,False,,MISSING
CBK0001233,TXN34198,USR98515,MCH3927,21/03/2026,23-Mar-2026,"₹2,387.46",login compromised,Customer complaint text unclear due to poor call center notes.,Pending Bank,23-Mar-2026,P2,chatbot,238746.0,ACCOUNT_TAKEOVER,PENDING,TXN34198,2387.46,False,2387.46,VALID_POSITIVE
CBK0000542,TXN00003675,USR 92063,MCH3454,1768481598,1768780398,1047.52,double debit,Customer complaint text unclear due to poor call center notes.,Pending Bank,2026/02/04,M,IVR,104752.0,DUPLICATE_DEBIT,PENDING,TXN00003675,1047.52,False,1047.52,VALID_POSITIVE
CBK0000623,TXN00012588,USR78593,MCH9191,03-24-2026,27/03/2026 02:42 AM,"INR 1,181.22",Customer Dispute,merchant service was not delivered after payment.,PENDING_BANK,07-Apr-2026,Critical,Call Center,118122.0,CUSTOMER_DISPUTE,PENDING,TXN00012588,1181.22,False,1181.22,VALID_POSITIVE
CBK0001033,TXN00004562,USR35882,MCH9511,02-03-2026,10/02/2026,-2226.56,amount mismatch,Merchant service was not delivered after payment.,Pending Bank,03-07-2026,High,chatbot,-222656.0,AMOUNT_MISMATCH,PENDING,TXN00004562,-2226.56,True,,NEGATIVE_INVALID
CBK0000731,TXN00009087,USR31359,MCH1258,02/02/2026 11:18 AM,18/02/2026 12:18 AM,"Rs. 7,838",FRAUD,Complaint received after multiple failed attempts.,Pending Bank,2026/03/14,M,App,7838.0,FRAUD,PENDING,TXN00009087,7838.0,False,7838.0,VALID_POSITIVE
CBK0001331,,USR 92614,MCH9178,,2026/03/16,4117.99,double debit,Payment made to unknown merchant as per cust statement.,Resolved,08/04/2026,Critical,Call Center,411799.0,DUPLICATE_DEBIT,RESOLVED,,4117.99,False,4117.99,VALID_POSITIVE
CBK0002755,TXN00002471,USR-90893,MCH8779,2026-01-24 22:24:58,2026-01-25 17:24:58,"2,207.71",scam,User says UPI PIN was not entered by them.,CLOSED,24/02/2026,HIGH,ivr,220771.0,FRAUD,CLOSED,TXN00002471,2207.71,False,2207.71,VALID_POSITIVE
CBK0000770,TXN51555,USR56287,MCH8779,08-Mar-2026,11/03/2026,2417.43,item not received,User reports money deducted but merchant denies receiving payment.,CLOSED,,P2,CHATBOT,241743.0,DELIVERY_ISSUE,CLOSED,TXN51555,2417.43,False,2417.43,VALID_POSITIVE
CBK0001857,TXN00008788,USR99849,MCH3643,1773380147,15-Mar-2026,8276.16,fraud,Customer complaint text unclear due to poor call center notes.,IN_PROGRESS,2026-04-02 15:35:47,M,CHATBOT,827616.0,FRAUD,IN_PROGRESS,TXN00008788,8276.16,False,8276.16,VALID_POSITIVE
CBK0000335,TXN00001134,USR18760,MCH9451,2026-03-06 21:05:23,17/03/2026 05:05 AM,"1,881.35",Customer Dispute,User reports money deducted but merchant denies receiving payment.,PENDING_BANK,09/04/2026,HIGH,ivr,188135.0,CUSTOMER_DISPUTE,PENDING,TXN00001134,1881.35,False,1881.35,VALID_POSITIVE
CBK0000791,TXN00007791,USR24536,MCH6890,,10/03/2026,"1,735.16",FRAUD,Suspicious high-value payment disputed by customer.,IN_PROGRESS,01/04/2026,P4,ivr,173516.0,FRAUD,IN_PROGRESS,TXN00007791,1735.16,False,1735.16,VALID_POSITIVE
CBK0000047,TXN74133,USR46927,MCH2711,2026/03/27,04-26-2026,Rs. 546,Wrong Amount,User reports money deducted but merchant denies receiving payment.,Open,,P3,Branch,546.0,AMOUNT_MISMATCH,OPEN,TXN74133,546.0,False,546.0,VALID_POSITIVE
CBK0000311,TXN00003364,USR18722,MCH6415,29/03/2026,30/03/2026,2940.2,Service Not Provided,Customer complaint text unclear due to poor call center notes.,Closed,26/04/2026,Low,chatbot,29402.0,SERVICE_ISSUE,CLOSED,TXN00003364,2940.2,False,2940.2,VALID_POSITIVE
CBK0001689,TXN00012952,USR-63160,MCH8078,01-09-2026,2026-01-11 09:46:20,₹277.65,Duplicate Debit,user says upi pin was not entered by them.,PENDING_BANK,19/01/2026 09:46 AM,L,CHATBOT,27765.0,DUPLICATE_DEBIT,PENDING,TXN00012952,277.65,False,277.65,VALID_POSITIVE
CBK0000132,txn-00016038,usr11624,MCH5300,23/03/2026 08:28 AM,23/03/2026,INR 447.63,merchant service issue,Complaint received after multiple failed attempts.,CLOSED,,HIGH,App,44763.0,SERVICE_ISSUE,CLOSED,TXN-00016038,447.63,False,447.63,VALID_POSITIVE
CBK0002525,TXN00009115,USR60789,3104,2026-02-03 23:08:00,1771027680,1575.8,scam,customer says amount was debited twice.,OPEN,,LOW,CHATBOT,15758.0,FRAUD,OPEN,TXN00009115,1575.8,False,1575.8,VALID_POSITIVE
CBK0001640,TXN00009672,USR-72121,MCH 4035,2026/01/31,,478.93,Merchant Not Delivered,Complaint received after multiple failed attempts.,Closed,,L,Branch,47893.0,DELIVERY_ISSUE,CLOSED,TXN00009672,478.93,False,478.93,VALID_POSITIVE
CBK0000083,TXN00019136,USR46902,4705,10/02/2026,,INR 264.95,suspicious transaction,Suspicious high-value payment disputed by customer.,OPEN,02-28-2026,P2,Email,26495.0,FRAUD,OPEN,TXN00019136,264.95,False,264.95,VALID_POSITIVE
CBK0001329,TXN00009229,USR61206,MCH8097,2026/03/06,2026/03/14,"INR 1,300.37",dispute raised,User says UPI PIN was not entered by them.,CLOSED,,HIGH,ivr,130037.0,CUSTOMER_DISPUTE,CLOSED,TXN00009229,1300.37,False,1300.37,VALID_POSITIVE
CBK0001763,TXN00006338,usr58810,MCH7667,02-14-2026,2026-02-24 19:50:25,1656.18,service failed,User reports money deducted but merchant denies receiving payment.,Open,24/02/2026,L,CHATBOT,165618.0,SERVICE_ISSUE,OPEN,TXN00006338,1656.18,False,1656.18,VALID_POSITIVE
CBK0000167,TXN00012360,usr86156,MCH2438,01/02/2026,05-Feb-2026,-5341.0,dispute raised,User reports money deducted but merchant denies receiving payment.,CLOSED,2026/02/14,L,Branch,-53410.0,CUSTOMER_DISPUTE,CLOSED,TXN00012360,-5341.0,True,,NEGATIVE_INVALID
CBK0000505,TXN00000437,USR87914,MCH3324,03-06-2026,09/03/2026 05:21 AM,"Rs. 3,962",double debit,User reports money deducted but merchant denies receiving payment.,In Progress,30/03/2026,P4,IVR,3962.0,DUPLICATE_DEBIT,IN_PROGRESS,TXN00000437,3962.0,False,3962.0,VALID_POSITIVE
CBK0001168,TXN00005941,USR56021,MCH1185,03-06-2026,2026-03-22 14:23:38,"INR 8,630.24",extra amount deducted,Suspicious high-value payment disputed by customer.,In Progress,29-Mar-2026,H,Email,863024.0,AMOUNT_MISMATCH,IN_PROGRESS,TXN00005941,8630.24,False,8630.24,VALID_POSITIVE
CBK0000796,TXN00007069,USR 87558,mch3466,2026-02-19 07:25:50,1771053950,"Rs. 5,834",FRAUD,MERCHANT SERVICE WAS NOT DELIVERED AFTER PAYMENT.,RESOLVED,22/02/2026,P3,CHATBOT,5834.0,FRAUD,RESOLVED,TXN00007069,5834.0,False,5834.0,VALID_POSITIVE
CBK0001930,TXN00000462,USR44849,MCH6811,07/01/2026 05:21 PM,1768004481,9759.54,complaint,SUSPICIOUS HIGH-VALUE PAYMENT DISPUTED BY CUSTOMER.,IN_PROGRESS,2026/01/17,P4,IVR,975954.0,CUSTOMER_DISPUTE,IN_PROGRESS,TXN00000462,9759.54,False,9759.54,VALID_POSITIVE
CBK0001622,txn-00003616,USR-88037,MCH2915,09-Jan-2026,09/01/2026,"₹5,374.95",ATO,Customer says amount was debited twice.,Resolved,,P4,Call Center,537495.0,ACCOUNT_TAKEOVER,RESOLVED,TXN-00003616,5374.95,False,5374.95,VALID_POSITIVE
CBK0000943,TXN00005379,USR79175,MCH8672,03-13-2026,20-Mar-2026,318.82,unauthorized_transaction,Customer says amount was debited twice. NA,Resolved,18/04/2026,H,Branch,31882.0,UNAUTHORIZED_TRANSACTION,RESOLVED,TXN00005379,318.82,False,318.82,VALID_POSITIVE
CBK0000107,TXN00017349,USR-51854,MCH2065,2026/03/14,15/03/2026 03:43 PM,1441.68,merchant service issue,CUSTOMER COMPLAINT TEXT UNCLEAR DUE TO POOR CALL CENTER NOTES.,CLOSED,25-Mar-2026,MEDIUM,App,144168.0,SERVICE_ISSUE,CLOSED,TXN00017349,1441.68,False,1441.68,VALID_POSITIVE
CBK0001418,TXN00017042,USR-71503,MCH7873,2026/01/14,2026-01-22 12:51:19,"Rs. 1,707",not delivered,User claims account was compromised before transaction.,RESOLVED,,P4,chatbot,1707.0,DELIVERY_ISSUE,RESOLVED,TXN00017042,1707.0,False,1707.0,VALID_POSITIVE
CBK0002054,TXN00014488,USR-98293,MCH4980,29/01/2026 03:41 AM,2026-02-01 02:41:16,7101.31,delivery issue,Complaint received after multiple failed attempts.,Closed,03/02/2026 02:41 AM,P3,Email,710131.0,DELIVERY_ISSUE,CLOSED,TXN00014488,7101.31,False,7101.31,VALID_POSITIVE
CBK0000827,TXN00014268,USR35403,MCH2320,1774554563,29-Mar-2026,"Rs. 1,797",merchant service issue,User says UPI PIN was not entered by them. pls check asap,Open,,P3,chatbot,1797.0,SERVICE_ISSUE,OPEN,TXN00014268,1797.0,False,1797.0,VALID_POSITIVE
CBK0000915,TXN00012512,USR69408,MCH6683,03-16-2026,18/03/2026,"Rs. 3,164",DUP_DEBIT,Merchant service was not delivered after payment.,Rejected,,M,Email,3164.0,DUPLICATE_DEBIT,REJECTED,TXN00012512,3164.0,False,3164.0,VALID_POSITIVE
CBK0000780,TXN00003784,USR91599,MCH2065,28/03/2026 05:20 PM,,"3,118.57",suspicious transaction,Customer says transaction was not authorized.,WIP,1776036037,H,CHATBOT,311857.0,FRAUD,IN_PROGRESS,TXN00003784,3118.57,False,3118.57,VALID_POSITIVE
CBK0000261,TXN00003908,USR92765,MCH-6368,02-20-2026,26/02/2026,6597.26,not done by me,Customer says amount was debited twice.,IN_PROGRESS,06/03/2026,Critical,ivr,659726.0,UNAUTHORIZED_TRANSACTION,IN_PROGRESS,TXN00003908,6597.26,False,6597.26,VALID_POSITIVE
CBK0000831,TXN00013412,USR57382,MCH1320,,21/01/2026,90.88,not delivered,User says UPI PIN was not entered by them.,Rejected,2026/02/08,P4,chatbot,9088.0,DELIVERY_ISSUE,REJECTED,TXN00013412,90.88,False,90.88,VALID_POSITIVE
CBK0001025,TXN00015661,USR47242,1664,2026/01/20,2026-01-23 11:54:20,"INR 1,840.53",double debit,user reports money deducted but merchant denies receiving payment.,Open,06/02/2026,High,CHATBOT,184053.0,DUPLICATE_DEBIT,OPEN,TXN00015661,1840.53,False,1840.53,VALID_POSITIVE
CBK0002512,,USR17699,MCH1556,2026-03-17 01:32:53,2026/03/17,,not delivered,Payment made to unknown merchant as per cust statement.,RESOLVED,14/04/2026 06:32 AM,H,Branch,,DELIVERY_ISSUE,RESOLVED,,,False,,MISSING
CBK0000112,TXN00002800,USR33650,mch4226,02-Jan-2026,05/01/2026,9291.46,item not received,User claims account was compromised before transaction. urgent,Rejected,1768467767,Low,Email,929146.0,DELIVERY_ISSUE,REJECTED,TXN00002800,9291.46,False,9291.46,VALID_POSITIVE
CBK0002603,TXN00009920,USR72778,MCH3738,2026/02/25,07-Mar-2026,"INR 1,507.51",Fraud Suspected,Customer complaint text unclear due to poor call center notes.,Pending Bank,1773080106,Low,IVR,150751.0,FRAUD,PENDING,TXN00009920,1507.51,False,1507.51,VALID_POSITIVE
CBK0000516,TXN00018193,USR63557,MCH 3988,24-Jan-2026,27/01/2026,-1923.55,Merchant Not Delivered,customer says transaction was not authorized.,Rejected,25/02/2026,LOW,App,-192355.0,DELIVERY_ISSUE,REJECTED,TXN00018193,-1923.55,True,,NEGATIVE_INVALID
CBK0000005,TXN00018300,USR55340,MCH6657,2026-03-23 18:36:28,2026/05/07,"INR 3,125.63",FRAUD,Customer complaint text unclear due to poor call center notes.,In Progress,18-May-2026,L,Branch,312563.0,FRAUD,IN_PROGRESS,TXN00018300,3125.63,False,3125.63,VALID_POSITIVE
CBK0001054,TXN00003450,USR95613,MCH4039,17/03/2026,19/03/2026 07:19 PM,-4925.7,no service,Payment made to unknown merchant as per customer statement. details missing,PENDING_BANK,,H,ivr,-49257.0,SERVICE_ISSUE,PENDING,TXN00003450,-4925.7,True,,NEGATIVE_INVALID
CBK0001344,TXN00018359,USR13263,MCH6933,2026/03/20,,Rs. 333,DUP_DEBIT,Customer says transaction was not authorized.,WIP,2026-04-14 15:20:52,LOW,CHATBOT,333.0,DUPLICATE_DEBIT,IN_PROGRESS,TXN00018359,333.0,False,333.0,VALID_POSITIVE
CBK0002380,TXN00007622,USR55947,7385,30/03/2026,04-02-2026,475.05,scam,Payment made to unknown merchant as per customer statement.,OPEN,,P3,App,47505.0,FRAUD,OPEN,TXN00007622,475.05,False,475.05,VALID_POSITIVE
CBK0000608,,USR-89430,MCH-6891,03/03/2026,2026/03/05,INR 947.39,merchant service issue,Customer complaint text unclear due to poor call center notes.,Rejected,,Low,App,94739.0,SERVICE_ISSUE,REJECTED,,947.39,False,947.39,VALID_POSITIVE
CBK0001080,TXN00014582,usr75735,MCH 7856,03-29-2026,2026/04/02,,unauthorized_transaction,User claims account was compromised before transaction.,In Progress,11-Apr-2026,P2,App,,UNAUTHORIZED_TRANSACTION,IN_PROGRESS,TXN00014582,,False,,MISSING
CBK0000624,TXN00000969,USR81017,MCH1148,2026-03-19 07:40:40,04-19-2026,"Rs. 6,622",Customer Dispute,Customer says amount was debited twice.,IN_PROGRESS,07-May-2026,P3,chatbot,6622.0,CUSTOMER_DISPUTE,IN_PROGRESS,TXN00000969,6622.0,False,6622.0,VALID_POSITIVE
CBK0002760,TXN00016683,usr_85320,MCH2780,1774748253,03-31-2026,8248.74,complaint,User claims account was compromised before transaction.,Closed,,M,chatbot,824874.0,CUSTOMER_DISPUTE,CLOSED,TXN00016683,8248.74,False,8248.74,VALID_POSITIVE
CBK0002387,TXN00004951,USR 76131,MCH1332,1772956264,09/03/2026 09:51 PM,2386.57,not done by me,Customer says amount was debited twice.,IN_PROGRESS,11/03/2026,P2,Call Center,238657.0,UNAUTHORIZED_TRANSACTION,IN_PROGRESS,TXN00004951,2386.57,False,2386.57,VALID_POSITIVE
CBK0000964,TXN00002933,USR-15536,MCH 3177,,01-27-2026,"INR 1,870.77",login compromised,User says UPI PIN was not entered by them.,Resolved,15/02/2026,P3,Branch,187077.0,ACCOUNT_TAKEOVER,RESOLVED,TXN00002933,1870.77,False,1870.77,VALID_POSITIVE
CBK0000137,TXN00005904,USR86701,MCH6915,31/03/2026 10:33 PM,03-31-2026,-953.16,amount mismatch,User claims account was compromised before txn.,Open,,HIGH,chatbot,-95316.0,AMOUNT_MISMATCH,OPEN,TXN00005904,-953.16,True,,NEGATIVE_INVALID
CBK0000230,TXN00008604,USR33056,MCH2822,1771645669,24/02/2026,-1527.8,Account Takeover,customer complaint text unclear due to poor call center notes.,PENDING_BANK,2026/03/16,High,CHATBOT,-15278.0,ACCOUNT_TAKEOVER,PENDING,TXN00008604,-1527.8,True,,NEGATIVE_INVALID
CBK0000451,TXN00007457,USR 71070,MCH9291,10/01/2026 08:18 AM,09/02/2026 01:18 PM,INR 838.90,complaint,Customer says transaction was not authorized.,IN_PROGRESS,11-Mar-2026,M,chatbot,83890.0,CUSTOMER_DISPUTE,IN_PROGRESS,TXN00007457,838.9,False,838.9,VALID_POSITIVE
CBK0002674,TXN00007519,USR53527,MCH8779,03-Mar-2026,2026/03/06,2490.54,no service,User claims account was compromised before transaction.,REJECTED,06-Mar-2026,L,IVR,249054.0,SERVICE_ISSUE,REJECTED,TXN00007519,2490.54,False,2490.54,VALID_POSITIVE
CBK0002748,TXN00006778,USR65191,MCH-1320,22/03/2026,04-02-2026,1282.1,Service Not Provided,Complaint received after multiple failed attempts.,RESOLVED,2026/04/05,MEDIUM,CHATBOT,12821.0,SERVICE_ISSUE,RESOLVED,TXN00006778,1282.1,False,1282.1,VALID_POSITIVE
CBK0002175,TXN00003542,USR95702,MCH6520,2026/03/18,20/03/2026 08:30 PM,"Rs. 1,085",FRAUD,Customer says transaction was not authorized.,Closed,2026-03-22 20:30:52,L,CHATBOT,1085.0,FRAUD,CLOSED,TXN00003542,1085.0,False,1085.0,VALID_POSITIVE
CBK0001676,TXN00013539,USR90288,MCH 8203,2026-02-09 10:20:56,24/02/2026,1619.34,merchant service issue,Complaint received after multiple failed attempts.,REJECTED,,Medium,App,161934.0,SERVICE_ISSUE,REJECTED,TXN00013539,1619.34,False,1619.34,VALID_POSITIVE
CBK0000753,TXN00011998,USR26558,3100,1769234076,09-Feb-2026,-1184.71,complaint,Merchant service was not delivered after payment.,REJECTED,2026-02-17 03:54:36,L,ivr,-118471.0,CUSTOMER_DISPUTE,REJECTED,TXN00011998,-1184.71,True,,NEGATIVE_INVALID
CBK0000690,TXN00016173,USR76780,MCH1506,2026/03/20,,8263.92,dispute raised,User claims account was compromised before transaction.,REJECTED,,L,CHATBOT,826392.0,CUSTOMER_DISPUTE,REJECTED,TXN00016173,8263.92,False,8263.92,VALID_POSITIVE
CBK0001492,TXN00008497,usr_96797,MCH9634,02-18-2026,20/02/2026,316.81,charged twice,Merchant service was not delivered after payment.,Closed,,Low,App,31681.0,CHARGED TWICE,CLOSED,TXN00008497,316.81,False,316.81,VALID_POSITIVE
CBK0001022,TXN00016644,USR60881,MCH7777,01-21-2026,01-26-2026,Rs. 898,fraud,Customer says amount was debited twice.,Resolved,2026/01/27,HIGH,CHATBOT,898.0,FRAUD,RESOLVED,TXN00016644,898.0,False,898.0,VALID_POSITIVE
CBK0000930,TXN00014399,USR39029,MCH4790,04/03/2026 02:44 PM,06/03/2026,388.39,delivery issue,Customer says transaction was not authorized.,In Progress,27/03/2026 03:44 PM,Medium,App,38839.0,DELIVERY_ISSUE,IN_PROGRESS,TXN00014399,388.39,False,388.39,VALID_POSITIVE
CBK0002331,TXN00009831,USR80038,MCH-3995,01-08-2026,01-09-2026,"₹2,727.04",account hacked,Merchant service was not delivered after payment.,IN_PROGRESS,03-Feb-2026,MEDIUM,App,272704.0,ACCOUNT_TAKEOVER,IN_PROGRESS,TXN00009831,2727.04,False,2727.04,VALID_POSITIVE
CBK0002057,TXN00004888,USR31743,MCH9344,03-31-2026,2026/04/01,1625.15,Service Not Provided,Merchant service was not delivered after payment.,Pending Bank,28/04/2026,CRITICAL,Call Center,162515.0,SERVICE_ISSUE,PENDING,TXN00004888,1625.15,False,1625.15,VALID_POSITIVE
CBK0001465,TXN00004507,USR-77990,MCH9291,21-Jan-2026,21-Jan-2026,"Rs. 2,320",delivery issue,Merchant service was not delivered after payment.,OPEN,,MEDIUM,Branch,2320.0,DELIVERY_ISSUE,OPEN,TXN00004507,2320.0,False,2320.0,VALID_POSITIVE
CBK0000658,TXN00005761,USR70617,MCH5954,10/03/2026 09:34 PM,1773815655,3582.63,Service Not Provided,User claims account was compromised before transaction.,OPEN,2026-03-18 06:34:15,Low,ivr,358263.0,SERVICE_ISSUE,OPEN,TXN00005761,3582.63,False,3582.63,VALID_POSITIVE
CBK0000712,TXN00007650,USR 28000,MCH5690,03-23-2026,25/03/2026,316.55,item not received,user reports money deducted but merchant denies receiving payment.,Rejected,2026-04-06 00:03:10,P2,chatbot,31655.0,DELIVERY_ISSUE,REJECTED,TXN00007650,316.55,False,316.55,VALID_POSITIVE
CBK0001067,TXN00000175,USR 32382,MCH4962,02-23-2026,2026/03/10,"1,092.58",amount mismatch,Merchant service was not delivered after payment.,RESOLVED,04-07-2026,High,IVR,109258.0,AMOUNT_MISMATCH,RESOLVED,TXN00000175,1092.58,False,1092.58,VALID_POSITIVE
CBK0001242,TXN00014086,USR37902,MCH3159,29/03/2026,04-01-2026,"3,184.90",charged twice,Complaint received after multiple failed attempts.,REJECTED,25/04/2026,M,Email,318490.0,CHARGED TWICE,REJECTED,TXN00014086,3184.9,False,3184.9,VALID_POSITIVE
CBK0000156,TXN00018659,USR-96218,MCH5609,2026/02/15,21/02/2026,"₹4,959.68",DUP_DEBIT,Payment made to unknown merchant as per customer statement. details missing,Resolved,1772704518,CRIT,Branch,495968.0,DUPLICATE_DEBIT,RESOLVED,TXN00018659,4959.68,False,4959.68,VALID_POSITIVE
CBK0002682,TXN00000762,USR34180,MCH9565,,02-21-2026,"1,083.40",DUP_DEBIT,payment made to unknown merchant as per customer statement.,Resolved,,HIGH,ivr,108340.0,DUPLICATE_DEBIT,RESOLVED,TXN00000762,1083.4,False,1083.4,VALID_POSITIVE
CBK0001336,TXN00004804,USR40908,MCH-2509,2026-01-06 06:55:18,08-Jan-2026,12097.84,Unauthorized Transaction,Merchant service was not delivered after payment.,Closed,1768355718,HIGH,chatbot,1209784.0,UNAUTHORIZED_TRANSACTION,CLOSED,TXN00004804,12097.84,False,12097.84,VALID_POSITIVE
CBK0002092,txn-00011140,USR70317,MCH 3807,19/01/2026,2026/01/19,"1,790.94",Service Not Provided,User claims account was compromised before transaction.,Pending Bank,,M,App,179094.0,SERVICE_ISSUE,PENDING,TXN-00011140,1790.94,False,1790.94,VALID_POSITIVE
CBK0001282,TXN32415,USR 99611,MCH2266,2026/02/23,24/02/2026,23005.71,no service,User says UPI PIN was not entered by them.,REJECTED,07-Mar-2026,Medium,CHATBOT,2300571.0,SERVICE_ISSUE,REJECTED,TXN32415,23005.71,False,23005.71,VALID_POSITIVE
CBK0000168,TXN00010651,USR97772,mch4642,2026/01/19,02-03-2026,,not done by me,Suspicious high-value payment disputed by customer.,PENDING_BANK,2026-03-03 13:11:35,HIGH,chatbot,,UNAUTHORIZED_TRANSACTION,PENDING,TXN00010651,,False,,MISSING
CBK0001926,TXN00019983,USR24168,MCH3909,1773703539,01/04/2026,8084.93,Duplicate Debit,User says UPI PIN was not entered by them.,Rejected,01/05/2026,HIGH,Branch,808493.0,DUPLICATE_DEBIT,REJECTED,TXN00019983,8084.93,False,8084.93,VALID_POSITIVE
CBK0002727,TXN00004731,USR24341,MCH1965,20/03/2026,21/03/2026,"Rs. 1,385",account hacked,Customer says amount was debited twice.,REJECTED,25-Mar-2026,H,Email,1385.0,ACCOUNT_TAKEOVER,REJECTED,TXN00004731,1385.0,False,1385.0,VALID_POSITIVE
CBK0000532,TXN00006252,USR 15564,MCH-6116,2026-01-21 15:31:58,01-22-2026,Rs. 408,incorrect amount,merchant service was not delivered after payment.,In Progress,,High,Branch,408.0,AMOUNT_MISMATCH,IN_PROGRESS,TXN00006252,408.0,False,408.0,VALID_POSITIVE
CBK0001089,TXN00006872,USR78604,MCH7810,05/01/2026,21-Jan-2026,,Merchant Not Delivered,Payment made to unknown merchant as per customer statement.,IN_PROGRESS,01-21-2026,L,ivr,,DELIVERY_ISSUE,IN_PROGRESS,TXN00006872,,False,,MISSING
CBK0000635,TXN00003242,USR34180,mch2159,03-22-2026,,"₹1,561.56",amount mismatch,suspicious high-value payment disputed by customer.,Closed,,LOW,Branch,156156.0,AMOUNT_MISMATCH,CLOSED,TXN00003242,1561.56,False,1561.56,VALID_POSITIVE
CBK0000650,TXN00004880,USR-34311,mch2209,2026/02/21,23-Feb-2026,-512.66,unauthorized_transaction,Customer complaint text unclear due to poor call center notes.,Rejected,,CRIT,Branch,-51266.0,UNAUTHORIZED_TRANSACTION,REJECTED,TXN00004880,-512.66,True,,NEGATIVE_INVALID
CBK0001889,TXN00013593,usr_10480,MCH7251,1769686105,02-01-2026,₹792.99,login compromised,User reports money deducted but merchant denies receiving payment. pls check asap,Open,01/02/2026 12:28 AM,M,IVR,79299.0,ACCOUNT_TAKEOVER,OPEN,TXN00013593,792.99,False,792.99,VALID_POSITIVE
CBK0002662,TXN00001805,USR-29306,MCH5624,20-Jan-2026,21-Jan-2026,692.55,complaint,Suspicious high-value payment disputed by customer.,REJECTED,02-18-2026,P3,CHATBOT,69255.0,CUSTOMER_DISPUTE,REJECTED,TXN00001805,692.55,False,692.55,VALID_POSITIVE
CBK0000123,TXN00016267,USR85507,MCH6810,05-Feb-2026,07/03/2026,"Rs. 1,756",not done by me,User claims account was compromised before transaction.,Resolved,,HIGH,Branch,1756.0,UNAUTHORIZED_TRANSACTION,RESOLVED,TXN00016267,1756.0,False,1756.0,VALID_POSITIVE
CBK0000629,TXN00003543,USR61351,MCH4181,15/01/2026 11:05 AM,2026-01-19 08:05:34,15742.98,charged twice,User claims account was compromised before transaction.,Resolved,09/02/2026 08:05 AM,P4,chatbot,1574298.0,CHARGED TWICE,RESOLVED,TXN00003543,15742.98,False,15742.98,VALID_POSITIVE
CBK0001701,TXN00006191,USR 79175,MCH 8752,02-25-2026,1772133245,₹426.17,customer issue,Customer says amount was debited twice. pls check asap,PENDING_BANK,01-Mar-2026,P4,Call Center,42617.0,CUSTOMER_DISPUTE,PENDING,TXN00006191,426.17,False,426.17,VALID_POSITIVE
CBK0001491,TXN00017193,USR16478,MCH4709,2026/03/31,03-Apr-2026,"2,406.17",not done by me,payment made to unknown merchant as per customer statement.,In Progress,27/04/2026,Medium,ivr,240617.0,UNAUTHORIZED_TRANSACTION,IN_PROGRESS,TXN00017193,2406.17,False,2406.17,VALID_POSITIVE
CBK0002256,TXN00009782,USR19885,MCH8154,17/03/2026,03-22-2026,"INR 6,347.69",not done by me,Merchant service was not delivered after payment. NA,WIP,2026/04/21,P2,IVR,634769.0,UNAUTHORIZED_TRANSACTION,IN_PROGRESS,TXN00009782,6347.69,False,6347.69,VALID_POSITIVE
CBK0000187,TXN00008581,usr85112,MCH9415,2026/02/25,2026-02-28 07:16:11,-562.07,dispute raised,Payment made to unknown merchant as per customer statement.,IN_PROGRESS,,Medium,ivr,-56207.0,CUSTOMER_DISPUTE,IN_PROGRESS,TXN00008581,-562.07,True,,NEGATIVE_INVALID
CBK0001359,txn-00003338,USR91595,MCH3957,2026-02-16 15:19:43,1771402783,8032.32,login compromised,Payment made to unknown merchant as per customer statement.,WIP,,Medium,IVR,803232.0,ACCOUNT_TAKEOVER,IN_PROGRESS,TXN-00003338,8032.32,False,8032.32,VALID_POSITIVE
CBK0002132,TXN00011912,USR73010,MCH4590,,2026/03/29,"₹2,559.27",UNAUTHORISED,USER CLAIMS ACCOUNT WAS COMPROMISED BEFORE TRANSACTION.,CLOSED,04-28-2026,LOW,Call Center,255927.0,UNAUTHORIZED_TRANSACTION,CLOSED,TXN00011912,2559.27,False,2559.27,VALID_POSITIVE
CBK0001583,TXN00015176,USR 41858,MCH3750,19/03/2026,,₹519.74,fraud,Customer says amount was debited twice.,IN_PROGRESS,03/04/2026 11:07 AM,P1,Email,51974.0,FRAUD,IN_PROGRESS,TXN00015176,519.74,False,519.74,VALID_POSITIVE
CBK0001503,TXN00007523,USR30103,MCH7139,14/02/2026 10:06 AM,2026/02/20,2702.06,delivery issue,MERCHANT SERVICE WAS NOT DELIVERED AFTER PAYMENT.,RESOLVED,12/03/2026 09:06 AM,P3,App,270206.0,DELIVERY_ISSUE,RESOLVED,TXN00007523,2702.06,False,2702.06,VALID_POSITIVE
CBK0000859,TXN00018489,USR33856,MCH5110,2026-02-10 23:21:44,14/02/2026 07:21 PM,267.92,FRAUD,User claims account was compromised before transaction. NA,RESOLVED,,H,Email,26792.0,FRAUD,RESOLVED,TXN00018489,267.92,False,267.92,VALID_POSITIVE
CBK0002080,TXN00006502,usr_17290,MCH6230,13/01/2026,16/01/2026,-1120.78,incorrect amount,Suspicious high-value payment disputed by cust.,OPEN,,Critical,chatbot,-112078.0,AMOUNT_MISMATCH,OPEN,TXN00006502,-1120.78,True,,NEGATIVE_INVALID
CBK0002570,TXN00001810,USR35882,mch8953,04-Feb-2026,02-06-2026,"Rs. 6,930",Account Takeover,Suspicious high-value payment disputed by cust.,Rejected,04/03/2026,LOW,Call Center,6930.0,ACCOUNT_TAKEOVER,REJECTED,TXN00001810,6930.0,False,6930.0,VALID_POSITIVE
CBK0001989,TXN00003059,usr39665,mch4473,2026-02-06 23:35:35,08/02/2026,3807.73,service failed,Customer says amount was debited twice.,RESOLVED,2026/02/15,High,ivr,380773.0,SERVICE_ISSUE,RESOLVED,TXN00003059,3807.73,False,3807.73,VALID_POSITIVE
CBK0000603,TXN00004425,USR95812,MCH6075,27/02/2026 02:24 AM,01-Mar-2026,"Rs. 1,305",not done by me,Payment made to unknown merchant as per customer statement.,RESOLVED,12/03/2026,High,chatbot,1305.0,UNAUTHORIZED_TRANSACTION,RESOLVED,TXN00004425,1305.0,False,1305.0,VALID_POSITIVE
CBK0000334,TXN00015310,USR 19151,MCH8434,1772884307,2026-03-17 20:51:47,3904.6,delivery issue,Suspicious high-value payment disputed by customer.,In Progress,,P4,CHATBOT,39046.0,DELIVERY_ISSUE,IN_PROGRESS,TXN00015310,3904.6,False,3904.6,VALID_POSITIVE
CBK0001136,TXN00008134,USR 44953,MCH2383,05/02/2026,2026-02-07 13:04:31,388.91,suspicious transaction,USER REPORTS MONEY DEDUCTED BUT MERCHANT DENIES RECEIVING PAYMENT.,Resolved,13-Feb-2026,MEDIUM,chatbot,38891.0,FRAUD,RESOLVED,TXN00008134,388.91,False,388.91,VALID_POSITIVE
CBK0000404,TXN00007870,usr_76645,MCH7161,2026/01/28,1770314871,1860.61,Duplicate Debit,User reports money deducted but merchant denies receiving payment.,WIP,17/02/2026 06:07 PM,HIGH,Email,186061.0,DUPLICATE_DEBIT,IN_PROGRESS,TXN00007870,1860.61,False,1860.61,VALID_POSITIVE
CBK0002404,TXN00001110,USR-78155,MCH 9798,03-12-2026,1773474297,-1498.49,item not received,Suspicious high-value payment disputed by customer.,Open,,P2,App,-149849.0,DELIVERY_ISSUE,OPEN,TXN00001110,-1498.49,True,,NEGATIVE_INVALID
CBK0001323,TXN00006391,USR57255,MCH 5076,11/01/2026,12/01/2026 12:11 AM,"₹9,215.86",fraud,user says upi pin was not entered by them.,Resolved,15/01/2026,P3,IVR,921586.0,FRAUD,RESOLVED,TXN00006391,9215.86,False,9215.86,VALID_POSITIVE
CBK0002176,,USR69196,MCH8627,,14/01/2026,"1,168.54",service failed,Suspicious high-value payment disputed by cust.,CLOSED,14/01/2026 12:57 PM,HIGH,Email,116854.0,SERVICE_ISSUE,CLOSED,,1168.54,False,1168.54,VALID_POSITIVE
CBK0001840,TXN00009647,USR 97772,mch5655,07-Feb-2026,22/02/2026,878.05,charged twice,Customer says amount was debited twice.,Rejected,2026/02/26,H,Branch,87805.0,CHARGED TWICE,REJECTED,TXN00009647,878.05,False,878.05,VALID_POSITIVE
CBK0001888,TXN00004061,USR-77659,MCH 4909,2026/02/10,12/03/2026 06:31 PM,"Rs. 2,090",customer issue,Customer says transaction was not authorized.,CLOSED,09-Apr-2026,LOW,ivr,2090.0,CUSTOMER_DISPUTE,CLOSED,TXN00004061,2090.0,False,2090.0,VALID_POSITIVE
CBK0001647,TXN94322,USR55487,MCH7879,1774510037,29/03/2026,2530.5,item not received,Customer says transaction was not authorized.,REJECTED,31-Mar-2026,MEDIUM,Email,25305.0,DELIVERY_ISSUE,REJECTED,TXN94322,2530.5,False,2530.5,VALID_POSITIVE
CBK0002578,txn-00001675,USR84061,MCH6798,03-31-2026,03/04/2026 11:48 AM,994.02,service failed,user reports money deducted but merchant denies receiving payment.,In Progress,,MEDIUM,IVR,99402.0,SERVICE_ISSUE,IN_PROGRESS,TXN-00001675,994.02,False,994.02,VALID_POSITIVE
CBK0001203,TXN00014456,usr_61761,mch8619,20/02/2026,1772246805,14382.17,delivery issue,Complaint received after multiple failed attempts.,WIP,2026/03/05,P4,ivr,1438217.0,DELIVERY_ISSUE,IN_PROGRESS,TXN00014456,14382.17,False,14382.17,VALID_POSITIVE
CBK0000749,TXN00006304,USR30630,MCH3257,09-Jan-2026,23-Feb-2026,4194.32,dispute raised,suspicious high-value payment disputed by customer.,IN_PROGRESS,,Critical,chatbot,419432.0,CUSTOMER_DISPUTE,IN_PROGRESS,TXN00006304,4194.32,False,4194.32,VALID_POSITIVE
CBK0001592,TXN00015183,USR24536,MCH2785,2026/02/07,2026-02-09 14:27:41,4195.81,merchant service issue,Suspicious high-value payment disputed by customer.,RESOLVED,27-Feb-2026,P3,Email,419581.0,SERVICE_ISSUE,RESOLVED,TXN00015183,4195.81,False,4195.81,VALID_POSITIVE
CBK0002001,TXN00008475,usr51720,2020,2026-03-03 13:24:10,2026/04/17,877.69,dispute raised,User says UPI PIN was not entered by them.,CLOSED,,M,Call Center,87769.0,CUSTOMER_DISPUTE,CLOSED,TXN00008475,877.69,False,877.69,VALID_POSITIVE
CBK0002459,TXN00000155,USR35867,mch6729,2026/03/08,2026-03-11 02:18:17,"₹1,535.06",unauthorized_transaction,Merchant service was not delivered after payment.,PENDING_BANK,12/03/2026 02:18 AM,Medium,CHATBOT,153506.0,UNAUTHORIZED_TRANSACTION,PENDING,TXN00000155,1535.06,False,1535.06,VALID_POSITIVE
CBK0000417,TXN00009167,USR29544,MCH8956,2026/01/08,12-Jan-2026,INR 239.91,charged twice,customer complaint text unclear due to poor call center notes.,Open,,Low,chatbot,23991.0,CHARGED TWICE,OPEN,TXN00009167,239.91,False,239.91,VALID_POSITIVE
CBK0002102,TXN00013496,USR24429,MCH1159,2026/02/21,23/02/2026 03:39 AM,"INR 3,536.59",no service,customer says amount was debited twice.,CLOSED,18-Mar-2026,Low,ivr,353659.0,SERVICE_ISSUE,CLOSED,TXN00013496,3536.59,False,3536.59,VALID_POSITIVE
CBK0000348,TXN00003338,USR78803,MCH4683,2026/01/26,29/01/2026 01:18 AM,,no service,Customer complaint text unclear due to poor call center notes. urgent,CLOSED,2026-02-22 01:18:55,Medium,CHATBOT,,SERVICE_ISSUE,CLOSED,TXN00003338,,False,,MISSING
CBK0002729,TXN00000967,USR30147,MCH6792,22-Jan-2026,24-Jan-2026,"INR 1,780.33",ATO,Suspicious high-value payment disputed by customer.,Open,15/02/2026,CRIT,CHATBOT,178033.0,ACCOUNT_TAKEOVER,OPEN,TXN00000967,1780.33,False,1780.33,VALID_POSITIVE
CBK0000196,TXN00005107,USR33769,MCH4914,01-04-2026,2026-01-12 05:57:59,"Rs. 1,023",item not received,User claims account was compromised before transaction.,PENDING_BANK,23/01/2026,M,Branch,1023.0,DELIVERY_ISSUE,PENDING,TXN00005107,1023.0,False,1023.0,VALID_POSITIVE
CBK0000173,TXN00013826,31453,MCH4581,1769264426,28/01/2026 04:20 AM,-1245.39,dispute raised,User says UPI PIN was not entered by them.,CLOSED,,P4,Branch,-124539.0,CUSTOMER_DISPUTE,CLOSED,TXN00013826,-1245.39,True,,NEGATIVE_INVALID
CBK0000457,TXN00009823,USR84334,MCH-7202,2026-01-27 16:44:22,31/01/2026,17825.75,FRAUD,Merchant service was not delivered after payment.,Closed,1771731862,L,Call Center,1782575.0,FRAUD,CLOSED,TXN00009823,17825.75,False,17825.75,VALID_POSITIVE
CBK0000398,TXN00005767,USR26707,MCH3494,2026-02-22 10:29:35,24/02/2026,3275.35,fraud,Merchant service was not delivered after payment.,CLOSED,,L,CHATBOT,327535.0,FRAUD,CLOSED,TXN00005767,3275.35,False,3275.35,VALID_POSITIVE
CBK0001164,TXN00001699,USR-11287,MCH1963,02-28-2026,,"Rs. 1,995",no service,User claims account was compromised before transaction.,Closed,,Low,IVR,1995.0,SERVICE_ISSUE,CLOSED,TXN00001699,1995.0,False,1995.0,VALID_POSITIVE
CBK0000207,TXN00007495,USR-47962,MCH4241,12/02/2026 04:45 PM,02-13-2026,"Rs. 1,520",scam,Complaint received after multiple failed attempts.,OPEN,,P4,CHATBOT,1520.0,FRAUD,OPEN,TXN00007495,1520.0,False,1520.0,VALID_POSITIVE
CBK0002710,TXN00004746,USR68670,MCH1335,2026/03/19,22/03/2026,579.06,UNAUTHORISED,Customer says transaction was not authorized.,Pending Bank,03-26-2026,HIGH,Branch,57906.0,UNAUTHORIZED_TRANSACTION,PENDING,TXN00004746,579.06,False,579.06,VALID_POSITIVE
CBK0001751,TXN00008083,USR63649,MCH3815,05-Jan-2026,11/01/2026,"INR 2,354.56",customer issue,User says UPI PIN was not entered by them. pls check asap,OPEN,,HIGH,App,235456.0,CUSTOMER_DISPUTE,OPEN,TXN00008083,2354.56,False,2354.56,VALID_POSITIVE
CBK0001150,TXN00007644,USR73279,MCH8154,01-Feb-2026,04/02/2026,"₹1,173.01",incorrect amount,Suspicious high-value payment disputed by customer.,Pending Bank,19/02/2026 04:53 PM,MEDIUM,Call Center,117301.0,AMOUNT_MISMATCH,PENDING,TXN00007644,1173.01,False,1173.01,VALID_POSITIVE
CBK0001021,TXN00019145,USR95181,MCH 9291,01/03/2026,2026/04/16,"Rs. 10,111",charged twice,User says UPI PIN was not entered by them. call dropped,Open,2026/05/10,M,Branch,10111.0,CHARGED TWICE,OPEN,TXN00019145,10111.0,False,10111.0,VALID_POSITIVE
CBK0000932,TXN00003371,usr26201,MCH2614,,26-Mar-2026,₹737.83,fraud,Complaint received after multiple failed attempts.,PENDING_BANK,,L,Call Center,73783.0,FRAUD,PENDING,TXN00003371,737.83,False,737.83,VALID_POSITIVE
CBK0001699,TXN00018943,USR65069,MCH-1007,27/01/2026 11:40 AM,2026-01-24 11:40:43,2326.89,not delivered,Payment made to unknown merchant as per customer statement.,CLOSED,,L,App,232689.0,DELIVERY_ISSUE,CLOSED,TXN00018943,2326.89,False,2326.89,VALID_POSITIVE
CBK0002373,TXN00018837,USR94106,MCH4774,1768796026,18/01/2026 04:13 AM,"INR 1,260.53",extra amount deducted,User says UPI PIN was not entered by them.,Closed,01-23-2026,High,CHATBOT,126053.0,AMOUNT_MISMATCH,CLOSED,TXN00018837,1260.53,False,1260.53,VALID_POSITIVE
CBK0001046,TXN00007145,USR24536,mch5712,2026/02/02,10-Feb-2026,5884.78,Account Takeover,user says upi pin was not entered by them.,OPEN,13-Feb-2026,P4,chatbot,588478.0,ACCOUNT_TAKEOVER,OPEN,TXN00007145,5884.78,False,5884.78,VALID_POSITIVE
CBK0002267,txn-00006416,USR70102,MCH2266,25/02/2026,01/03/2026,"Rs. 4,872",Merchant Not Delivered,User says UPI PIN was not entered by them.,REJECTED,2026-03-13 05:44:47,Medium,CHATBOT,4872.0,DELIVERY_ISSUE,REJECTED,TXN-00006416,4872.0,False,4872.0,VALID_POSITIVE
CBK0001191,TXN00010675,USR-42733,MCH1665,1769197580,1769510780,268.44,delivery issue,Payment made to unknown merchant as per customer statement.,Pending Bank,2026/02/07,MEDIUM,Email,26844.0,DELIVERY_ISSUE,PENDING,TXN00010675,268.44,False,268.44,VALID_POSITIVE
CBK0001431,TXN00007758,USR37892,MCH3288,31/03/2026 05:38 AM,03-Apr-2026,"Rs. 1,550",Unauthorized Transaction,Customer complaint text unclear due to poor call center notes.,Rejected,,LOW,chatbot,1550.0,UNAUTHORIZED_TRANSACTION,REJECTED,TXN00007758,1550.0,False,1550.0,VALID_POSITIVE
CBK0000890,TXN81593,USR53996,MCH6810,30/01/2026,1769909711,5676.76,not done by me,CUSTOMER COMPLAINT TEXT UNCLEAR DUE TO POOR CALL CENTER NOTES.,Rejected,02-16-2026,Medium,CHATBOT,567676.0,UNAUTHORIZED_TRANSACTION,REJECTED,TXN81593,5676.76,False,5676.76,VALID_POSITIVE
CBK0000670,TXN00016465,USR33934,MCH8836,08-Jan-2026,11/01/2026 02:41 PM,"INR 1,819.68",Customer Dispute,Merchant service was not delivered after payment.,Closed,08/02/2026,P2,ivr,181968.0,CUSTOMER_DISPUTE,CLOSED,TXN00016465,1819.68,False,1819.68,VALID_POSITIVE
CBK0001602,TXN00000594,USR37916,MCH4233,26/03/2026,1774975888,"INR 2,315.48",delivery issue,Customer complaint text unclear due to poor call center notes.,Pending Bank,22/04/2026,M,App,231548.0,DELIVERY_ISSUE,PENDING,TXN00000594,2315.48,False,2315.48,VALID_POSITIVE
CBK0000279,TXN00010238,USR46321,MCH7943,23/02/2026,28/02/2026,581.00,dispute raised,Complaint received after multiple failed attempts.,Pending Bank,19/03/2026 01:37 PM,P3,Email,58100.0,CUSTOMER_DISPUTE,PENDING,TXN00010238,581.0,False,581.0,VALID_POSITIVE
CBK0001915,TXN00018105,USR32861,MCH3151,1774387389,2026-03-25 03:23:09,2703.6,item not received,Merchant service was not delivered after payment.,Resolved,04-15-2026,P4,ivr,27036.0,DELIVERY_ISSUE,RESOLVED,TXN00018105,2703.6,False,2703.6,VALID_POSITIVE
CBK0002444,TXN00009188,USR 76636,MCH1089,18-Mar-2026,21/03/2026,542.9,extra amount deducted,Suspicious high-value payment disputed by customer.,Resolved,,M,CHATBOT,5429.0,AMOUNT_MISMATCH,RESOLVED,TXN00009188,542.9,False,542.9,VALID_POSITIVE
CBK0001274,TXN00004896,USR36343,mch7286,03/01/2026,2026-01-04 15:56:05,1770.17,complaint,Complaint received after multiple failed attempts. NA,IN_PROGRESS,2026-02-01 15:56:05,Low,chatbot,177017.0,CUSTOMER_DISPUTE,IN_PROGRESS,TXN00004896,1770.17,False,1770.17,VALID_POSITIVE
CBK0002397,TXN00012053,USR24199,mch9610,01-05-2026,1768320915,"₹1,200.13",UNAUTHORISED,Complaint received after multiple failed attempts.,RESOLVED,2026-01-19 16:15:15,P1,App,120013.0,UNAUTHORIZED_TRANSACTION,RESOLVED,TXN00012053,1200.13,False,1200.13,VALID_POSITIVE
CBK0000086,TXN00005603,USR63109,MCH4810,1771787371,,"Rs. 2,652",FRAUD,Customer complaint text unclear due to poor call center notes.,IN_PROGRESS,2026-03-22 11:09:31,MEDIUM,App,2652.0,FRAUD,IN_PROGRESS,TXN00005603,2652.0,False,2652.0,VALID_POSITIVE
CBK0002277,TXN00018308,usr_67602,MCH2667,08-Mar-2026,1773243904,"Rs. 5,058",item not received,user reports money deducted but merchant denies receiving payment.,IN_PROGRESS,2026-03-17 15:45:04,High,Branch,5058.0,DELIVERY_ISSUE,IN_PROGRESS,TXN00018308,5058.0,False,5058.0,VALID_POSITIVE
CBK0000252,TXN00019048,USR 59747,MCH 4772,08/01/2026,14-Jan-2026,"INR 1,913.71",charged twice,User says UPI PIN was not entered by them.,CLOSED,,High,App,191371.0,CHARGED TWICE,CLOSED,TXN00019048,1913.71,False,1913.71,VALID_POSITIVE
CBK0001549,TXN00005488,USR93167,MCH5584,2026-01-30 17:57:10,2026/02/01,8967.32,item not received,User says UPI PIN was not entered by them.,RESOLVED,15-Feb-2026,MEDIUM,Branch,896732.0,DELIVERY_ISSUE,RESOLVED,TXN00005488,8967.32,False,8967.32,VALID_POSITIVE
CBK0001577,TXN00017992,USR54208,mch5397,11/03/2026 11:07 AM,22/03/2026 01:07 AM,"Rs. 1,697",Merchant Not Delivered,Customer says transaction was not authorized.,Rejected,26/03/2026 01:07 AM,L,App,1697.0,DELIVERY_ISSUE,REJECTED,TXN00017992,1697.0,False,1697.0,VALID_POSITIVE
CBK0000373,TXN00004759,USR20337,MCH7924,15-Mar-2026,17-Mar-2026,"₹1,027.78",merchant service issue,MERCHANT SERVICE WAS NOT DELIVERED AFTER PAYMENT.,Resolved,06-Apr-2026,LOW,Call Center,102778.0,SERVICE_ISSUE,RESOLVED,TXN00004759,1027.78,False,1027.78,VALID_POSITIVE
CBK0002679,,USR-57460,6850,02-27-2026,05-Mar-2026,"Rs. 1,271",incorrect amount,user says upi pin was not entered by them.,REJECTED,,P2,CHATBOT,1271.0,AMOUNT_MISMATCH,REJECTED,,1271.0,False,1271.0,VALID_POSITIVE
CBK0001318,TXN00018753,USR85507,mch8154,2026-03-24 02:53:33,27/03/2026 11:53 AM,"Rs. 12,010",DUP_DEBIT,Customer says amount was debited twice.,WIP,17/04/2026,Low,IVR,12010.0,DUPLICATE_DEBIT,IN_PROGRESS,TXN00018753,12010.0,False,12010.0,VALID_POSITIVE
CBK0001208,TXN00012998,USR22898,MCH2079,01-11-2026,01-13-2026,"INR 1,570.15",account hacked,Customer says amount was debited twice.,Rejected,08-Feb-2026,H,Branch,157015.0,ACCOUNT_TAKEOVER,REJECTED,TXN00012998,1570.15,False,1570.15,VALID_POSITIVE
CBK0001350,TXN00011858,usr_37820,MCH2269,2026/02/09,02-11-2026,"INR 2,135.97",unauth txn,USER SAYS UPI PIN WAS NOT ENTERED BY THEM.,Rejected,2026-02-25 21:28:08,LOW,Branch,213597.0,UNAUTHORIZED_TRANSACTION,REJECTED,TXN00011858,2135.97,False,2135.97,VALID_POSITIVE
CBK0001845,TXN00012951,39002,MCH4473,04/03/2026 02:44 PM,12/03/2026,"Rs. 2,826",Customer Dispute,User reports money deducted but merchant denies receiving payment.,Resolved,04-05-2026,P4,Email,2826.0,CUSTOMER_DISPUTE,RESOLVED,TXN00012951,2826.0,False,2826.0,VALID_POSITIVE
CBK0002193,TXN00017969,USR83235,MCH2137,2026-03-29 15:46:42,09/04/2026,"Rs. 2,501",suspicious transaction,suspicious high-value payment disputed by customer.,OPEN,,P3,App,2501.0,FRAUD,OPEN,TXN00017969,2501.0,False,2501.0,VALID_POSITIVE
CBK0000773,TXN45816,USR87981,MCH5252,05-Jan-2026,01-09-2026,2928.28,ATO,Complaint received after multiple failed attempts.,CLOSED,16/01/2026,High,App,292828.0,ACCOUNT_TAKEOVER,CLOSED,TXN45816,2928.28,False,2928.28,VALID_POSITIVE
CBK0002632,TXN00019581,USR-34162,MCH8433,2026-03-25 10:24:30,30/03/2026,"INR 1,017.95",service failed,Payment made to unknown merchant as per customer statement.,Resolved,,P4,Call Center,101795.0,SERVICE_ISSUE,RESOLVED,TXN00019581,1017.95,False,1017.95,VALID_POSITIVE
CBK0000242,,USR-53192,MCH9729,13/02/2026 09:46 AM,2026-02-16 08:46:14,1995.28,Duplicate Debit,Merchant service was not delivered after payment.,RESOLVED,04/03/2026,P3,App,199528.0,DUPLICATE_DEBIT,RESOLVED,,1995.28,False,1995.28,VALID_POSITIVE
CBK0001747,TXN00019644,USR88037,MCH 1186,2026/02/04,2026/02/03,"INR 1,335.62",Merchant Not Delivered,Complaint received after multiple failed attempts.,OPEN,26-Feb-2026,L,Call Center,133562.0,DELIVERY_ISSUE,OPEN,TXN00019644,1335.62,False,1335.62,VALID_POSITIVE
CBK0001423,TXN00013720,USR97580,MCH8999,15-Jan-2026,,"₹4,933.23",suspicious transaction,Complaint received after multiple failed attempts.,Pending Bank,02-Feb-2026,LOW,Branch,493323.0,FRAUD,PENDING,TXN00013720,4933.23,False,4933.23,VALID_POSITIVE
CBK0000968,TXN00014316,USR84719,MCH9295,2026-03-12 14:49:08,2026-03-16 06:49:08,1017.0,Service Not Provided,suspicious high-value payment disputed by customer.,OPEN,17-Mar-2026,Low,Email,10170.0,SERVICE_ISSUE,OPEN,TXN00014316,1017.0,False,1017.0,VALID_POSITIVE
CBK0001372,TXN00001655,USR64263,MCH2054,2026-03-28 13:08:53,07/04/2026,"Rs. 2,589",unauthorized_transaction,customer complaint text unclear due to poor call center notes.,CLOSED,16-Apr-2026,Critical,Email,2589.0,UNAUTHORIZED_TRANSACTION,CLOSED,TXN00001655,2589.0,False,2589.0,VALID_POSITIVE
CBK0000157,TXN00016322,USR89473,2014,26/02/2026,28/02/2026 12:37 AM,"Rs. 1,512",delivery issue,USER REPORTS MONEY DEDUCTED BUT MERCHANT DENIES RECEIVING PAYMENT.,Resolved,04/03/2026,LOW,Branch,1512.0,DELIVERY_ISSUE,RESOLVED,TXN00016322,1512.0,False,1512.0,VALID_POSITIVE
CBK0000605,TXN00000166,USR94647,MCH7247,2026-03-17 13:12:37,2026/03/22,₹913.38,ATO,User claims account was compromised before transaction.,RESOLVED,03-28-2026,P2,App,91338.0,ACCOUNT_TAKEOVER,RESOLVED,TXN00000166,913.38,False,913.38,VALID_POSITIVE
CBK0001856,TXN50572,USR56512,MCH3100,23/01/2026,2026/02/03,,Duplicate Debit,Complaint received after multiple failed attempts.,In Progress,02/03/2026 12:12 PM,P1,App,,DUPLICATE_DEBIT,IN_PROGRESS,TXN50572,,False,,MISSING
CBK0002401,TXN00013900,USR24536,MCH1762,23/01/2026 04:34 AM,01-25-2026,"₹1,310.19",charged twice,Merchant service was not delivered after payment.,WIP,,P3,chatbot,131019.0,CHARGED TWICE,IN_PROGRESS,TXN00013900,1310.19,False,1310.19,VALID_POSITIVE
CBK0002446,TXN00018937,USR49318,MCH5980,03/01/2026,14/01/2026,1097.4,merchant service issue,user says upi pin was not entered by them.,CLOSED,23/01/2026 06:00 AM,CRIT,Email,10974.0,SERVICE_ISSUE,CLOSED,TXN00018937,1097.4,False,1097.4,VALID_POSITIVE
CBK0002667,TXN00016456,usr_42556,MCH5029,2026-03-24 06:26:03,2026/03/26,"3,977.66",incorrect amount,Suspicious high-value payment disputed by customer.,Pending Bank,04-09-2026,LOW,chatbot,397766.0,AMOUNT_MISMATCH,PENDING,TXN00016456,3977.66,False,3977.66,VALID_POSITIVE
CBK0002260,TXN00019490,usr34757,MCH1806,1767543664,20-Jan-2026,"INR 1,314.21",scam,Complaint received after multiple failed attempts.,REJECTED,01-28-2026,Critical,ivr,131421.0,FRAUD,REJECTED,TXN00019490,1314.21,False,1314.21,VALID_POSITIVE
CBK0000002,TXN00016351,usr35605,MCH8953,1774358050,2026-03-31 15:14:10,"Rs. 2,366",unauthorized_transaction,Complaint received after multiple failed attempts.,CLOSED,09/04/2026 03:14 PM,H,IVR,2366.0,UNAUTHORIZED_TRANSACTION,CLOSED,TXN00016351,2366.0,False,2366.0,VALID_POSITIVE
CBK0001497,TXN00005059,USR56554,MCH6349,06-Feb-2026,2026-02-08 20:39:40,"1,316.81",merchant service issue,Customer says amount was debited twice.,Resolved,09/03/2026 08:39 PM,P2,App,131681.0,SERVICE_ISSUE,RESOLVED,TXN00005059,1316.81,False,1316.81,VALID_POSITIVE
CBK0000017,TXN00006427,USR30994,MCH-6488,30/01/2026,,"Rs. 3,608",Account Takeover,customer says transaction was not authorized.,Pending Bank,20-Feb-2026,P3,chatbot,3608.0,ACCOUNT_TAKEOVER,PENDING,TXN00006427,3608.0,False,3608.0,VALID_POSITIVE
CBK0001986,TXN00005203,USR 88037,MCH4181,27/02/2026,28/02/2026,2184.85,Service Not Provided,Merchant service was not delivered after payment.,WIP,18-Mar-2026,P4,CHATBOT,218485.0,SERVICE_ISSUE,IN_PROGRESS,TXN00005203,2184.85,False,2184.85,VALID_POSITIVE
CBK0000926,TXN00019409,USR27947,MCH3416,2026/02/18,19/02/2026,-756.59,DUP_DEBIT,Customer says transaction was not authorized.,IN_PROGRESS,,Medium,Branch,-75659.0,DUPLICATE_DEBIT,IN_PROGRESS,TXN00019409,-756.59,True,,NEGATIVE_INVALID
CBK0001679,TXN00007437,USR11987,MCH2576,25-Mar-2026,2026-03-27 17:04:00,"₹1,171.85",login compromised,Customer says transaction was not authorized.,Rejected,04-21-2026,MEDIUM,ivr,117185.0,ACCOUNT_TAKEOVER,REJECTED,TXN00007437,1171.85,False,1171.85,VALID_POSITIVE
CBK0002765,TXN00004590,USR58546,MCH 8779,28/01/2026 11:01 PM,05/02/2026,₹799.39,login compromised,Suspicious high-value payment disputed by customer.,Pending Bank,,P2,Email,79939.0,ACCOUNT_TAKEOVER,PENDING,TXN00004590,799.39,False,799.39,VALID_POSITIVE
CBK0001436,TXN00011255,USR91425,MCH9243,2026/03/05,2026-03-07 09:19:03,3679.43,extra amount deducted,Suspicious high-value payment disputed by customer.,IN_PROGRESS,2026-03-30 09:19:03,Medium,CHATBOT,367943.0,AMOUNT_MISMATCH,IN_PROGRESS,TXN00011255,3679.43,False,3679.43,VALID_POSITIVE
CBK0000994,TXN00004395,usr71348,MCH2469,2026/03/30,04-01-2026,"Rs. 9,572",customer issue,Customer complaint text unclear due to poor call center notes.,WIP,,MEDIUM,Call Center,9572.0,CUSTOMER_DISPUTE,IN_PROGRESS,TXN00004395,9572.0,False,9572.0,VALID_POSITIVE
CBK0000734,TXN00006117,USR 95049,MCH5383,27/03/2026,28/03/2026,"Rs. 3,964",no service,Customer complaint text unclear due to poor call center notes.,RESOLVED,1776137105,HIGH,IVR,3964.0,SERVICE_ISSUE,RESOLVED,TXN00006117,3964.0,False,3964.0,VALID_POSITIVE
CBK0001683,TXN00009432,USR85334,MCH3739,19/02/2026,07/03/2026 12:06 PM,-5973.59,dispute raised,customer says transaction was not authorized.,In Progress,2026-04-05 12:06:35,High,Email,-597359.0,CUSTOMER_DISPUTE,IN_PROGRESS,TXN00009432,-5973.59,True,,NEGATIVE_INVALID
CBK0001407,TXN33964,USR 59562,MCH1241,2026/03/24,03-25-2026,"INR 4,254.90",ATO,User claims account was compromised before transaction.,Rejected,1776814830,H,CHATBOT,425490.0,ACCOUNT_TAKEOVER,REJECTED,TXN33964,4254.9,False,4254.9,VALID_POSITIVE
CBK0002320,TXN00000822,usr_51203,MCH5846,07/02/2026 09:10 PM,02-10-2026,₹966.31,customer issue,User says UPI PIN was not entered by them.,PENDING_BANK,12/02/2026 08:10 PM,P4,CHATBOT,96631.0,CUSTOMER_DISPUTE,PENDING,TXN00000822,966.31,False,966.31,VALID_POSITIVE
CBK0000360,TXN00017688,USR19141,MCH3815,2026/02/08,11/02/2026,₹433.23,login compromised,Customer complaint text unclear due to poor call center notes. details missing,RESOLVED,1772542361,P3,App,43323.0,ACCOUNT_TAKEOVER,RESOLVED,TXN00017688,433.23,False,433.23,VALID_POSITIVE
CBK0000559,TXN00010792,USR19290,MCH4895,09/02/2026 03:28 AM,17-Feb-2026,923.46,scam,User says UPI PIN was not entered by them.,IN_PROGRESS,2026/03/12,Low,chatbot,92346.0,FRAUD,IN_PROGRESS,TXN00010792,923.46,False,923.46,VALID_POSITIVE
CBK0001627,TXN00003467,USR98075,MCH 7306,02-26-2026,28/02/2026 03:10 AM,1472.83,DUP_DEBIT,Payment made to unknown merchant as per customer statement.,REJECTED,1774581055,M,Email,147283.0,DUPLICATE_DEBIT,REJECTED,TXN00003467,1472.83,False,1472.83,VALID_POSITIVE
CBK0000602,TXN00015729,USR61700,MCH 5980,1769144916,02-02-2026,5873.9,charged twice,Complaint received after multiple failed attempts.,Rejected,,H,chatbot,58739.0,CHARGED TWICE,REJECTED,TXN00015729,5873.9,False,5873.9,VALID_POSITIVE
CBK0002325,TXN00013806,USR 41923,MCH-2214,16/02/2026 05:48 AM,2026/02/14,"Rs. 6,623",customer issue,MERCHANT SERVICE WAS NOT DELIVERED AFTER PAYMENT.,In Progress,04-Mar-2026,LOW,ivr,6623.0,CUSTOMER_DISPUTE,IN_PROGRESS,TXN00013806,6623.0,False,6623.0,VALID_POSITIVE
CBK0001967,TXN00004164,USR14349,mch4226,22/01/2026 12:01 PM,2026/02/22,"Rs. 3,142",Unauthorized Transaction,merchant service was not delivered after payment.,Open,02-26-2026,P3,Call Center,3142.0,UNAUTHORIZED_TRANSACTION,OPEN,TXN00004164,3142.0,False,3142.0,VALID_POSITIVE
CBK0001837,TXN00011621,USR98433,5655,02-22-2026,2026-02-24 20:31:03,,not delivered,User claims account was compromised before txn.,Rejected,04/03/2026,M,Branch,,DELIVERY_ISSUE,REJECTED,TXN00011621,,False,,MISSING
CBK0001082,TXN00019971,USR97244,MCH 7766,04/03/2026 09:53 AM,07/03/2026 03:53 AM,8720.88,unauth txn,Customer complaint text unclear due to poor call center notes.,Closed,2026-04-01 03:53:01,L,Branch,872088.0,UNAUTHORIZED_TRANSACTION,CLOSED,TXN00019971,8720.88,False,8720.88,VALID_POSITIVE
CBK0000798,TXN31469,USR47192,MCH2266,01-Jan-2026,2026-01-03 00:40:11,2300.99,Fraud Suspected,Merchant service was not delivered after payment.,Open,02/02/2026,CRIT,Call Center,230099.0,FRAUD,OPEN,TXN31469,2300.99,False,2300.99,VALID_POSITIVE
CBK0000986,TXN00011647,USR82322,MCH8172,2026-01-03 08:39:07,2026-01-05 00:39:07,8725.14,dispute raised,MERCHANT SERVICE WAS NOT DELIVERED AFTER PAYMENT.,PENDING_BANK,22/01/2026,HIGH,IVR,872514.0,CUSTOMER_DISPUTE,PENDING,TXN00011647,8725.14,False,8725.14,VALID_POSITIVE
CBK0000966,TXN00008529,USR-53527,6984,22/01/2026 01:41 AM,2026-01-23 15:41:54,"3,107.14",charged twice,User claims account was compromised before transaction.,IN_PROGRESS,,High,CHATBOT,310714.0,CHARGED TWICE,IN_PROGRESS,TXN00008529,3107.14,False,3107.14,VALID_POSITIVE
CBK0000058,TXN00007401,USR21162,MCH8369,03/02/2026,,-2284.5,not delivered,Suspicious high-value payment disputed by customer.,RESOLVED,,High,App,-22845.0,DELIVERY_ISSUE,RESOLVED,TXN00007401,-2284.5,True,,NEGATIVE_INVALID
CBK0000849,TXN00010509,usr32787,MCH1253,,18-Feb-2026,"INR 1,585.54",service failed,User claims account was compromised before transaction.,WIP,13/03/2026 09:31 AM,High,ivr,158554.0,SERVICE_ISSUE,IN_PROGRESS,TXN00010509,1585.54,False,1585.54,VALID_POSITIVE
CBK0000979,TXN00015234,USR81644,MCH-9875,07/02/2026,02-10-2026,10354.45,not delivered,Customer complaint text unclear due to poor call center notes.,PENDING_BANK,1771636072,High,CHATBOT,1035445.0,DELIVERY_ISSUE,PENDING,TXN00015234,10354.45,False,10354.45,VALID_POSITIVE
CBK0001801,TXN00010702,USR66200,MCH2822,11/03/2026,15-Mar-2026,3717.71,no service,Customer says amount was debited twice.,Closed,27/03/2026 08:07 AM,Low,Email,371771.0,SERVICE_ISSUE,CLOSED,TXN00010702,3717.71,False,3717.71,VALID_POSITIVE
CBK0002075,TXN00015779,39080,MCH3355,16/02/2026,02-23-2026,"Rs. 1,866",customer issue,user claims account was compromised before transaction.,IN_PROGRESS,,H,IVR,1866.0,CUSTOMER_DISPUTE,IN_PROGRESS,TXN00015779,1866.0,False,1866.0,VALID_POSITIVE
CBK0001774,TXN00001371,usr_61715,MCH1759,2026-01-23 19:30:54,2026/01/24,"1,844.60",Unauthorized Transaction,Customer says transaction was not authorized.,Rejected,08/02/2026,LOW,App,184460.0,UNAUTHORIZED_TRANSACTION,REJECTED,TXN00001371,1844.6,False,1844.6,VALID_POSITIVE
CBK0001800,,60863,MCH2534,2026/02/26,02-28-2026,"3,882.60",Account Takeover,Complaint received after multiple failed attempts.,Open,,MEDIUM,IVR,388260.0,ACCOUNT_TAKEOVER,OPEN,,3882.6,False,3882.6,VALID_POSITIVE
CBK0001759,TXN00006922,USR60939,MCH1721,07-Feb-2026,13-Feb-2026,1390.01,Account Takeover,Payment made to unknown merchant as per customer statement.,WIP,2026/02/14,Medium,ivr,139001.0,ACCOUNT_TAKEOVER,IN_PROGRESS,TXN00006922,1390.01,False,1390.01,VALID_POSITIVE
CBK0000898,TXN00012927,USR52234,MCH5076,2026/03/11,03-22-2026,10469.4,not done by me,Payment made to unknown merchant as per customer statement. call dropped,Rejected,10/04/2026 06:37 AM,M,chatbot,104694.0,UNAUTHORIZED_TRANSACTION,REJECTED,TXN00012927,10469.4,False,10469.4,VALID_POSITIVE
CBK0001925,txn-00006637,USR-74775,MCH7644,16-Mar-2026,27/03/2026,"Rs. 4,001",delivery issue,CUSTOMER COMPLAINT TEXT UNCLEAR DUE TO POOR CALL CENTER NOTES.,In Progress,2026-04-03 10:29:43,Low,Call Center,4001.0,DELIVERY_ISSUE,IN_PROGRESS,TXN-00006637,4001.0,False,4001.0,VALID_POSITIVE
CBK0000829,TXN00017462,USR-94805,MCH5980,18/03/2026,03/05/2026,,service failed,Merchant service was not delivered after payment.,RESOLVED,29/05/2026 09:24 AM,Low,chatbot,,SERVICE_ISSUE,RESOLVED,TXN00017462,,False,,MISSING
CBK0001166,TXN43861,USR-73010,MCH8793,2026/01/27,2026-02-03 21:00:29,422.31,Wrong Amount,Payment made to unknown merchant as per cust statement.,OPEN,20/02/2026,P2,IVR,42231.0,AMOUNT_MISMATCH,OPEN,TXN43861,422.31,False,422.31,VALID_POSITIVE
CBK0000716,TXN00013326,USR62901,MCH1320,04/01/2026,,2161.57,Duplicate Debit,Suspicious high-value payment disputed by customer. NA,WIP,,P3,Call Center,216157.0,DUPLICATE_DEBIT,IN_PROGRESS,TXN00013326,2161.57,False,2161.57,VALID_POSITIVE
CBK0000541,TXN00009994,USR 78285,MCH 7286,,22-Jan-2026,477.68,incorrect amount,User claims account was compromised before transaction.,OPEN,1769896620,Medium,App,47768.0,AMOUNT_MISMATCH,OPEN,TXN00009994,477.68,False,477.68,VALID_POSITIVE
CBK0001138,TXN00003160,USR93126,MCH7265,2026-02-24 06:39:10,1772113150,"1,452.71",Service Not Provided,Customer complaint text unclear due to poor call center notes.,IN_PROGRESS,28/03/2026 01:39 PM,CRITICAL,Branch,145271.0,SERVICE_ISSUE,IN_PROGRESS,TXN00003160,1452.71,False,1452.71,VALID_POSITIVE
CBK0001040,TXN00011260,USR65545,MCH7882,21-Jan-2026,,292.66,unauth txn,User claims account was compromised before transaction.,Rejected,,M,Branch,29266.0,UNAUTHORIZED_TRANSACTION,REJECTED,TXN00011260,292.66,False,292.66,VALID_POSITIVE
CBK0002668,,USR 19568,MCH 9291,25/01/2026 05:32 AM,,4776.3,account hacked,Customer says amount was debited twice.,REJECTED,16/02/2026 06:32 AM,P4,chatbot,47763.0,ACCOUNT_TAKEOVER,REJECTED,,4776.3,False,4776.3,VALID_POSITIVE
CBK0001991,TXN00002169,33650,MCH7326,1769020656,2026/01/25,,item not received,Complaint received after multiple failed attempts.,IN_PROGRESS,07/02/2026 05:37 PM,LOW,Email,,DELIVERY_ISSUE,IN_PROGRESS,TXN00002169,,False,,MISSING
CBK0000163,TXN00000976,USR35447,MCH1441,02-17-2026,19/02/2026 10:18 AM,"₹1,181.91",complaint,Suspicious high-value payment disputed by customer.,REJECTED,2026/02/23,Medium,IVR,118191.0,CUSTOMER_DISPUTE,REJECTED,TXN00000976,1181.91,False,1181.91,VALID_POSITIVE
CBK0002278,TXN00014410,usr51041,MCH5836,03-14-2026,2026-03-16 13:41:38,2302.66,item not received,Customer says amount was debited twice.,PENDING_BANK,1776087698,MEDIUM,Branch,230266.0,DELIVERY_ISSUE,PENDING,TXN00014410,2302.66,False,2302.66,VALID_POSITIVE
CBK0002205,TXN00013472,USR21566,MCH5972,03-19-2026,21/03/2026 08:47 PM,"Rs. 4,341",DUP_DEBIT,Customer says transaction was not authorized.,OPEN,2026-04-09 20:47:43,LOW,ivr,4341.0,DUPLICATE_DEBIT,OPEN,TXN00013472,4341.0,False,4341.0,VALID_POSITIVE
CBK0001275,txn-00014522,USR 11090,MCH8336,,,"1,098.78",FRAUD,User reports money deducted but merchant denies receiving payment.,Open,,P4,ivr,109878.0,FRAUD,OPEN,TXN-00014522,1098.78,False,1098.78,VALID_POSITIVE
CBK0002407,TXN00017251,USR56287,MCH8300,2026/02/03,2026-02-06 17:58:56,"6,191.71",complaint,Payment made to unknown merchant as per customer statement.,CLOSED,10-Feb-2026,M,App,619171.0,CUSTOMER_DISPUTE,CLOSED,TXN00017251,6191.71,False,6191.71,VALID_POSITIVE
CBK0000124,TXN00006207,USR61576,MCH7286,2026/02/12,28-Feb-2026,-5731.89,item not received,Payment made to unknown merchant as per customer statement.,PENDING_BANK,2026/03/15,P4,Branch,-573189.0,DELIVERY_ISSUE,PENDING,TXN00006207,-5731.89,True,,NEGATIVE_INVALID
CBK0000391,TXN00017871,USR51854,MCH-2822,28-Feb-2026,01/03/2026,5375.87,account hacked,user claims account was compromised before transaction.,IN_PROGRESS,15-Mar-2026,High,chatbot,537587.0,ACCOUNT_TAKEOVER,IN_PROGRESS,TXN00017871,5375.87,False,5375.87,VALID_POSITIVE
CBK0000856,TXN00000917,USR40538,MCH8624,03-16-2026,04-16-2026,2601.86,amount mismatch,User says UPI PIN was not entered by them.,PENDING_BANK,,L,App,260186.0,AMOUNT_MISMATCH,PENDING,TXN00000917,2601.86,False,2601.86,VALID_POSITIVE
CBK0002377,TXN00019402,USR94040,MCH1653,11/01/2026,1768830727,,customer issue,Payment made to unknown merchant as per customer statement. pls check asap,Pending Bank,01-23-2026,P3,Branch,,CUSTOMER_DISPUTE,PENDING,TXN00019402,,False,,MISSING
CBK0000410,TXN00007326,USR30157,mch1136,,,Rs. 185,customer issue,User claims account was compromised before txn.,OPEN,2026-03-17 15:14:18,M,CHATBOT,185.0,CUSTOMER_DISPUTE,OPEN,TXN00007326,185.0,False,185.0,VALID_POSITIVE
CBK0001988,TXN00011416,USR93299,mch5968,02-02-2026,05-Mar-2026,INR 648.02,delivery issue,User reports money deducted but merchant denies receiving payment.,REJECTED,1773972476,P2,App,64802.0,DELIVERY_ISSUE,REJECTED,TXN00011416,648.02,False,648.02,VALID_POSITIVE
CBK0001939,TXN00006912,USR22979,MCH8217,,,"1,089.06",no service,Payment made to unknown merchant as per customer statement.,Resolved,2026/03/05,LOW,chatbot,108906.0,SERVICE_ISSUE,RESOLVED,TXN00006912,1089.06,False,1089.06,VALID_POSITIVE
CBK0002735,TXN00012810,USR90720,MCH4590,2026-02-22 05:46:00,02-24-2026,,login compromised,Customer says transaction was not authorized.,CLOSED,17-Mar-2026,P3,CHATBOT,,ACCOUNT_TAKEOVER,CLOSED,TXN00012810,,False,,MISSING
CBK0000084,TXN00012123,usr60939,MCH1438,06-Feb-2026,08/02/2026,"₹4,232.74",unauthorized_transaction,Complaint received after multiple failed attempts.,CLOSED,1771036466,MEDIUM,Branch,423274.0,UNAUTHORIZED_TRANSACTION,CLOSED,TXN00012123,4232.74,False,4232.74,VALID_POSITIVE
CBK0001830,TXN00015594,USR19921,MCH6395,12-Mar-2026,16/03/2026,4964.2,charged twice,Customer says amount was debited twice.,Closed,02-Apr-2026,P1,CHATBOT,49642.0,CHARGED TWICE,CLOSED,TXN00015594,4964.2,False,4964.2,VALID_POSITIVE
CBK0001367,TXN00014165,USR19110,MCH1811,03-06-2026,08/03/2026,,Fraud Suspected,User claims account was compromised before transaction.,OPEN,28/03/2026,MEDIUM,CHATBOT,,FRAUD,OPEN,TXN00014165,,False,,MISSING
CBK0001999,TXN00013752,USR-25196,MCH3129,02-Mar-2026,12-Mar-2026,1283.33,Merchant Not Delivered,Customer says amount was debited twice.,PENDING_BANK,03-Apr-2026,P2,IVR,128333.0,DELIVERY_ISSUE,PENDING,TXN00013752,1283.33,False,1283.33,VALID_POSITIVE
CBK0000656,TXN00015006,usr77915,MCH 7174,16-Feb-2026,02-23-2026,3732.8,Service Not Provided,User claims account was compromised before transaction.,Open,,MEDIUM,ivr,37328.0,SERVICE_ISSUE,OPEN,TXN00015006,3732.8,False,3732.8,VALID_POSITIVE
CBK0000525,txn-00013646,USR86166,MCH-9676,1773710327,16/03/2026,"INR 5,986.31",service failed,User says UPI PIN was not entered by them.,WIP,03-17-2026,L,chatbot,598631.0,SERVICE_ISSUE,IN_PROGRESS,TXN-00013646,5986.31,False,5986.31,VALID_POSITIVE
CBK0001024,TXN00012992,USR34053,MCH5076,16-Feb-2026,04-02-2026,"₹1,617.78",UNAUTHORISED,USER REPORTS MONEY DEDUCTED BUT MERCHANT DENIES RECEIVING PAYMENT.,IN_PROGRESS,07/04/2026 03:17 PM,LOW,Branch,161778.0,UNAUTHORIZED_TRANSACTION,IN_PROGRESS,TXN00012992,1617.78,False,1617.78,VALID_POSITIVE
CBK0002067,TXN00011970,usr59147,MCH5954,2026/02/17,19-Feb-2026,164.3,merchant service issue,Customer says amount was debited twice.,Resolved,,Medium,Email,1643.0,SERVICE_ISSUE,RESOLVED,TXN00011970,164.3,False,164.3,VALID_POSITIVE
CBK0001634,TXN00016754,USR77208,MCH6810,,2026-02-19 12:19:39,"2,563.38",UNAUTHORISED,CUSTOMER SAYS TRANSACTION WAS NOT AUTHORIZED.,Closed,03-17-2026,P4,CHATBOT,256338.0,UNAUTHORIZED_TRANSACTION,CLOSED,TXN00016754,2563.38,False,2563.38,VALID_POSITIVE
CBK0001993,TXN00017510,USR45520,MCH 5954,2026-03-24 16:04:37,2026-04-04 08:04:37,₹788.58,suspicious transaction,Customer says transaction was not authorized.,Closed,2026-04-16 08:04:37,H,ivr,78858.0,FRAUD,CLOSED,TXN00017510,788.58,False,788.58,VALID_POSITIVE
CBK0001032,TXN00015474,75327,MCH6425,02/01/2026,05/01/2026,879.08,delivery issue,CUSTOMER COMPLAINT TEXT UNCLEAR DUE TO POOR CALL CENTER NOTES.,RESOLVED,,MEDIUM,chatbot,87908.0,DELIVERY_ISSUE,RESOLVED,TXN00015474,879.08,False,879.08,VALID_POSITIVE
CBK0001551,TXN00014584,USR72106,MCH5954,17-Jan-2026,,25463.16,not done by me,User reports money deducted but merchant denies receiving payment.,Resolved,,MEDIUM,Branch,2546316.0,UNAUTHORIZED_TRANSACTION,RESOLVED,TXN00014584,25463.16,False,25463.16,VALID_POSITIVE
CBK0002236,TXN00017102,USR93581,MCH7162,12-Mar-2026,1773751777,193.64,fraud,Customer says amount was debited twice.,Resolved,2026/03/27,M,ivr,19364.0,FRAUD,RESOLVED,TXN00017102,193.64,False,193.64,VALID_POSITIVE
CBK0000509,TXN00004836,USR34955,MCH5954,09/01/2026 09:38 AM,,"Rs. 3,723",incorrect amount,customer says transaction was not authorized.,IN_PROGRESS,30/01/2026 03:38 AM,LOW,ivr,3723.0,AMOUNT_MISMATCH,IN_PROGRESS,TXN00004836,3723.0,False,3723.0,VALID_POSITIVE
CBK0002785,TXN00013530,USR57016,MCH8577,2026-02-21 09:05:58,2026/02/26,"INR 1,866.63",Wrong Amount,Merchant service was not delivered after payment.,OPEN,2026-03-04 19:05:58,Critical,Call Center,186663.0,AMOUNT_MISMATCH,OPEN,TXN00013530,1866.63,False,1866.63,VALID_POSITIVE
CBK0000823,TXN00002624,USR25108,MCH8679,2026/03/12,03-15-2026,"₹1,274.21",scam,User reports money deducted but merchant denies receiving payment.,CLOSED,2026/03/30,MEDIUM,Email,127421.0,FRAUD,CLOSED,TXN00002624,1274.21,False,1274.21,VALID_POSITIVE
CBK0001010,TXN00006755,USR73752,MCH 7461,03-14-2026,2026/03/17,-627.47,Account Takeover,User claims account was compromised before transaction. call dropped,PENDING_BANK,14/04/2026,LOW,chatbot,-62747.0,ACCOUNT_TAKEOVER,PENDING,TXN00006755,-627.47,True,,NEGATIVE_INVALID
CBK0000185,TXN00007154,USR85483,MCH4852,01-29-2026,05/02/2026,"₹2,770.88",merchant service issue,Customer says amount was debited twice.,OPEN,10/02/2026 03:57 PM,P4,CHATBOT,277088.0,SERVICE_ISSUE,OPEN,TXN00007154,2770.88,False,2770.88,VALID_POSITIVE
CBK0000715,TXN00007023,USR33914,MCH5238,1773539665,16-Mar-2026,463.5,complaint,Merchant service was not delivered after payment.,Closed,2026-04-11 14:54:25,P3,Email,4635.0,CUSTOMER_DISPUTE,CLOSED,TXN00007023,463.5,False,463.5,VALID_POSITIVE
CBK0002196,TXN00010149,usr_88130,MCH8556,2026/02/28,03-30-2026,,unauth txn,customer says amount was debited twice.,WIP,,CRIT,Email,,UNAUTHORIZED_TRANSACTION,IN_PROGRESS,TXN00010149,,False,,MISSING
CBK0000820,TXN54263,USR12102,MCH-5265,1773912828,2026-03-21 11:33:48,824.86,incorrect amount,User claims account was compromised before transaction.,Rejected,02/04/2026,H,ivr,82486.0,AMOUNT_MISMATCH,REJECTED,TXN54263,824.86,False,824.86,VALID_POSITIVE
CBK0000765,TXN00007330,USR99392,MCH-8540,12/02/2026,14-Feb-2026,"2,018.57",customer issue,Customer complaint text unclear due to poor call center notes.,Rejected,13/03/2026,Medium,CHATBOT,201857.0,CUSTOMER_DISPUTE,REJECTED,TXN00007330,2018.57,False,2018.57,VALID_POSITIVE
CBK0000540,TXN00007501,USR29824,MCH-9199,,,,no service,Suspicious high-value payment disputed by customer. details missing,Open,06/03/2026 01:07 AM,L,Call Center,,SERVICE_ISSUE,OPEN,TXN00007501,,False,,MISSING
CBK0000618,TXN00013129,USR59658,MCH-8812,14/01/2026,,"Rs. 1,549",Wrong Amount,customer says transaction was not authorized.,Resolved,,P4,chatbot,1549.0,AMOUNT_MISMATCH,RESOLVED,TXN00013129,1549.0,False,1549.0,VALID_POSITIVE
CBK0001607,TXN00015175,USR13767,mch2284,10-Jan-2026,12/01/2026 05:37 AM,₹381.32,Duplicate Debit,Customer says transaction was not authorized.,PENDING_BANK,,Critical,Email,38132.0,DUPLICATE_DEBIT,PENDING,TXN00015175,381.32,False,381.32,VALID_POSITIVE
CBK0001123,TXN00003494,USR31366,MCH5980,02-05-2026,2026-02-07 20:30:24,342.28,complaint,USER REPORTS MONEY DEDUCTED BUT MERCHANT DENIES RECEIVING PAYMENT.,RESOLVED,,L,IVR,34228.0,CUSTOMER_DISPUTE,RESOLVED,TXN00003494,342.28,False,342.28,VALID_POSITIVE
CBK0000004,TXN00008092,USR65030,MCH5264,2026-02-26 16:21:11,25/02/2026 04:21 PM,"₹2,596.26",Fraud Suspected,Complaint received after multiple failed attempts.,Resolved,,M,Call Center,259626.0,FRAUD,RESOLVED,TXN00008092,2596.26,False,2596.26,VALID_POSITIVE
CBK0000585,TXN00010811,USR26991,MCH 4181,2026/03/31,1775154945,"Rs. 1,744",UNAUTHORISED,User reports money deducted but merchant denies receiving payment.,RESOLVED,04-11-2026,High,Call Center,1744.0,UNAUTHORIZED_TRANSACTION,RESOLVED,TXN00010811,1744.0,False,1744.0,VALID_POSITIVE
CBK0002198,TXN00018071,USR65483,MCH6689,03-03-2026,06/03/2026,3289.2,item not received,customer says transaction was not authorized.,REJECTED,2026/03/08,M,IVR,32892.0,DELIVERY_ISSUE,REJECTED,TXN00018071,3289.2,False,3289.2,VALID_POSITIVE
CBK0001079,TXN00012253,USR87914,5542,07/03/2026 04:37 AM,03-07-2026,1245.84,Service Not Provided,Suspicious high-value payment disputed by customer.,In Progress,16/03/2026 04:37 PM,CRIT,Call Center,124584.0,SERVICE_ISSUE,IN_PROGRESS,TXN00012253,1245.84,False,1245.84,VALID_POSITIVE
CBK0000034,TXN00018948,USR39094,MCH 1418,2026/01/27,02/02/2026 06:52 AM,959.89,customer issue,User says UPI PIN was not entered by them.,Open,10/02/2026 06:52 AM,Medium,CHATBOT,95989.0,CUSTOMER_DISPUTE,OPEN,TXN00018948,959.89,False,959.89,VALID_POSITIVE
CBK0000343,TXN00016878,USR66196,MCH2822,10/02/2026 12:11 PM,2026/02/16,2996.76,customer issue,Customer complaint text unclear due to poor call center notes.,CLOSED,2026-02-20 06:11:14,Low,ivr,299676.0,CUSTOMER_DISPUTE,CLOSED,TXN00016878,2996.76,False,2996.76,VALID_POSITIVE
CBK0000481,TXN00015109,USR-46576,MCH2266,27/03/2026,29/03/2026 03:43 PM,287.95,extra amount deducted,User claims account was compromised before transaction.,CLOSED,2026/04/16,M,Branch,28795.0,AMOUNT_MISMATCH,CLOSED,TXN00015109,287.95,False,287.95,VALID_POSITIVE
CBK0001728,TXN00005001,usr_63634,MCH6359,05-Mar-2026,1772986152,4713.3,dispute raised,Customer says transaction was not authorized.,Resolved,,M,IVR,47133.0,CUSTOMER_DISPUTE,RESOLVED,TXN00005001,4713.3,False,4713.3,VALID_POSITIVE
CBK0002237,TXN00001882,USR15350,MCH7351,28-Mar-2026,2026/04/27,"₹2,264.22",Duplicate Debit,USER SAYS UPI PIN WAS NOT ENTERED BY THEM.,Closed,2026-05-01 20:04:39,P3,IVR,226422.0,DUPLICATE_DEBIT,CLOSED,TXN00001882,2264.22,False,2264.22,VALID_POSITIVE
CBK0001058,TXN00008405,USR25902,MCH8556,10-Feb-2026,2026/02/17,1446.29,UNAUTHORISED,User says UPI PIN was not entered by them.,REJECTED,,P2,chatbot,144629.0,UNAUTHORIZED_TRANSACTION,REJECTED,TXN00008405,1446.29,False,1446.29,VALID_POSITIVE
CBK0001933,TXN00005666,usr33656,MCH5076,1771053335,19/02/2026 07:15 AM,"₹1,764.40",Duplicate Debit,SUSPICIOUS HIGH-VALUE PAYMENT DISPUTED BY CUSTOMER.,Pending Bank,03-10-2026,Low,Branch,176440.0,DUPLICATE_DEBIT,PENDING,TXN00005666,1764.4,False,1764.4,VALID_POSITIVE
CBK0000466,TXN00008559,USR20115,MCH-2757,1774080560,22-Mar-2026,876.37,service failed,Customer says amount was debited twice.,Open,2026/04/18,M,ivr,87637.0,SERVICE_ISSUE,OPEN,TXN00008559,876.37,False,876.37,VALID_POSITIVE
CBK0001130,TXN00013293,USR64755,MCH3055,07-Feb-2026,2026-02-13 04:28:39,648.89,account hacked,customer says transaction was not authorized.,OPEN,2026/02/21,Medium,App,64889.0,ACCOUNT_TAKEOVER,OPEN,TXN00013293,648.89,False,648.89,VALID_POSITIVE
CBK0000736,TXN00001334,USR31979,MCH2101,1774266867,1774425267,6666.14,ATO,Customer says amount was debited twice.,IN_PROGRESS,,M,chatbot,666614.0,ACCOUNT_TAKEOVER,IN_PROGRESS,TXN00001334,6666.14,False,6666.14,VALID_POSITIVE
CBK0000181,TXN00016182,USR 66758,MCH1612,2026-01-28 10:33:01,01-30-2026,237.88,suspicious transaction,Customer says amount was debited twice.,Rejected,02-08-2026,P4,App,23788.0,FRAUD,REJECTED,TXN00016182,237.88,False,237.88,VALID_POSITIVE
CBK0000697,TXN00007023,USR88430,MCH4181,25/03/2026 07:00 PM,2026-03-31 14:00:23,10555.32,Wrong Amount,Customer says transaction was not authorized.,REJECTED,04-27-2026,Medium,ivr,1055532.0,AMOUNT_MISMATCH,REJECTED,TXN00007023,10555.32,False,10555.32,VALID_POSITIVE
CBK0001752,TXN00006114,USR 22925,MCH5954,2026-01-11 14:56:22,2026/01/27,"Rs. 4,938",account hacked,Customer says transaction was not authorized.,REJECTED,02-17-2026,High,Call Center,4938.0,ACCOUNT_TAKEOVER,REJECTED,TXN00006114,4938.0,False,4938.0,VALID_POSITIVE
CBK0002549,TXN00014870,USR48114,3983,01-17-2026,18-Jan-2026,"10,657.19",delivery issue,USER SAYS UPI PIN WAS NOT ENTERED BY THEM.,Open,16/02/2026,P4,chatbot,1065719.0,DELIVERY_ISSUE,OPEN,TXN00014870,10657.19,False,10657.19,VALID_POSITIVE
CBK0001488,TXN00015761,USR47459,8883,,08/02/2026 06:43 PM,"Rs. 6,388",service failed,User claims account was compromised before transaction.,Open,2026/03/06,LOW,IVR,6388.0,SERVICE_ISSUE,OPEN,TXN00015761,6388.0,False,6388.0,VALID_POSITIVE
CBK0001651,TXN00010749,USR62848,MCH3729,15/02/2026,1771803470,,Fraud Suspected,Customer says amount was debited twice. call dropped,In Progress,2026/02/26,LOW,Branch,,FRAUD,IN_PROGRESS,TXN00010749,,False,,MISSING
CBK0002711,TXN42233,USR31712,MCH-3819,03-10-2026,1777049583,,Duplicate Debit,complaint received after multiple failed attempts.,CLOSED,2026-05-09 16:53:03,P2,ivr,,DUPLICATE_DEBIT,CLOSED,TXN42233,,False,,MISSING
CBK0001543,TXN00009804,USR90720,MCH-4495,,24/01/2026,767.56,merchant service issue,Customer complaint text unclear due to poor call center notes.,Rejected,27/01/2026 03:54 AM,MEDIUM,IVR,76756.0,SERVICE_ISSUE,REJECTED,TXN00009804,767.56,False,767.56,VALID_POSITIVE
CBK0000310,TXN00019838,USR34180,MCH6810,2026/02/04,19-Feb-2026,"2,926.76",Unauthorized Transaction,User reports money deducted but merchant denies receiving payment.,WIP,2026/02/25,P1,Branch,292676.0,UNAUTHORIZED_TRANSACTION,IN_PROGRESS,TXN00019838,2926.76,False,2926.76,VALID_POSITIVE
CBK0001605,TXN00013039,usr38436,5655,,2026/01/09,7884.27,Account Takeover,Suspicious high-value payment disputed by cust.,Rejected,13-Jan-2026,P3,Call Center,788427.0,ACCOUNT_TAKEOVER,REJECTED,TXN00013039,7884.27,False,7884.27,VALID_POSITIVE
CBK0002159,TXN00008446,usr75943,MCH5482,2026/03/08,08/03/2026 12:51 PM,-2807.75,scam,CUSTOMER SAYS TRANSACTION WAS NOT AUTHORIZED.,Rejected,27-Mar-2026,CRITICAL,Email,-280775.0,FRAUD,REJECTED,TXN00008446,-2807.75,True,,NEGATIVE_INVALID
CBK0000883,TXN00009806,usr_94655,MCH-5279,19/01/2026 06:04 PM,23-Jan-2026,"INR 3,825.17",FRAUD,suspicious high-value payment disputed by customer.,Open,,LOW,IVR,382517.0,FRAUD,OPEN,TXN00009806,3825.17,False,3825.17,VALID_POSITIVE
CBK0000273,TXN00002139,USR80361,MCH6712,05/03/2026 11:26 AM,16/03/2026 04:26 AM,-1116.32,customer issue,customer complaint text unclear due to poor call center notes.,Open,,L,Branch,-111632.0,CUSTOMER_DISPUTE,OPEN,TXN00002139,-1116.32,True,,NEGATIVE_INVALID
CBK0002172,TXN00011390,USR27533,mch3479,20/01/2026,2026-01-23 00:41:15,681.66,Unauthorized Transaction,Merchant service was not delivered after payment.,Resolved,,H,App,68166.0,UNAUTHORIZED_TRANSACTION,RESOLVED,TXN00011390,681.66,False,681.66,VALID_POSITIVE
CBK0000046,TXN00007253,USR97477,MCH1590,2026/02/15,03/03/2026,8599.51,ATO,User reports money deducted but merchant denies receiving payment.,Open,09/03/2026,HIGH,App,859951.0,ACCOUNT_TAKEOVER,OPEN,TXN00007253,8599.51,False,8599.51,VALID_POSITIVE
CBK0001291,TXN00018053,USR56751,MCH8322,1769404375,28/01/2026,"1,619.10",service failed,customer complaint text unclear due to poor call center notes.,Closed,,LOW,ivr,161910.0,SERVICE_ISSUE,CLOSED,TXN00018053,1619.1,False,1619.1,VALID_POSITIVE
CBK0000362,TXN00002263,USR61333,MCH7286,01-20-2026,21/01/2026,9476.14,incorrect amount,User reports money deducted but merchant denies receiving payment.,WIP,2026/01/30,MEDIUM,Branch,947614.0,AMOUNT_MISMATCH,IN_PROGRESS,TXN00002263,9476.14,False,9476.14,VALID_POSITIVE
CBK0000583,TXN00013098,USR 11077,MCH5456,01-Feb-2026,1770078731,,incorrect amount,SUSPICIOUS HIGH-VALUE PAYMENT DISPUTED BY CUSTOMER.,Pending Bank,2026-02-03 00:32:11,P3,Branch,,AMOUNT_MISMATCH,PENDING,TXN00013098,,False,,MISSING
CBK0001258,TXN00017225,usr40420,1168,2026/02/28,11/03/2026,"INR 4,972.38",FRAUD,User says UPI PIN was not entered by them.,IN_PROGRESS,,LOW,CHATBOT,497238.0,FRAUD,IN_PROGRESS,TXN00017225,4972.38,False,4972.38,VALID_POSITIVE
CBK0001309,TXN00001777,USR97380,MCH3684,2026/03/13,27/04/2026 06:23 PM,"Rs. 6,040",Unauthorized Transaction,Customer says transaction was not authorized.,CLOSED,2026/04/29,Medium,IVR,6040.0,UNAUTHORIZED_TRANSACTION,CLOSED,TXN00001777,6040.0,False,6040.0,VALID_POSITIVE
CBK0000479,TXN00016497,USR-12417,MCH 8154,03-14-2026,12/03/2026 04:20 AM,"₹3,794.91",Fraud Suspected,Payment made to unknown merchant as per customer statement.,In Progress,03-29-2026,M,App,379491.0,FRAUD,IN_PROGRESS,TXN00016497,3794.91,False,3794.91,VALID_POSITIVE
CBK0000022,TXN00012475,USR 21946,MCH4181,1772753449,06-Mar-2026,"Rs. 11,540",unauthorized_transaction,Customer complaint text unclear due to poor call center notes.,In Progress,19-Mar-2026,LOW,CHATBOT,11540.0,UNAUTHORIZED_TRANSACTION,IN_PROGRESS,TXN00012475,11540.0,False,11540.0,VALID_POSITIVE
CBK0001439,TXN00018123,USR83744,mch5378,1773441961,19/03/2026,3146.39,dispute raised,Customer says transaction was not authorized.,Closed,02/04/2026 06:46 AM,L,ivr,314639.0,CUSTOMER_DISPUTE,CLOSED,TXN00018123,3146.39,False,3146.39,VALID_POSITIVE
CBK0000976,TXN00002141,USR 96958,MCH6498,2026/01/23,2026-01-30 22:01:24,7027.39,delivery issue,Complaint received after multiple failed attempts.,REJECTED,09-Feb-2026,M,Email,702739.0,DELIVERY_ISSUE,REJECTED,TXN00002141,7027.39,False,7027.39,VALID_POSITIVE
CBK0000639,TXN00017298,usr56287,MCH7134,22-Mar-2026,23-Mar-2026,3871.95,scam,User reports money deducted but merchant denies receiving payment.,Rejected,,P3,CHATBOT,387195.0,FRAUD,REJECTED,TXN00017298,3871.95,False,3871.95,VALID_POSITIVE
CBK0000853,TXN00019212,USR-43229,MCH-3902,1774052843,26-Mar-2026,1395.11,FRAUD,Customer says txn was not authorized.,Rejected,23/04/2026,M,CHATBOT,139511.0,FRAUD,REJECTED,TXN00019212,1395.11,False,1395.11,VALID_POSITIVE
CBK0001985,TXN00005222,USR98253,MCH3611,,2026/02/21,Rs. 526,fraud,USER CLAIMS ACCOUNT WAS COMPROMISED BEFORE TRANSACTION.,Resolved,02/03/2026,P3,Email,526.0,FRAUD,RESOLVED,TXN00005222,526.0,False,526.0,VALID_POSITIVE
CBK0000300,TXN00002857,USR-92485,MCH7388,,21/03/2026,₹920.19,not delivered,User reports money deducted but merchant denies receiving payment.,In Progress,20-Apr-2026,High,CHATBOT,92019.0,DELIVERY_ISSUE,IN_PROGRESS,TXN00002857,920.19,False,920.19,VALID_POSITIVE
CBK0001326,TXN00017532,USR63876,MCH4629,01-22-2026,2026/01/30,"₹2,971.18",amount mismatch,Suspicious high-value payment disputed by customer.,Rejected,,LOW,ivr,297118.0,AMOUNT_MISMATCH,REJECTED,TXN00017532,2971.18,False,2971.18,VALID_POSITIVE
CBK0002099,TXN00016911,USR94430,mch5701,10-Jan-2026,01-12-2026,"INR 1,895.66",login compromised,Customer complaint text unclear due to poor call center notes.,Rejected,,Medium,Email,189566.0,ACCOUNT_TAKEOVER,REJECTED,TXN00016911,1895.66,False,1895.66,VALID_POSITIVE
CBK0001474,TXN00008578,usr71704,MCH7047,05-Feb-2026,13/02/2026,"₹3,771.28",Unauthorized Transaction,Customer complaint text unclear due to poor call center notes.,Open,2026/03/04,MEDIUM,Email,377128.0,UNAUTHORIZED_TRANSACTION,OPEN,TXN00008578,3771.28,False,3771.28,VALID_POSITIVE
CBK0001508,txn-00006688,USR56287,MCH2552,21/02/2026 09:29 PM,25/02/2026,592.68,login compromised,Complaint received after multiple failed attempts.,PENDING_BANK,02/03/2026 04:29 AM,HIGH,Email,59268.0,ACCOUNT_TAKEOVER,PENDING,TXN-00006688,592.68,False,592.68,VALID_POSITIVE
CBK0000985,TXN00016633,USR50898,MCH3836,,07/03/2026,"₹3,329.74",UNAUTHORISED,COMPLAINT RECEIVED AFTER MULTIPLE FAILED ATTEMPTS.,WIP,,P2,CHATBOT,332974.0,UNAUTHORIZED_TRANSACTION,IN_PROGRESS,TXN00016633,3329.74,False,3329.74,VALID_POSITIVE
CBK0002762,TXN00012709,USR87422,MCH2383,,25/01/2026,-1866.43,double debit,COMPLAINT RECEIVED AFTER MULTIPLE FAILED ATTEMPTS.,Open,2026/02/01,MEDIUM,Branch,-186643.0,DUPLICATE_DEBIT,OPEN,TXN00012709,-1866.43,True,,NEGATIVE_INVALID
CBK0002695,TXN00009985,usr69511,MCH3100,03-04-2026,19/03/2026,4262.78,unauth txn,Customer says txn was not authorized.,Open,19-Mar-2026,P4,App,426278.0,UNAUTHORIZED_TRANSACTION,OPEN,TXN00009985,4262.78,False,4262.78,VALID_POSITIVE
CBK0002523,TXN00016424,USR39280,MCH4590,09/02/2026,,"1,444.48",amount mismatch,Merchant service was not delivered after payment.,Resolved,03-06-2026,HIGH,Call Center,144448.0,AMOUNT_MISMATCH,RESOLVED,TXN00016424,1444.48,False,1444.48,VALID_POSITIVE
CBK0001776,TXN00003915,USR57281,MCH6934,2026/02/25,25/02/2026,264.64,DUP_DEBIT,Payment made to unknown merchant as per customer statement.,Rejected,2026/03/24,MEDIUM,App,26464.0,DUPLICATE_DEBIT,REJECTED,TXN00003915,264.64,False,264.64,VALID_POSITIVE
CBK0000251,TXN00012937,USR77066,MCH5347,2026/03/17,22/03/2026,2574.17,item not received,User says UPI PIN was not entered by them.,CLOSED,10/04/2026 02:26 AM,P3,Call Center,257417.0,DELIVERY_ISSUE,CLOSED,TXN00012937,2574.17,False,2574.17,VALID_POSITIVE
CBK0000729,TXN00009979,USR43978,MCH6850,2026/02/01,02-17-2026,"1,801.10",Fraud Suspected,USER SAYS UPI PIN WAS NOT ENTERED BY THEM.,In Progress,,MEDIUM,Branch,180110.0,FRAUD,IN_PROGRESS,TXN00009979,1801.1,False,1801.1,VALID_POSITIVE
CBK0001430,TXN00003193,USR30157,MCH5404,21/02/2026,2026/02/27,"2,273.34",charged twice,Payment made to unknown merchant as per customer statement. urgent,CLOSED,09-Mar-2026,CRIT,Branch,227334.0,CHARGED TWICE,CLOSED,TXN00003193,2273.34,False,2273.34,VALID_POSITIVE
CBK0001056,TXN00017995,USR83697,MCH7555,26/03/2026,1774577484,1918.51,unauthorized_transaction,User reports money deducted but merchant denies receiving payment.,RESOLVED,17-Apr-2026,M,IVR,191851.0,UNAUTHORIZED_TRANSACTION,RESOLVED,TXN00017995,1918.51,False,1918.51,VALID_POSITIVE
CBK0002533,TXN00002429,USR82871,MCH8050,27/01/2026 08:26 PM,12/02/2026,₹389.54,not done by me,Merchant service was not delivered after payment.,In Progress,02-21-2026,Medium,ivr,38954.0,UNAUTHORIZED_TRANSACTION,IN_PROGRESS,TXN00002429,389.54,False,389.54,VALID_POSITIVE
CBK0001748,TXN36584,USR-93861,MCH2037,01/01/2026,2026/01/04,-3309.31,account hacked,User says UPI PIN was not entered by them.,Pending Bank,2026/01/28,H,IVR,-330931.0,ACCOUNT_TAKEOVER,PENDING,TXN36584,-3309.31,True,,NEGATIVE_INVALID
CBK0002154,TXN00019558,usr60770,MCH 4307,03-31-2026,05/04/2026,1769.97,Duplicate Debit,Customer says transaction was not authorized.,RESOLVED,17/04/2026,L,Branch,176997.0,DUPLICATE_DEBIT,RESOLVED,TXN00019558,1769.97,False,1769.97,VALID_POSITIVE
CBK0001530,TXN00000959,USR38580,MCH7286,2026/03/08,11/03/2026 03:32 PM,982.69,customer issue,Customer says amount was debited twice.,OPEN,04/04/2026,L,Email,98269.0,CUSTOMER_DISPUTE,OPEN,TXN00000959,982.69,False,982.69,VALID_POSITIVE
CBK0001561,TXN00012655,USR49452,MCH7833,02-02-2026,04/02/2026,5677.69,Merchant Not Delivered,payment made to unknown merchant as per customer statement.,Open,2026-02-14 10:24:28,MEDIUM,Branch,567769.0,DELIVERY_ISSUE,OPEN,TXN00012655,5677.69,False,5677.69,VALID_POSITIVE
CBK0002302,TXN00004618,USR69543,MCH8140,,2026/01/23,1142.86,DUP_DEBIT,User claims account was compromised before transaction.,Rejected,,Low,IVR,114286.0,DUPLICATE_DEBIT,REJECTED,TXN00004618,1142.86,False,1142.86,VALID_POSITIVE
CBK0000447,TXN00012764,USR26323,mch5927,15-Mar-2026,18-Mar-2026,"Rs. 1,222",scam,User reports money deducted but merchant denies receiving payment.,WIP,04-10-2026,M,ivr,1222.0,FRAUD,IN_PROGRESS,TXN00012764,1222.0,False,1222.0,VALID_POSITIVE
CBK0002090,TXN00008261,USR15888,MCH7075,26/02/2026 07:25 AM,1772551542,"4,227.03",Merchant Not Delivered,Suspicious high-value payment disputed by cust.,RESOLVED,,High,Branch,422703.0,DELIVERY_ISSUE,RESOLVED,TXN00008261,4227.03,False,4227.03,VALID_POSITIVE
CBK0001157,TXN00018783,USR89151,MCH3001,01-24-2026,2026-01-29 03:28:31,"₹11,640.86",customer issue,USER SAYS UPI PIN WAS NOT ENTERED BY THEM.,PENDING_BANK,,L,App,1164086.0,CUSTOMER_DISPUTE,PENDING,TXN00018783,11640.86,False,11640.86,VALID_POSITIVE
CBK0002684,TXN00018518,USR58335,MCH2058,02/01/2026,04/01/2026,"2,159.70",Unauthorized Transaction,user says upi pin was not entered by them.,Closed,2026/01/06,Low,Call Center,215970.0,UNAUTHORIZED_TRANSACTION,CLOSED,TXN00018518,2159.7,False,2159.7,VALID_POSITIVE
CBK0001929,TXN00003276,USR83918,MCH9291,,03-22-2026,-5720.73,incorrect amount,Complaint received after multiple failed attempts.,Resolved,09/04/2026,Low,IVR,-572073.0,AMOUNT_MISMATCH,RESOLVED,TXN00003276,-5720.73,True,,NEGATIVE_INVALID
CBK0001320,TXN00014032,USR46308,MCH 5900,01/02/2026,2026/02/06,₹358.19,ATO,Complaint received after multiple failed attempts. urgent,Pending Bank,2026/02/13,LOW,ivr,35819.0,ACCOUNT_TAKEOVER,PENDING,TXN00014032,358.19,False,358.19,VALID_POSITIVE
CBK0001600,TXN00014926,USR22359,MCH4542,,2026-01-22 15:21:40,"₹2,332.94",Fraud Suspected,Suspicious high-value payment disputed by customer.,CLOSED,2026/02/09,L,CHATBOT,233294.0,FRAUD,CLOSED,TXN00014926,2332.94,False,2332.94,VALID_POSITIVE
CBK0002391,TXN00013005,27779,MCH6850,,01/04/2026,"₹3,734.70",delivery issue,Merchant service was not delivered after payment.,PENDING_BANK,1776276652,P4,App,373470.0,DELIVERY_ISSUE,PENDING,TXN00013005,3734.7,False,3734.7,VALID_POSITIVE
CBK0001069,TXN72059,USR75081,MCH7509,10/02/2026 05:04 PM,2026-02-14 04:04:39,"₹1,209.00",Account Takeover,Complaint received after multiple failed attempts.,In Progress,16/03/2026 04:04 AM,MEDIUM,chatbot,120900.0,ACCOUNT_TAKEOVER,IN_PROGRESS,TXN72059,1209.0,False,1209.0,VALID_POSITIVE
CBK0000691,TXN00006342,usr46662,MCH8426,1773398748,19/03/2026,"1,546.48",delivery issue,merchant service was not delivered after payment.,In Progress,20/03/2026 02:45 AM,P3,ivr,154648.0,DELIVERY_ISSUE,IN_PROGRESS,TXN00006342,1546.48,False,1546.48,VALID_POSITIVE
CBK0002454,TXN00012462,USR25682,MCH-5954,2026/03/23,2026/03/26,"Rs. 7,714",dispute raised,Customer complaint text unclear due to poor call center notes.,Closed,1775840976,P4,Call Center,7714.0,CUSTOMER_DISPUTE,CLOSED,TXN00012462,7714.0,False,7714.0,VALID_POSITIVE
CBK0002777,TXN41176,usr83934,MCH-9022,2026/02/01,06/02/2026 05:22 PM,8162.73,unauth txn,User reports money deducted but merchant denies receiving payment. urgent,In Progress,21/02/2026,High,IVR,816273.0,UNAUTHORIZED_TRANSACTION,IN_PROGRESS,TXN41176,8162.73,False,8162.73,VALID_POSITIVE
CBK0000263,TXN00006449,USR71316,MCH6236,2026/01/10,1769392756,Rs. 250,account hacked,User says UPI PIN was not entered by them.,In Progress,2026/02/15,HIGH,chatbot,250.0,ACCOUNT_TAKEOVER,IN_PROGRESS,TXN00006449,250.0,False,250.0,VALID_POSITIVE
CBK0000590,TXN00018358,USR 73010,mch2722,2026/03/12,20/03/2026 03:25 AM,-1889.21,Wrong Amount,Complaint received after multiple failed attempts.,Resolved,2026/04/16,H,chatbot,-188921.0,AMOUNT_MISMATCH,RESOLVED,TXN00018358,-1889.21,True,,NEGATIVE_INVALID
CBK0001133,TXN00004481,USR 68023,MCH1494,06/01/2026,05/01/2026,"INR 1,101.44",extra amount deducted,User claims account was compromised before transaction.,Rejected,01-05-2026,CRIT,Branch,110144.0,AMOUNT_MISMATCH,REJECTED,TXN00004481,1101.44,False,1101.44,VALID_POSITIVE
CBK0002414,TXN00000503,USR85650,1590,2026-03-04 16:57:39,18/04/2026,325.93,charged twice,complaint received after multiple failed attempts.,Open,09/05/2026 06:57 PM,P2,Call Center,32593.0,CHARGED TWICE,OPEN,TXN00000503,325.93,False,325.93,VALID_POSITIVE
CBK0002627,TXN00001026,USR26564,MCH-5899,2026-01-17 09:59:06,25/01/2026 07:59 AM,"INR 2,910.70",merchant service issue,Suspicious high-value payment disputed by customer.,WIP,20/02/2026,Medium,ivr,291070.0,SERVICE_ISSUE,IN_PROGRESS,TXN00001026,2910.7,False,2910.7,VALID_POSITIVE
CBK0001008,,USR97772,mch1074,,13/01/2026,1143.88,charged twice,Customer says amount was debited twice.,Resolved,1769136761,MEDIUM,ivr,114388.0,CHARGED TWICE,RESOLVED,,1143.88,False,1143.88,VALID_POSITIVE
CBK0000285,TXN00009133,USR 99694,MCH2606,19/03/2026 03:32 AM,22-Mar-2026,"₹1,528.27",service failed,Customer says amount was debited twice.,OPEN,,P3,IVR,152827.0,SERVICE_ISSUE,OPEN,TXN00009133,1528.27,False,1528.27,VALID_POSITIVE
CBK0001311,TXN00018498,usr40538,MCH7255,19-Mar-2026,03-23-2026,"Rs. 1,779",Account Takeover,Payment made to unknown merchant as per customer statement.,RESOLVED,06-Apr-2026,Low,Call Center,1779.0,ACCOUNT_TAKEOVER,RESOLVED,TXN00018498,1779.0,False,1779.0,VALID_POSITIVE
CBK0000220,TXN00009971,usr81170,MCH6607,,03/03/2026,"Rs. 4,849",suspicious transaction,Customer says amount was debited twice. urgent,WIP,,LOW,Email,4849.0,FRAUD,IN_PROGRESS,TXN00009971,4849.0,False,4849.0,VALID_POSITIVE
CBK0002615,TXN00018536,usr_57158,5099,2026-02-22 13:48:57,2026/02/24,1257.97,FRAUD,Suspicious high-value payment disputed by cust.,Open,02/03/2026,High,App,125797.0,FRAUD,OPEN,TXN00018536,1257.97,False,1257.97,VALID_POSITIVE
CBK0001460,TXN00014496,USR-33249,MCH4270,29-Mar-2026,2026/04/02,₹554.76,unauthorized_transaction,customer says amount was debited twice.,In Progress,2026-04-04 02:17:31,LOW,App,55476.0,UNAUTHORIZED_TRANSACTION,IN_PROGRESS,TXN00014496,554.76,False,554.76,VALID_POSITIVE
CBK0000068,TXN00019414,USR96148,MCH-3815,1767239728,01/01/2026,Rs. 996,login compromised,Suspicious high-value payment disputed by customer.,PENDING_BANK,18/01/2026 06:55 AM,Critical,ivr,996.0,ACCOUNT_TAKEOVER,PENDING,TXN00019414,996.0,False,996.0,VALID_POSITIVE
CBK0001363,TXN00015121,USR62483,MCH-1141,15/02/2026,18/02/2026,"INR 1,504.76",Customer Dispute,USER SAYS UPI PIN WAS NOT ENTERED BY THEM.,Closed,05/03/2026,P3,CHATBOT,150476.0,CUSTOMER_DISPUTE,CLOSED,TXN00015121,1504.76,False,1504.76,VALID_POSITIVE
CBK0001071,TXN00005413,USR 85761,MCH3171,01-29-2026,01/02/2026,,extra amount deducted,Suspicious high-value payment disputed by customer. details missing,PENDING_BANK,2026/02/14,Medium,chatbot,,AMOUNT_MISMATCH,PENDING,TXN00005413,,False,,MISSING
CBK0000562,TXN00003828,USR39793,MCH3203,,31/03/2026 07:03 PM,1594.84,UNAUTHORISED,User reports money deducted but merchant denies receiving payment.,PENDING_BANK,,LOW,CHATBOT,159484.0,UNAUTHORIZED_TRANSACTION,PENDING,TXN00003828,1594.84,False,1594.84,VALID_POSITIVE
CBK0001140,TXN00004922,USR79175,MCH6652,2026/03/28,30/03/2026,,not done by me,user reports money deducted but merchant denies receiving payment.,Closed,2026-04-10 04:32:07,Medium,IVR,,UNAUTHORIZED_TRANSACTION,CLOSED,TXN00004922,,False,,MISSING
CBK0000657,TXN00006919,USR29306,MCH5269,01-14-2026,19/01/2026,"2,207.79",amount mismatch,complaint received after multiple failed attempts.,Closed,13/02/2026 04:01 PM,Medium,CHATBOT,220779.0,AMOUNT_MISMATCH,CLOSED,TXN00006919,2207.79,False,2207.79,VALID_POSITIVE
CBK0001831,TXN00010938,USR-88037,MCH5655,15/03/2026 06:39 PM,03-18-2026,4425.22,amount mismatch,Merchant service was not delivered after payment. details missing,Open,04-15-2026,L,App,442522.0,AMOUNT_MISMATCH,OPEN,TXN00010938,4425.22,False,4425.22,VALID_POSITIVE
CBK0001818,TXN00005674,USR54580,MCH5397,08/03/2026,2026-03-15 15:17:35,Rs. 560,not done by me,CUSTOMER COMPLAINT TEXT UNCLEAR DUE TO POOR CALL CENTER NOTES.,IN_PROGRESS,04-02-2026,High,chatbot,560.0,UNAUTHORIZED_TRANSACTION,IN_PROGRESS,TXN00005674,560.0,False,560.0,VALID_POSITIVE
CBK0000721,TXN00009064,29458,MCH4113,02-10-2026,12-Feb-2026,1568.17,Duplicate Debit,Customer says amount was debited twice.,RESOLVED,03-Mar-2026,Critical,Branch,156817.0,DUPLICATE_DEBIT,RESOLVED,TXN00009064,1568.17,False,1568.17,VALID_POSITIVE
CBK0000837,TXN00014492,USR59264,MCH1548,2026-01-04 03:46:36,2026/02/03,,suspicious transaction,SUSPICIOUS HIGH-VALUE PAYMENT DISPUTED BY CUSTOMER.,IN_PROGRESS,2026/02/11,P2,CHATBOT,,FRAUD,IN_PROGRESS,TXN00014492,,False,,MISSING
CBK0002597,TXN00008925,usr93425,MCH3339,02/01/2026 07:36 AM,03/01/2026 04:36 AM,-3175.71,Service Not Provided,User reports money deducted but merchant denies receiving payment. pls check asap,Rejected,,LOW,IVR,-317571.0,SERVICE_ISSUE,REJECTED,TXN00008925,-3175.71,True,,NEGATIVE_INVALID
CBK0000876,TXN00010046,USR91274,MCH 8960,17/01/2026 07:29 AM,22-Jan-2026,6572.39,double debit,User says UPI PIN was not entered by them.,REJECTED,2026-02-09 16:29:48,P3,CHATBOT,657239.0,DUPLICATE_DEBIT,REJECTED,TXN00010046,6572.39,False,6572.39,VALID_POSITIVE
CBK0002537,TXN66991,USR17742,MCH4337,1767778566,09/01/2026,1890.93,Customer Dispute,User reports money deducted but merchant denies receiving payment.,Closed,01-22-2026,L,ivr,189093.0,CUSTOMER_DISPUTE,CLOSED,TXN66991,1890.93,False,1890.93,VALID_POSITIVE
CBK0002507,TXN00016749,usr_55737,MCH5655,03-31-2026,03/04/2026,,Unauthorized Transaction,User claims account was compromised before txn.,CLOSED,14-Apr-2026,M,Call Center,,UNAUTHORIZED_TRANSACTION,CLOSED,TXN00016749,,False,,MISSING
CBK0002350,TXN64529,usr90246,MCH-9480,27/02/2026 02:51 AM,09/03/2026,Rs. 472,unauthorized_transaction,User says UPI PIN was not entered by them.,REJECTED,,MEDIUM,Email,472.0,UNAUTHORIZED_TRANSACTION,REJECTED,TXN64529,472.0,False,472.0,VALID_POSITIVE
CBK0001416,TXN00018367,USR98309,MCH7233,,03/01/2026 05:05 AM,1495.59,customer issue,Suspicious high-value payment disputed by customer.,REJECTED,29/01/2026 05:05 AM,P3,chatbot,149559.0,CUSTOMER_DISPUTE,REJECTED,TXN00018367,1495.59,False,1495.59,VALID_POSITIVE
CBK0002483,TXN00019669,USR65795,MCH-4328,01-12-2026,2026-01-13 18:43:01,"INR 1,522.61",not done by me,User reports money deducted but merchant denies receiving payment.,Closed,2026/01/16,P4,Branch,152261.0,UNAUTHORIZED_TRANSACTION,CLOSED,TXN00019669,1522.61,False,1522.61,VALID_POSITIVE
CBK0001553,TXN00004048,USR26051,MCH3235,03-14-2026,,-815.95,no service,Customer says amount was debited twice.,In Progress,29-Mar-2026,Low,App,-81595.0,SERVICE_ISSUE,IN_PROGRESS,TXN00004048,-815.95,True,,NEGATIVE_INVALID
CBK0000651,TXN00011527,USR57088,1779,25/01/2026,2026/01/27,1443.54,unauth txn,User claims account was compromised before transaction.,Open,28/01/2026,M,chatbot,144354.0,UNAUTHORIZED_TRANSACTION,OPEN,TXN00011527,1443.54,False,1443.54,VALID_POSITIVE
CBK0000866,TXN00002719,USR11592,1717,03-05-2026,2026-03-12 23:06:00,2881.81,Unauthorized Transaction,user claims account was compromised before transaction.,Closed,,L,IVR,288181.0,UNAUTHORIZED_TRANSACTION,CLOSED,TXN00002719,2881.81,False,2881.81,VALID_POSITIVE
CBK0000260,TXN00006995,usr_27185,MCH1715,03-09-2026,1773323123,Rs. 793,Account Takeover,User claims account was compromised before transaction.,RESOLVED,2026/04/09,LOW,chatbot,793.0,ACCOUNT_TAKEOVER,RESOLVED,TXN00006995,793.0,False,793.0,VALID_POSITIVE
CBK0001397,TXN00001903,USR 40286,8305,2026-03-25 01:49:45,01/04/2026 06:49 AM,2512.35,suspicious transaction,User says UPI PIN was not entered by them.,REJECTED,1775026185,P1,ivr,251235.0,FRAUD,REJECTED,TXN00001903,2512.35,False,2512.35,VALID_POSITIVE
CBK0000374,TXN00005682,USR46350,MCH7622,22/02/2026 07:20 AM,2026-03-10 06:20:48,"2,014.01",Wrong Amount,User says UPI PIN was not entered by them.,RESOLVED,24/03/2026,P2,App,201401.0,AMOUNT_MISMATCH,RESOLVED,TXN00005682,2014.01,False,2014.01,VALID_POSITIVE
CBK0001557,TXN00010126,USR26970,mch8953,01-31-2026,11/02/2026 02:05 AM,"INR 1,107.77",complaint,Customer says amount was debited twice.,In Progress,,LOW,Email,110777.0,CUSTOMER_DISPUTE,IN_PROGRESS,TXN00010126,1107.77,False,1107.77,VALID_POSITIVE
CBK0001987,TXN00003622,USR56397,mch9762,2026-03-21 22:28:29,23/03/2026,409.07,amount mismatch,Merchant service was not delivered after payment.,OPEN,,Medium,chatbot,40907.0,AMOUNT_MISMATCH,OPEN,TXN00003622,409.07,False,409.07,VALID_POSITIVE
CBK0002351,TXN00008276,USR78874,MCH 4259,08/03/2026,23-Mar-2026,"INR 3,331.49",login compromised,Customer says txn was not authorized.,RESOLVED,15/04/2026 11:14 AM,CRITICAL,Email,333149.0,ACCOUNT_TAKEOVER,RESOLVED,TXN00008276,3331.49,False,3331.49,VALID_POSITIVE
CBK0000980,TXN00014697,USR44745,MCH-3674,27/03/2026,30-Mar-2026,4816.24,delivery issue,USER CLAIMS ACCOUNT WAS COMPROMISED BEFORE TRANSACTION.,RESOLVED,04-02-2026,M,CHATBOT,481624.0,DELIVERY_ISSUE,RESOLVED,TXN00014697,4816.24,False,4816.24,VALID_POSITIVE
CBK0002576,TXN00016892,92904,MCH3100,23-Jan-2026,29/01/2026 01:18 AM,"₹1,942.12",dispute raised,Payment made to unknown merchant as per customer statement. urgent,WIP,01-30-2026,P2,App,194212.0,CUSTOMER_DISPUTE,IN_PROGRESS,TXN00016892,1942.12,False,1942.12,VALID_POSITIVE
CBK0002312,TXN00010316,USR71728,MCH5783,12/03/2026,18/03/2026,"Rs. 1,419",not done by me,Suspicious high-value payment disputed by customer.,Pending Bank,,P2,Email,1419.0,UNAUTHORIZED_TRANSACTION,PENDING,TXN00010316,1419.0,False,1419.0,VALID_POSITIVE
CBK0000422,txn-00008098,USR71316,MCH9344,29/01/2026,26-Jan-2026,-488.38,extra amount deducted,User reports money deducted but merchant denies receiving payment.,RESOLVED,2026-02-16 10:30:02,P4,Call Center,-48838.0,AMOUNT_MISMATCH,RESOLVED,TXN-00008098,-488.38,True,,NEGATIVE_INVALID
CBK0000600,TXN00012715,USR19311,MCH3325,03-28-2026,2026/05/13,339.58,merchant service issue,Merchant service was not delivered after payment.,Pending Bank,,P2,ivr,33958.0,SERVICE_ISSUE,PENDING,TXN00012715,339.58,False,339.58,VALID_POSITIVE
CBK0000248,TXN00002141,12530,mch6850,18/03/2026 05:03 PM,1773961388,-816.65,Fraud Suspected,Merchant service was not delivered after payment.,PENDING_BANK,04-08-2026,P2,App,-81665.0,FRAUD,PENDING,TXN00002141,-816.65,True,,NEGATIVE_INVALID
CBK0002317,TXN00003637,USR 76315,MCH8796,2026/02/18,22/02/2026,4219.82,customer issue,Merchant service was not delivered after payment.,Pending Bank,28-Feb-2026,P2,IVR,421982.0,CUSTOMER_DISPUTE,PENDING,TXN00003637,4219.82,False,4219.82,VALID_POSITIVE
CBK0001219,TXN00002058,USR11226,MCH3986,01-24-2026,27-Jan-2026,,customer issue,Customer says amount was debited twice.,Rejected,13/02/2026,LOW,Branch,,CUSTOMER_DISPUTE,REJECTED,TXN00002058,,False,,MISSING
CBK0001145,TXN81933,USR63160,mch9899,,22/02/2026 07:21 PM,5283.13,merchant service issue,Customer says amount was debited twice. urgent,Closed,,H,ivr,528313.0,SERVICE_ISSUE,CLOSED,TXN81933,5283.13,False,5283.13,VALID_POSITIVE
CBK0000619,TXN00014324,USR68349,MCH5721,1772622340,05-Mar-2026,1724.56,service failed,User says UPI PIN was not entered by them.,REJECTED,03-25-2026,MEDIUM,chatbot,172456.0,SERVICE_ISSUE,REJECTED,TXN00014324,1724.56,False,1724.56,VALID_POSITIVE
CBK0001424,TXN00014077,35882,MCH 7435,1773687793,27-Mar-2026,₹411.20,not done by me,Payment made to unknown merchant as per cust statement.,WIP,,HIGH,Branch,41120.0,UNAUTHORIZED_TRANSACTION,IN_PROGRESS,TXN00014077,411.2,False,411.2,VALID_POSITIVE
CBK0001980,TXN00000841,USR85655,MCH5128,01-31-2026,2026-02-11 01:12:41,2083.96,delivery issue,Customer says transaction was not authorized.,Closed,02-15-2026,Low,App,208396.0,DELIVERY_ISSUE,CLOSED,TXN00000841,2083.96,False,2083.96,VALID_POSITIVE
CBK0000643,,USR85352,MCH-4035,21/03/2026,2026-03-20 14:03:45,"INR 1,167.69",complaint,User reports money deducted but merchant denies receiving payment.,REJECTED,15-Apr-2026,P3,IVR,116769.0,CUSTOMER_DISPUTE,REJECTED,,1167.69,False,1167.69,VALID_POSITIVE
CBK0000172,TXN00016070,USR32730,MCH2746,27/02/2026,2026/03/03,"₹2,123.39",double debit,User says UPI PIN was not entered by them.,REJECTED,19/03/2026,M,Email,212339.0,DUPLICATE_DEBIT,REJECTED,TXN00016070,2123.39,False,2123.39,VALID_POSITIVE
CBK0002184,TXN00015679,USR87165,MCH 1864,10/01/2026 10:44 PM,25-Feb-2026,Rs. 221,extra amount deducted,User reports money deducted but merchant denies receiving payment.,Rejected,13/03/2026,Low,ivr,221.0,AMOUNT_MISMATCH,REJECTED,TXN00015679,221.0,False,221.0,VALID_POSITIVE
CBK0002023,TXN00016636,usr_62254,mch2450,,,"₹6,720.23",delivery issue,User says UPI PIN was not entered by them. call dropped,REJECTED,19-Feb-2026,Medium,Email,672023.0,DELIVERY_ISSUE,REJECTED,TXN00016636,6720.23,False,6720.23,VALID_POSITIVE
CBK0000825,TXN00017847,71122,mch1632,1770266900,07-Feb-2026,Rs. 714,no service,Customer says transaction was not authorized.,CLOSED,,P2,ivr,714.0,SERVICE_ISSUE,CLOSED,TXN00017847,714.0,False,714.0,VALID_POSITIVE
CBK0001339,TXN00012423,usr81981,MCH 3013,01-29-2026,2026/01/30,591.32,incorrect amount,Customer says transaction was not authorized.,Rejected,2026/02/06,H,App,59132.0,AMOUNT_MISMATCH,REJECTED,TXN00012423,591.32,False,591.32,VALID_POSITIVE
CBK0001160,TXN00003861,USR-23561,MCH 9505,23/02/2026,2026-03-01 14:14:20,"₹2,199.33",Fraud Suspected,User claims account was compromised before transaction.,Closed,1773670460,H,App,219933.0,FRAUD,CLOSED,TXN00003861,2199.33,False,2199.33,VALID_POSITIVE
CBK0001665,TXN00007306,USR21049,mch7578,13/01/2026 08:22 PM,2026/01/16,"Rs. 1,333",not delivered,Customer says amount was debited twice.,PENDING_BANK,,Low,CHATBOT,1333.0,DELIVERY_ISSUE,PENDING,TXN00007306,1333.0,False,1333.0,VALID_POSITIVE
CBK0001711,txn-00011255,USR65114,MCH6292,2026/01/03,2026/01/04,,login compromised,Customer complaint text unclear due to poor call center notes.,Resolved,2026-01-07 01:32:03,HIGH,Branch,,ACCOUNT_TAKEOVER,RESOLVED,TXN-00011255,,False,,MISSING
CBK0000408,txn-00002581,USR97892,MCH9291,,1774918010,"₹2,926.63",charged twice,Customer says amount was debited twice.,IN_PROGRESS,11/04/2026,HIGH,Branch,292663.0,CHARGED TWICE,IN_PROGRESS,TXN-00002581,2926.63,False,2926.63,VALID_POSITIVE
CBK0002575,TXN00009510,USR82410,MCH 1905,09-Feb-2026,1770689588,"₹4,843.85",account hacked,Payment made to unknown merchant as per customer statement. call dropped,Open,10/02/2026 02:13 AM,L,Email,484385.0,ACCOUNT_TAKEOVER,OPEN,TXN00009510,4843.85,False,4843.85,VALID_POSITIVE
CBK0001908,TXN00018114,USR46902,MCH6850,01-15-2026,17-Jan-2026,2570.74,no service,User claims account was compromised before transaction.,PENDING_BANK,09/02/2026 07:51 PM,Medium,App,257074.0,SERVICE_ISSUE,PENDING,TXN00018114,2570.74,False,2570.74,VALID_POSITIVE
CBK0001346,TXN00008727,34157,MCH2836,2026-03-23 22:20:50,2026-03-23 23:20:50,3225.2,double debit,User says UPI PIN was not entered by them.,CLOSED,14/04/2026 11:20 PM,L,Email,32252.0,DUPLICATE_DEBIT,CLOSED,TXN00008727,3225.2,False,3225.2,VALID_POSITIVE
CBK0001611,TXN00009947,USR19432,mch1827,29-Mar-2026,2026/04/01,917.78,amount mismatch,Customer says amount was debited twice.,WIP,2026/04/05,P1,ivr,91778.0,AMOUNT_MISMATCH,IN_PROGRESS,TXN00009947,917.78,False,917.78,VALID_POSITIVE
CBK0001426,txn-00002655,69481,MCH1140,2026/01/14,1771074195,₹338.23,double debit,Complaint received after multiple failed attempts.,WIP,1773147795,P3,CHATBOT,33823.0,DUPLICATE_DEBIT,IN_PROGRESS,TXN-00002655,338.23,False,338.23,VALID_POSITIVE
CBK0000121,TXN00006459,17577,MCH2566,01-01-2026,01-02-2026,2479.76,Duplicate Debit,Merchant service was not delivered after payment.,CLOSED,2026/01/14,HIGH,Email,247976.0,DUPLICATE_DEBIT,CLOSED,TXN00006459,2479.76,False,2479.76,VALID_POSITIVE
CBK0000957,TXN00010512,usr_11315,7352,23-Jan-2026,24/01/2026,"₹2,568.37",dispute raised,Suspicious high-value payment disputed by customer.,WIP,17/02/2026 08:19 AM,M,App,256837.0,CUSTOMER_DISPUTE,IN_PROGRESS,TXN00010512,2568.37,False,2568.37,VALID_POSITIVE
CBK0002076,TXN00006073,USR96064,MCH3450,18-Feb-2026,2026/02/22,"₹7,404.88",charged twice,Suspicious high-value payment disputed by customer.,In Progress,02-26-2026,Low,Branch,740488.0,CHARGED TWICE,IN_PROGRESS,TXN00006073,7404.88,False,7404.88,VALID_POSITIVE
CBK0000428,TXN00008599,USR96496,2065,05/01/2026,07/01/2026,1339.16,Unauthorized Transaction,Merchant service was not delivered after payment.,CLOSED,02-03-2026,P4,Call Center,133916.0,UNAUTHORIZED_TRANSACTION,CLOSED,TXN00008599,1339.16,False,1339.16,VALID_POSITIVE
CBK0001937,TXN00010035,USR47034,MCH 8281,2026/03/13,03-16-2026,7882.54,charged twice,Payment made to unknown merchant as per customer statement. pls check asap,WIP,,M,Call Center,788254.0,CHARGED TWICE,IN_PROGRESS,TXN00010035,7882.54,False,7882.54,VALID_POSITIVE
CBK0001141,TXN00005079,USR69201,1384,,1771933521,"₹1,368.67",DUP_DEBIT,User reports money deducted but merchant denies receiving payment.,Pending Bank,2026/03/26,H,ivr,136867.0,DUPLICATE_DEBIT,PENDING,TXN00005079,1368.67,False,1368.67,VALID_POSITIVE
CBK0000393,TXN00010745,usr_77915,MCH3095,14/01/2026 07:00 PM,02-13-2026,-2212.96,login compromised,User claims account was compromised before transaction.,Rejected,16/02/2026 11:00 PM,CRITICAL,Branch,-221296.0,ACCOUNT_TAKEOVER,REJECTED,TXN00010745,-2212.96,True,,NEGATIVE_INVALID
CBK0001932,TXN00012671,USR93969,5980,01-10-2026,13/01/2026,739.17,Account Takeover,Customer says amount was debited twice.,CLOSED,1768804773,M,Branch,73917.0,ACCOUNT_TAKEOVER,CLOSED,TXN00012671,739.17,False,739.17,VALID_POSITIVE
CBK0002696,TXN00011475,USR20908,MCH7180,2026-02-20 13:52:14,2026-03-02 19:52:14,-2769.32,customer issue,User reports money deducted but merchant denies receiving payment.,Open,,Medium,IVR,-276932.0,CUSTOMER_DISPUTE,OPEN,TXN00011475,-2769.32,True,,NEGATIVE_INVALID
CBK0001946,TXN00002545,USR-63194,MCH8735,02-04-2026,07/02/2026,-230.58,DUP_DEBIT,User claims account was compromised before transaction.,Open,06/03/2026 04:09 PM,MEDIUM,App,-23058.0,DUPLICATE_DEBIT,OPEN,TXN00002545,-230.58,True,,NEGATIVE_INVALID
CBK0001741,TXN00003351,USR12829,MCH8665,02-16-2026,16/02/2026,1160.82,double debit,Complaint received after multiple failed attempts.,PENDING_BANK,,HIGH,Branch,116082.0,DUPLICATE_DEBIT,PENDING,TXN00003351,1160.82,False,1160.82,VALID_POSITIVE
CBK0000589,TXN00017838,USR43980,MCH2575,25/03/2026 06:56 AM,26/03/2026 09:56 PM,-1201.31,charged twice,Customer complaint text unclear due to poor call center notes.,Resolved,04-12-2026,P2,Branch,-120131.0,CHARGED TWICE,RESOLVED,TXN00017838,-1201.31,True,,NEGATIVE_INVALID
CBK0002494,TXN00001169,usr_83883,mch9848,2026-01-23 11:36:50,1770107810,"Rs. 6,071",complaint,User reports money deducted but merchant denies receiving payment.,Rejected,1772699810,M,chatbot,6071.0,CUSTOMER_DISPUTE,REJECTED,TXN00001169,6071.0,False,6071.0,VALID_POSITIVE
CBK0000539,TXN00006526,USR71316,MCH7840,,1768414592,-767.36,item not received,payment made to unknown merchant as per customer statement.,RESOLVED,01/02/2026,P3,App,-76736.0,DELIVERY_ISSUE,RESOLVED,TXN00006526,-767.36,True,,NEGATIVE_INVALID
CBK0001273,TXN00013925,USR73010,mch2489,,2026/04/01,"INR 3,151.89",DUP_DEBIT,User reports money deducted but merchant denies receiving payment.,Resolved,,M,chatbot,315189.0,DUPLICATE_DEBIT,RESOLVED,TXN00013925,3151.89,False,3151.89,VALID_POSITIVE
CBK0002029,TXN00005443,USR24926,MCH 5528,06/01/2026 02:23 AM,08/01/2026,3291.51,not done by me,User claims account was compromised before transaction.,Pending Bank,08/01/2026,Medium,Email,329151.0,UNAUTHORIZED_TRANSACTION,PENDING,TXN00005443,3291.51,False,3291.51,VALID_POSITIVE
CBK0001361,,USR87714,MCH7560,2026/02/08,19/02/2026 03:31 PM,3014.44,Wrong Amount,Complaint received after multiple failed attempts.,In Progress,2026/02/19,MEDIUM,IVR,301444.0,AMOUNT_MISMATCH,IN_PROGRESS,,3014.44,False,3014.44,VALID_POSITIVE
CBK0001341,TXN00001434,USR33704,MCH5584,10-Feb-2026,02-26-2026,"INR 3,251.08",Wrong Amount,Customer says transaction was not authorized. call dropped,CLOSED,1773542390,HIGH,IVR,325108.0,AMOUNT_MISMATCH,CLOSED,TXN00001434,3251.08,False,3251.08,VALID_POSITIVE
CBK0001854,TXN00017037,USR-75046,MCH2266,2026-02-15 20:40:31,1771810831,"Rs. 1,937",unauth txn,customer says transaction was not authorized.,Resolved,01-Mar-2026,P2,chatbot,1937.0,UNAUTHORIZED_TRANSACTION,RESOLVED,TXN00017037,1937.0,False,1937.0,VALID_POSITIVE
CBK0002783,TXN00003505,USR 92295,mch3100,31/01/2026,01/02/2026,"INR 1,516.67",amount mismatch,Customer complaint text unclear due to poor call center notes.,IN_PROGRESS,13-Feb-2026,P4,ivr,151667.0,AMOUNT_MISMATCH,IN_PROGRESS,TXN00003505,1516.67,False,1516.67,VALID_POSITIVE
CBK0000158,TXN00015663,usr86472,mch4826,10/03/2026,2026/03/13,5021.55,extra amount deducted,user reports money deducted but merchant denies receiving payment.,WIP,07/04/2026 02:02 PM,MEDIUM,Branch,502155.0,AMOUNT_MISMATCH,IN_PROGRESS,TXN00015663,5021.55,False,5021.55,VALID_POSITIVE
CBK0000760,TXN00007966,usr_83977,mch8953,03-11-2026,03-13-2026,Rs. 529,not done by me,Suspicious high-value payment disputed by customer.,WIP,20-Mar-2026,L,Call Center,529.0,UNAUTHORIZED_TRANSACTION,IN_PROGRESS,TXN00007966,529.0,False,529.0,VALID_POSITIVE
CBK0001448,txn-00006897,USR81435,MCH 9291,01/01/2026 02:21 PM,2026/01/03,"INR 3,386.10",DUP_DEBIT,Customer complaint text unclear due to poor call center notes.,Pending Bank,2026/01/31,L,Call Center,338610.0,DUPLICATE_DEBIT,PENDING,TXN-00006897,3386.1,False,3386.1,VALID_POSITIVE
CBK0000094,TXN00011368,USR24563,MCH8712,04/03/2026,14/03/2026 10:30 PM,"INR 3,661.74",ATO,CUSTOMER SAYS AMOUNT WAS DEBITED TWICE.,Open,2026-03-20 22:30:57,MEDIUM,Call Center,366174.0,ACCOUNT_TAKEOVER,OPEN,TXN00011368,3661.74,False,3661.74,VALID_POSITIVE
CBK0002690,TXN00005810,USR29306,MCH4473,2026-03-08 00:35:54,15-Mar-2026,-2850.55,not delivered,Customer says transaction was not authorized.,Closed,04-05-2026,MEDIUM,IVR,-285055.0,DELIVERY_ISSUE,CLOSED,TXN00005810,-2850.55,True,,NEGATIVE_INVALID
CBK0001173,TXN00009905,USR98061,MCH4181,2026-02-08 01:36:40,2026-02-13 16:36:40,"INR 2,251.54",FRAUD,Customer says amount was debited twice.,Resolved,2026-03-05 16:36:40,P3,App,225154.0,FRAUD,RESOLVED,TXN00009905,2251.54,False,2251.54,VALID_POSITIVE
CBK0000262,TXN00000442,USR95504,MCH6810,29-Mar-2026,2026/04/08,"Rs. 3,270",double debit,Suspicious high-value payment disputed by cust.,RESOLVED,20/04/2026,P4,Email,3270.0,DUPLICATE_DEBIT,RESOLVED,TXN00000442,3270.0,False,3270.0,VALID_POSITIVE
CBK0000065,TXN00007639,usr34880,1812,25-Mar-2026,2026-03-26 08:18:55,Rs. 544,incorrect amount,User reports money deducted but merchant denies receiving payment.,Closed,,LOW,ivr,544.0,AMOUNT_MISMATCH,CLOSED,TXN00007639,544.0,False,544.0,VALID_POSITIVE
CBK0000330,TXN00002603,USR33908,MCH3923,19/02/2026 12:11 AM,20/02/2026,2150.04,fraud,Suspicious high-value payment disputed by customer.,OPEN,21/03/2026 04:11 PM,M,chatbot,215004.0,FRAUD,OPEN,TXN00002603,2150.04,False,2150.04,VALID_POSITIVE
CBK0001903,TXN00010389,USR31084,MCH-8801,01-29-2026,31/01/2026,-6649.93,Wrong Amount,Merchant service was not delivered after payment.,Rejected,2026-02-06 20:36:40,LOW,Branch,-664993.0,AMOUNT_MISMATCH,REJECTED,TXN00010389,-6649.93,True,,NEGATIVE_INVALID
CBK0002313,TXN00009432,USR22939,MCH5264,30/03/2026,,-1466.07,Customer Dispute,USER SAYS UPI PIN WAS NOT ENTERED BY THEM.,Open,21/04/2026 06:14 AM,Medium,Call Center,-146607.0,CUSTOMER_DISPUTE,OPEN,TXN00009432,-1466.07,True,,NEGATIVE_INVALID
CBK0001773,TXN00016920,USR32081,MCH6850,2026/01/20,20/01/2026,"Rs. 2,798",Service Not Provided,User says UPI PIN was not entered by them. NA,CLOSED,,Medium,chatbot,2798.0,SERVICE_ISSUE,CLOSED,TXN00016920,2798.0,False,2798.0,VALID_POSITIVE
CBK0000808,TXN00006505,usr_69795,MCH2065,01-22-2026,2026/01/25,"Rs. 2,740",complaint,User claims account was compromised before transaction.,Resolved,1770685587,P3,chatbot,2740.0,CUSTOMER_DISPUTE,RESOLVED,TXN00006505,2740.0,False,2740.0,VALID_POSITIVE
CBK0002383,TXN00000491,USR82159,mch4802,1769924263,01/02/2026,₹929.69,item not received,Customer says amount was debited twice.,IN_PROGRESS,13-Feb-2026,MEDIUM,Branch,92969.0,DELIVERY_ISSUE,IN_PROGRESS,TXN00000491,929.69,False,929.69,VALID_POSITIVE
CBK0001970,TXN00018732,USR27533,MCH1428,07-Feb-2026,2026/02/11,2042.84,service failed,user says upi pin was not entered by them.,OPEN,1771822514,H,Branch,204284.0,SERVICE_ISSUE,OPEN,TXN00018732,2042.84,False,2042.84,VALID_POSITIVE
CBK0001582,TXN00016057,USR78482,MCH-9821,18/01/2026 01:06 AM,01-19-2026,3429.16,complaint,Customer says amount was debited twice.,Closed,,P2,chatbot,342916.0,CUSTOMER_DISPUTE,CLOSED,TXN00016057,3429.16,False,3429.16,VALID_POSITIVE
CBK0000241,TXN00009866,USR33877,MCH1509,21/02/2026 04:02 PM,2026/02/23,"₹6,769.33",Wrong Amount,Payment made to unknown merchant as per customer statement.,Resolved,2026-03-11 23:02:56,MEDIUM,IVR,676933.0,AMOUNT_MISMATCH,RESOLVED,TXN00009866,6769.33,False,6769.33,VALID_POSITIVE
CBK0001895,TXN00015855,USR98971,MCH-6850,2026/01/20,02-19-2026,"3,458.58",dispute raised,User claims account was compromised before transaction.,RESOLVED,15/03/2026 10:42 PM,P3,Branch,345858.0,CUSTOMER_DISPUTE,RESOLVED,TXN00015855,3458.58,False,3458.58,VALID_POSITIVE
CBK0000771,TXN00009466,USR62254,MCH5885,03-29-2026,1775002818,11523.08,no service,Payment made to unknown merchant as per customer statement.,PENDING_BANK,04-18-2026,CRIT,CHATBOT,1152308.0,SERVICE_ISSUE,PENDING,TXN00009466,11523.08,False,11523.08,VALID_POSITIVE
CBK0002340,TXN00012698,USR 17047,MCH3815,12-Mar-2026,2026/03/14,2283.53,login compromised,user reports money deducted but merchant denies receiving payment.,Pending Bank,2026-03-25 05:16:35,HIGH,Email,228353.0,ACCOUNT_TAKEOVER,PENDING,TXN00012698,2283.53,False,2283.53,VALID_POSITIVE
CBK0001252,TXN00004709,USR59225,MCH8154,21/01/2026 02:55 AM,2026-01-22 20:55:00,-741.74,Wrong Amount,user claims account was compromised before transaction.,PENDING_BANK,30-Jan-2026,LOW,App,-74174.0,AMOUNT_MISMATCH,PENDING,TXN00004709,-741.74,True,,NEGATIVE_INVALID
CBK0001041,TXN00010337,USR26761,7733,2026/01/05,2026-01-13 08:17:17,"Rs. 2,203",scam,Merchant service was not delivered after payment.,Pending Bank,2026/02/05,L,CHATBOT,2203.0,FRAUD,PENDING,TXN00010337,2203.0,False,2203.0,VALID_POSITIVE
CBK0000450,TXN00001983,USR 22405,MCH9291,1772405542,12/03/2026,"1,315.22",unauthorized_transaction,User claims account was compromised before transaction.,CLOSED,03-23-2026,HIGH,Branch,131522.0,UNAUTHORIZED_TRANSACTION,CLOSED,TXN00001983,1315.22,False,1315.22,VALID_POSITIVE
CBK0000944,TXN00005837,USR50434,MCH6459,,2026/02/24,438.11,charged twice,Complaint received after multiple failed attempts.,REJECTED,,L,Call Center,43811.0,CHARGED TWICE,REJECTED,TXN00005837,438.11,False,438.11,VALID_POSITIVE
CBK0000402,TXN00002200,USR69672,MCH6960,2026-02-09 08:40:20,12-Feb-2026,"₹3,741.98",customer issue,payment made to unknown merchant as per customer statement.,IN_PROGRESS,,LOW,Call Center,374198.0,CUSTOMER_DISPUTE,IN_PROGRESS,TXN00002200,3741.98,False,3741.98,VALID_POSITIVE
CBK0001528,TXN00007889,USR97360,MCH4970,03-20-2026,,"₹3,625.88",suspicious transaction,Customer says transaction was not authorized.,PENDING_BANK,2026/04/05,M,ivr,362588.0,FRAUD,PENDING,TXN00007889,3625.88,False,3625.88,VALID_POSITIVE
CBK0001228,TXN00005490,USR81497,MCH2383,03-22-2026,2026/03/25,,fraud,Customer says amount was debited twice.,Open,04-13-2026,P3,Branch,,FRAUD,OPEN,TXN00005490,,False,,MISSING
CBK0001342,TXN00000213,USR40195,MCH 3586,1771314075,2026-02-24 23:41:15,658.27,dispute raised,payment made to unknown merchant as per customer statement.,Closed,2026/03/09,Medium,Branch,65827.0,CUSTOMER_DISPUTE,CLOSED,TXN00000213,658.27,False,658.27,VALID_POSITIVE
CBK0002105,TXN00012640,USR96038,MCH7326,19-Feb-2026,07/03/2026,3800.84,charged twice,user reports money deducted but merchant denies receiving payment.,In Progress,17/03/2026 04:15 AM,P2,chatbot,380084.0,CHARGED TWICE,IN_PROGRESS,TXN00012640,3800.84,False,3800.84,VALID_POSITIVE
CBK0002339,TXN00002981,USR58082,mch2266,1770846161,1771011761,"₹7,275.81",customer issue,Suspicious high-value payment disputed by cust.,Rejected,,High,Call Center,727581.0,CUSTOMER_DISPUTE,REJECTED,TXN00002981,7275.81,False,7275.81,VALID_POSITIVE
CBK0002209,TXN00007219,USR48423,MCH2383,02-21-2026,2026-02-24 01:52:32,"5,143.78",no service,User reports money deducted but merchant denies receiving payment. call dropped,Resolved,03-01-2026,Low,chatbot,514378.0,SERVICE_ISSUE,RESOLVED,TXN00007219,5143.78,False,5143.78,VALID_POSITIVE
CBK0002399,TXN00015080,USR43847,MCH 7901,02-15-2026,16/02/2026,"INR 17,242.91",charged twice,Customer says transaction was not authorized.,CLOSED,03-17-2026,MEDIUM,Branch,1724291.0,CHARGED TWICE,CLOSED,TXN00015080,17242.91,False,17242.91,VALID_POSITIVE
CBK0000113,TXN00008131,USR 37470,MCH4899,27/03/2026 11:37 PM,2026/03/31,2367.83,not delivered,Suspicious high-value payment disputed by customer.,Resolved,,P4,App,236783.0,DELIVERY_ISSUE,RESOLVED,TXN00008131,2367.83,False,2367.83,VALID_POSITIVE
CBK0001248,TXN00012952,USR21667,2739,02/02/2026 08:39 AM,2026-02-18 02:39:13,596.6,merchant service issue,Customer says transaction was not authorized.,Pending Bank,,Low,chatbot,5966.0,SERVICE_ISSUE,PENDING,TXN00012952,596.6,False,596.6,VALID_POSITIVE
CBK0002189,TXN00001962,USR-79577,MCH4590,03-19-2026,2026-03-24 13:53:58,,delivery issue,User reports money deducted but merchant denies receiving payment.,Resolved,26/03/2026,P3,Call Center,,DELIVERY_ISSUE,RESOLVED,TXN00001962,,False,,MISSING
CBK0002042,TXN00004367,usr27533,MCH4473,09/03/2026,2026-04-24 16:40:44,2126.85,Service Not Provided,User claims account was compromised before transaction.,RESOLVED,23/05/2026 04:40 PM,HIGH,App,212685.0,SERVICE_ISSUE,RESOLVED,TXN00004367,2126.85,False,2126.85,VALID_POSITIVE
CBK0001782,TXN00014790,USR75856,mch6661,01-26-2026,1769496994,350.19,account hacked,MERCHANT SERVICE WAS NOT DELIVERED AFTER PAYMENT.,Rejected,,MEDIUM,Call Center,35019.0,ACCOUNT_TAKEOVER,REJECTED,TXN00014790,350.19,False,350.19,VALID_POSITIVE
CBK0002374,TXN00005973,USR96482,8041,,07/02/2026,10229.48,unauthorized_transaction,User claims account was compromised before transaction.,Pending Bank,02-22-2026,Medium,App,1022948.0,UNAUTHORIZED_TRANSACTION,PENDING,TXN00005973,10229.48,False,10229.48,VALID_POSITIVE
CBK0000175,TXN00009098,USR 33215,MCH3992,1767486218,01/01/2026 12:23 AM,"4,947.89",service failed,Payment made to unknown merchant as per customer statement.,CLOSED,28-Jan-2026,Low,ivr,494789.0,SERVICE_ISSUE,CLOSED,TXN00009098,4947.89,False,4947.89,VALID_POSITIVE
CBK0002088,TXN00008054,USR62622,MCH9449,2026-02-18 13:04:00,2026/02/24,"1,065.28",ATO,Complaint received after multiple failed attempts.,Open,22/03/2026 07:04 AM,P2,CHATBOT,106528.0,ACCOUNT_TAKEOVER,OPEN,TXN00008054,1065.28,False,1065.28,VALID_POSITIVE
CBK0000524,TXN00015049,USR87914,MCH-2893,01-19-2026,01-15-2026,"1,148.57",Fraud Suspected,merchant service was not delivered after payment.,In Progress,02-01-2026,MEDIUM,Email,114857.0,FRAUD,IN_PROGRESS,TXN00015049,1148.57,False,1148.57,VALID_POSITIVE
CBK0000998,TXN00003928,USR 14815,MCH1685,01-15-2026,2026-01-17 15:37:13,3481.55,double debit,Suspicious high-value payment disputed by customer.,IN_PROGRESS,24-Jan-2026,P1,Email,348155.0,DUPLICATE_DEBIT,IN_PROGRESS,TXN00003928,3481.55,False,3481.55,VALID_POSITIVE
CBK0001030,TXN00015761,usr84665,MCH9176,,09/02/2026,"INR 1,091.95",Wrong Amount,Customer complaint text unclear due to poor call center notes.,WIP,15-Feb-2026,LOW,Branch,109195.0,AMOUNT_MISMATCH,IN_PROGRESS,TXN00015761,1091.95,False,1091.95,VALID_POSITIVE
CBK0001296,TXN00000132,USR44587,MCH 4473,2026/02/05,08/02/2026 02:36 AM,548.59,unauthorized_transaction,Payment made to unknown merchant as per customer statement.,IN_PROGRESS,14/02/2026 02:36 AM,M,App,54859.0,UNAUTHORIZED_TRANSACTION,IN_PROGRESS,TXN00000132,548.59,False,548.59,VALID_POSITIVE
CBK0000703,TXN00008400,USR58377,MCH6418,08-Feb-2026,2026/02/11,1939.11,Account Takeover,USER REPORTS MONEY DEDUCTED BUT MERCHANT DENIES RECEIVING PAYMENT.,Open,,LOW,App,193911.0,ACCOUNT_TAKEOVER,OPEN,TXN00008400,1939.11,False,1939.11,VALID_POSITIVE
CBK0002094,TXN00005575,USR62840,MCH8723,03/01/2026 02:47 PM,05-Jan-2026,1946.37,not done by me,User reports money deducted but merchant denies receiving payment.,PENDING_BANK,04/02/2026,Medium,ivr,194637.0,UNAUTHORIZED_TRANSACTION,PENDING,TXN00005575,1946.37,False,1946.37,VALID_POSITIVE
CBK0002219,TXN00005580,USR84190,MCH8763,1768390535,25/01/2026,3654.65,Duplicate Debit,SUSPICIOUS HIGH-VALUE PAYMENT DISPUTED BY CUSTOMER.,Resolved,2026/02/21,P2,Branch,365465.0,DUPLICATE_DEBIT,RESOLVED,TXN00005580,3654.65,False,3654.65,VALID_POSITIVE
CBK0000636,TXN00018402,USR46308,MCH2781,,02-27-2026,"₹1,848.85",login compromised,User claims account was compromised before transaction. details missing,CLOSED,2026-03-07 15:34:55,P4,ivr,184885.0,ACCOUNT_TAKEOVER,CLOSED,TXN00018402,1848.85,False,1848.85,VALID_POSITIVE
CBK0000682,TXN00002422,USR74392,MCH7833,03-25-2026,29/03/2026 02:21 AM,412.17,DUP_DEBIT,Customer complaint text unclear due to poor call center notes.,REJECTED,07/04/2026,MEDIUM,Branch,41217.0,DUPLICATE_DEBIT,REJECTED,TXN00002422,412.17,False,412.17,VALID_POSITIVE
CBK0002335,TXN00000843,usr66411,MCH 2439,2026/03/30,2026/04/05,-1440.33,customer issue,User says UPI PIN was not entered by them.,OPEN,29/04/2026,LOW,Email,-144033.0,CUSTOMER_DISPUTE,OPEN,TXN00000843,-1440.33,True,,NEGATIVE_INVALID
CBK0000482,TXN00014460,25683,MCH5655,02-07-2026,1770498520,651.01,Service Not Provided,Payment made to unknown merchant as per customer statement. details missing,RESOLVED,14/02/2026 09:08 PM,HIGH,ivr,65101.0,SERVICE_ISSUE,RESOLVED,TXN00014460,651.01,False,651.01,VALID_POSITIVE
CBK0002658,TXN00001412,91038,MCH9217,,2026-02-27 07:04:24,"Rs. 2,142",amount mismatch,SUSPICIOUS HIGH-VALUE PAYMENT DISPUTED BY CUSTOMER.,IN_PROGRESS,15/03/2026 07:04 AM,HIGH,Branch,2142.0,AMOUNT_MISMATCH,IN_PROGRESS,TXN00001412,2142.0,False,2142.0,VALID_POSITIVE
CBK0002744,TXN00012832,usr_47729,MCH4521,1772681457,04/04/2026,,unauthorized_transaction,Customer says transaction was not authorized.,WIP,2026-04-29 22:30:57,L,ivr,,UNAUTHORIZED_TRANSACTION,IN_PROGRESS,TXN00012832,,False,,MISSING
CBK0002582,TXN00016961,usr66391,MCH2476,2026/03/15,2026/03/16,508.34,fraud,MERCHANT SERVICE WAS NOT DELIVERED AFTER PAYMENT.,Pending Bank,1774887360,Critical,App,50834.0,FRAUD,PENDING,TXN00016961,508.34,False,508.34,VALID_POSITIVE
CBK0002422,TXN00019169,usr46308,MCH9028,26/03/2026,29-Mar-2026,"₹8,504.48",Unauthorized Transaction,user claims account was compromised before transaction.,IN_PROGRESS,,High,Call Center,850448.0,UNAUTHORIZED_TRANSACTION,IN_PROGRESS,TXN00019169,8504.48,False,8504.48,VALID_POSITIVE
CBK0002389,TXN00013105,USR51442,MCH8389,15/01/2026,,,login compromised,Complaint received after multiple failed attempts.,Rejected,27/01/2026 02:40 PM,P4,Email,,ACCOUNT_TAKEOVER,REJECTED,TXN00013105,,False,,MISSING
CBK0002504,TXN00010218,usr72223,MCH9305,12/02/2026,2026/02/14,"₹1,320.18",account hacked,Customer says transaction was not authorized.,Rejected,1772050569,M,Call Center,132018.0,ACCOUNT_TAKEOVER,REJECTED,TXN00010218,1320.18,False,1320.18,VALID_POSITIVE
CBK0000413,TXN00014824,USR46130,MCH3100,,1769618641,₹898.64,customer issue,User claims account was compromised before transaction.,WIP,,L,IVR,89864.0,CUSTOMER_DISPUTE,IN_PROGRESS,TXN00014824,898.64,False,898.64,VALID_POSITIVE
CBK0000735,TXN00011503,USR69437,MCH4181,09/03/2026,03-12-2026,"INR 2,059.59",Merchant Not Delivered,user claims account was compromised before transaction.,RESOLVED,20/03/2026,Low,Call Center,205959.0,DELIVERY_ISSUE,RESOLVED,TXN00011503,2059.59,False,2059.59,VALID_POSITIVE
CBK0001131,,USR67135,MCH5078,27-Feb-2026,01-Mar-2026,-2342.67,Account Takeover,Payment made to unknown merchant as per customer statement.,Resolved,1772541126,Medium,IVR,-234267.0,ACCOUNT_TAKEOVER,RESOLVED,,-2342.67,True,,NEGATIVE_INVALID
CBK0001289,TXN00014346,usr42041,MCH2938,31/01/2026,02-16-2026,-1908.15,service failed,User claims account was compromised before transaction.,PENDING_BANK,2026-03-04 06:21:47,L,ivr,-190815.0,SERVICE_ISSUE,PENDING,TXN00014346,-1908.15,True,,NEGATIVE_INVALID
CBK0002650,TXN00017156,USR66478,MCH 1329,17-Feb-2026,21/02/2026,2089.48,dispute raised,User claims account was compromised before transaction. urgent,Open,22/03/2026 06:13 AM,P3,Branch,208948.0,CUSTOMER_DISPUTE,OPEN,TXN00017156,2089.48,False,2089.48,VALID_POSITIVE
CBK0001859,TXN00011491,USR73845,MCH2215,14/01/2026,18-Jan-2026,"₹1,506.11",login compromised,Customer complaint text unclear due to poor call center notes.,IN_PROGRESS,2026-02-16 05:51:47,P4,Branch,150611.0,ACCOUNT_TAKEOVER,IN_PROGRESS,TXN00011491,1506.11,False,1506.11,VALID_POSITIVE
CBK0000993,TXN00007102,USR24926,MCH7286,23/03/2026 12:26 AM,28-Mar-2026,11415.12,merchant service issue,customer says amount was debited twice.,WIP,2026/04/06,P3,App,1141512.0,SERVICE_ISSUE,IN_PROGRESS,TXN00007102,11415.12,False,11415.12,VALID_POSITIVE
CBK0000018,TXN00013395,USR33081,MCH 5650,08-Jan-2026,2026/01/10,"₹6,485.64",account hacked,MERCHANT SERVICE WAS NOT DELIVERED AFTER PAYMENT.,CLOSED,,MEDIUM,CHATBOT,648564.0,ACCOUNT_TAKEOVER,CLOSED,TXN00013395,6485.64,False,6485.64,VALID_POSITIVE
CBK0001108,txn-00002909,USR19725,MCH-3152,10-Mar-2026,2026/03/11,INR 450.33,UNAUTHORISED,Customer says amount was debited twice.,Closed,2026-04-05 09:32:45,LOW,Email,45033.0,UNAUTHORIZED_TRANSACTION,CLOSED,TXN-00002909,450.33,False,450.33,VALID_POSITIVE
CBK0001698,TXN00015223,USR23621,MCH 7119,2026-02-08 05:56:19,02-09-2026,"1,336.12",item not received,Merchant service was not delivered after payment.,RESOLVED,,Medium,Email,133612.0,DELIVERY_ISSUE,RESOLVED,TXN00015223,1336.12,False,1336.12,VALID_POSITIVE
CBK0001803,TXN00007718,USR 33934,1524,26/03/2026,28/03/2026,1496.09,Unauthorized Transaction,User reports money deducted but merchant denies receiving payment.,IN_PROGRESS,18-Apr-2026,High,Email,149609.0,UNAUTHORIZED_TRANSACTION,IN_PROGRESS,TXN00007718,1496.09,False,1496.09,VALID_POSITIVE
CBK0002290,TXN00008903,USR27947,MCH7284,2026-02-17 16:33:46,24/02/2026,INR 601.89,FRAUD,suspicious high-value payment disputed by customer.,IN_PROGRESS,2026/03/01,CRITICAL,App,60189.0,FRAUD,IN_PROGRESS,TXN00008903,601.89,False,601.89,VALID_POSITIVE
CBK0001371,TXN00005048,USR43424,MCH1320,02-09-2026,02-10-2026,2992.52,charged twice,User says UPI PIN was not entered by them.,RESOLVED,2026/03/12,High,ivr,299252.0,CHARGED TWICE,RESOLVED,TXN00005048,2992.52,False,2992.52,VALID_POSITIVE
CBK0001482,TXN00002314,usr_23329,MCH8420,1772722119,08-Mar-2026,Rs. 505,item not received,User reports money deducted but merchant denies receiving payment.,CLOSED,27/03/2026,P2,Branch,505.0,DELIVERY_ISSUE,CLOSED,TXN00002314,505.0,False,505.0,VALID_POSITIVE
CBK0001684,TXN00010572,USR52501,MCH 5980,2026/01/05,07/01/2026,"Rs. 1,964",login compromised,Customer complaint text unclear due to poor call center notes.,REJECTED,22/01/2026,P2,chatbot,1964.0,ACCOUNT_TAKEOVER,REJECTED,TXN00010572,1964.0,False,1964.0,VALID_POSITIVE
CBK0000960,TXN00012384,USR41135,mch6810,21-Mar-2026,,461.01,unauthorized_transaction,suspicious high-value payment disputed by customer.,Pending Bank,1778050898,P3,ivr,46101.0,UNAUTHORIZED_TRANSACTION,PENDING,TXN00012384,461.01,False,461.01,VALID_POSITIVE
CBK0001812,TXN00006460,USR29769,MCH9537,,09/02/2026,"3,745.94",DUP_DEBIT,suspicious high-value payment disputed by customer.,Pending Bank,1772380013,P3,ivr,374594.0,DUPLICATE_DEBIT,PENDING,TXN00006460,3745.94,False,3745.94,VALID_POSITIVE
CBK0001272,TXN00018901,USR79175,MCH4473,12-Jan-2026,2026/01/15,"Rs. 2,585",amount mismatch,Customer says txn was not authorized.,WIP,12/02/2026 07:51 PM,L,chatbot,2585.0,AMOUNT_MISMATCH,IN_PROGRESS,TXN00018901,2585.0,False,2585.0,VALID_POSITIVE
CBK0000367,TXN00017265,USR30537,MCH-6902,10/01/2026,2026-01-25 16:37:52,2120.67,Merchant Not Delivered,user says upi pin was not entered by them.,RESOLVED,18/02/2026,Low,CHATBOT,212067.0,DELIVERY_ISSUE,RESOLVED,TXN00017265,2120.67,False,2120.67,VALID_POSITIVE
CBK0001546,TXN00006374,USR50077,mch5655,26-Jan-2026,29/01/2026,₹328.81,suspicious transaction,Customer says amount was debited twice.,Open,1771133395,M,App,32881.0,FRAUD,OPEN,TXN00006374,328.81,False,328.81,VALID_POSITIVE
CBK0000287,TXN00015777,USR40538,2822,27-Mar-2026,1775931582,-4982.63,suspicious transaction,payment made to unknown merchant as per customer statement.,WIP,2026-05-11 18:19:42,LOW,App,-498263.0,FRAUD,IN_PROGRESS,TXN00015777,-4982.63,True,,NEGATIVE_INVALID
CBK0001822,txn-00010858,USR89549,MCH 5264,01-16-2026,21/01/2026,Rs. 624,login compromised,Payment made to unknown merchant as per customer statement.,IN_PROGRESS,04/02/2026 07:12 AM,Medium,Call Center,624.0,ACCOUNT_TAKEOVER,IN_PROGRESS,TXN-00010858,624.0,False,624.0,VALID_POSITIVE
CBK0000728,TXN00018012,USR11036,MCH8256,26/03/2026,28/03/2026,722.5,extra amount deducted,Payment made to unknown merchant as per customer statement.,Closed,,Low,chatbot,7225.0,AMOUNT_MISMATCH,CLOSED,TXN00018012,722.5,False,722.5,VALID_POSITIVE
CBK0000662,TXN00001154,usr_55160,MCH3733,2026/01/09,15/01/2026 01:39 PM,336.21,delivery issue,complaint received after multiple failed attempts.,In Progress,2026-01-22 13:39:35,M,App,33621.0,DELIVERY_ISSUE,IN_PROGRESS,TXN00001154,336.21,False,336.21,VALID_POSITIVE
CBK0002338,TXN00001443,USR39700,mch7714,24/02/2026,27/02/2026 10:03 PM,1732.28,Duplicate Debit,User reports money deducted but merchant denies receiving payment.,WIP,03-20-2026,MEDIUM,chatbot,173228.0,DUPLICATE_DEBIT,IN_PROGRESS,TXN00001443,1732.28,False,1732.28,VALID_POSITIVE
CBK0001467,TXN00008130,USR27544,MCH4226,,07/01/2026,482.6,not delivered,MERCHANT SERVICE WAS NOT DELIVERED AFTER PAYMENT.,REJECTED,01-13-2026,MEDIUM,Email,4826.0,DELIVERY_ISSUE,REJECTED,TXN00008130,482.6,False,482.6,VALID_POSITIVE
CBK0001290,TXN00009715,USR21449,MCH9881,07/01/2026 10:39 PM,2026/01/23,1200.75,incorrect amount,Payment made to unknown merchant as per customer statement.,Closed,04/02/2026,L,App,120075.0,AMOUNT_MISMATCH,CLOSED,TXN00009715,1200.75,False,1200.75,VALID_POSITIVE
CBK0002411,TXN00013763,usr_34955,MCH8491,03-20-2026,03-23-2026,306.11,no service,User claims account was compromised before transaction. details missing,Pending Bank,16/04/2026,P3,IVR,30611.0,SERVICE_ISSUE,PENDING,TXN00013763,306.11,False,306.11,VALID_POSITIVE
CBK0001598,TXN00005489,33874,MCH6555,2026/03/16,17/03/2026 11:42 AM,3170.75,Fraud Suspected,User says UPI PIN was not entered by them.,Closed,2026-03-23 11:42:34,M,Call Center,317075.0,FRAUD,CLOSED,TXN00005489,3170.75,False,3170.75,VALID_POSITIVE
CBK0001414,TXN00000954,USR60939,mch6568,01-Feb-2026,02-Feb-2026,12462.99,ATO,User says UPI PIN was not entered by them.,RESOLVED,2026/02/18,Medium,chatbot,1246299.0,ACCOUNT_TAKEOVER,RESOLVED,TXN00000954,12462.99,False,12462.99,VALID_POSITIVE
CBK0001223,,USR 85507,MCH-1883,04/03/2026,03/04/2026,-1472.04,not done by me,merchant service was not delivered after payment.,PENDING_BANK,22-Apr-2026,P4,Call Center,-147204.0,UNAUTHORIZED_TRANSACTION,PENDING,,-1472.04,True,,NEGATIVE_INVALID
CBK0002142,TXN00001780,87262,1774,01-31-2026,05/02/2026 10:35 PM,2351.6,unauthorized_transaction,Customer says amount was debited twice.,OPEN,07/03/2026,H,CHATBOT,23516.0,UNAUTHORIZED_TRANSACTION,OPEN,TXN00001780,2351.6,False,2351.6,VALID_POSITIVE
CBK0001623,TXN00004018,USR 77422,MCH8838,13-Feb-2026,,11729.72,merchant service issue,Payment made to unknown merchant as per customer statement.,IN_PROGRESS,2026-03-01 01:02:03,Medium,CHATBOT,1172972.0,SERVICE_ISSUE,IN_PROGRESS,TXN00004018,11729.72,False,11729.72,VALID_POSITIVE
CBK0002342,TXN00018954,USR46617,MCH4286,21/01/2026,1772906686,3630.2,merchant service issue,User reports money deducted but merchant denies receiving payment. NA,REJECTED,20/03/2026,High,App,36302.0,SERVICE_ISSUE,REJECTED,TXN00018954,3630.2,False,3630.2,VALID_POSITIVE
CBK0001569,TXN00014298,USR48625,MCH4181,01-23-2026,2026/03/10,INR 665.91,scam,Customer says transaction was not authorized.,In Progress,,Medium,chatbot,66591.0,FRAUD,IN_PROGRESS,TXN00014298,665.91,False,665.91,VALID_POSITIVE
CBK0001353,TXN00019934,USR64893,MCH1320,,21/02/2026,-2640.42,unauth txn,complaint received after multiple failed attempts.,Pending Bank,,Low,ivr,-264042.0,UNAUTHORIZED_TRANSACTION,PENDING,TXN00019934,-2640.42,True,,NEGATIVE_INVALID
CBK0001894,TXN00013090,USR24730,MCH4226,2026-02-02 17:30:06,2026/02/05,1588.36,ATO,Customer complaint text unclear due to poor call center notes.,WIP,,M,App,158836.0,ACCOUNT_TAKEOVER,IN_PROGRESS,TXN00013090,1588.36,False,1588.36,VALID_POSITIVE
CBK0001522,TXN00013545,USR75846,MCH9344,07/02/2026,12/02/2026,"Rs. 2,483",incorrect amount,PAYMENT MADE TO UNKNOWN MERCHANT AS PER CUSTOMER STATEMENT.,RESOLVED,02-18-2026,P4,CHATBOT,2483.0,AMOUNT_MISMATCH,RESOLVED,TXN00013545,2483.0,False,2483.0,VALID_POSITIVE
CBK0001502,TXN00006961,USR72785,MCH-4196,31-Jan-2026,02-03-2026,2280.65,amount mismatch,Suspicious high-value payment disputed by customer. urgent,Open,07-Feb-2026,P3,ivr,228065.0,AMOUNT_MISMATCH,OPEN,TXN00006961,2280.65,False,2280.65,VALID_POSITIVE
CBK0000709,TXN00011910,USR-78593,MCH3912,03-08-2026,03-15-2026,"3,498.93",account hacked,suspicious high-value payment disputed by customer.,REJECTED,11-Apr-2026,Low,CHATBOT,349893.0,ACCOUNT_TAKEOVER,REJECTED,TXN00011910,3498.93,False,3498.93,VALID_POSITIVE
CBK0000010,TXN00006640,USR52772,MCH-3725,25/02/2026 11:06 PM,27/02/2026 03:06 AM,,login compromised,USER CLAIMS ACCOUNT WAS COMPROMISED BEFORE TRANSACTION.,CLOSED,,LOW,App,,ACCOUNT_TAKEOVER,CLOSED,TXN00006640,,False,,MISSING
CBK0000091,TXN00014621,USR78310,MCH9002,09/03/2026,03-16-2026,264.51,delivery issue,Complaint received after multiple failed attempts.,OPEN,,MEDIUM,IVR,26451.0,DELIVERY_ISSUE,OPEN,TXN00014621,264.51,False,264.51,VALID_POSITIVE
CBK0002557,TXN39623,USR35327,MCH3415,14/02/2026 02:29 AM,21/02/2026,Rs. 935,dispute raised,Customer says amount was debited twice.,Resolved,14-Mar-2026,Critical,chatbot,935.0,CUSTOMER_DISPUTE,RESOLVED,TXN39623,935.0,False,935.0,VALID_POSITIVE
CBK0000909,TXN00006059,usr60322,5605,22-Feb-2026,02-23-2026,-11598.12,charged twice,Customer complaint text unclear due to poor call center notes.,WIP,03-08-2026,P3,Call Center,-1159812.0,CHARGED TWICE,IN_PROGRESS,TXN00006059,-11598.12,True,,NEGATIVE_INVALID
CBK0000677,TXN00003443,USR 88570,mch2055,05-Feb-2026,12/02/2026,-7308.16,Fraud Suspected,Suspicious high-value payment disputed by customer.,Open,2026/02/21,LOW,Email,-730816.0,FRAUD,OPEN,TXN00003443,-7308.16,True,,NEGATIVE_INVALID
CBK0000435,TXN00009091,USR-82248,MCH5691,28/02/2026 11:29 AM,02/03/2026,INR 358.42,incorrect amount,User reports money deducted but merchant denies receiving payment.,Open,03-21-2026,P3,App,35842.0,AMOUNT_MISMATCH,OPEN,TXN00009091,358.42,False,358.42,VALID_POSITIVE
CBK0001325,TXN00012946,USR82083,MCH7565,15/03/2026,2026/03/22,₹315.95,FRAUD,Customer says transaction was not authorized.,REJECTED,04-09-2026,H,Branch,31595.0,FRAUD,REJECTED,TXN00012946,315.95,False,315.95,VALID_POSITIVE
CBK0001746,TXN00015688,USR40061,MCH-5969,01-13-2026,19/01/2026 10:27 AM,"Rs. 3,314",Account Takeover,Payment made to unknown merchant as per customer statement.,Pending Bank,13/02/2026,M,CHATBOT,3314.0,ACCOUNT_TAKEOVER,PENDING,TXN00015688,3314.0,False,3314.0,VALID_POSITIVE
CBK0000895,TXN00007313,USR 93581,MCH5980,10/01/2026,12/01/2026 10:24 AM,802.19,delivery issue,CUSTOMER COMPLAINT TEXT UNCLEAR DUE TO POOR CALL CENTER NOTES.,IN_PROGRESS,27-Jan-2026,H,App,80219.0,DELIVERY_ISSUE,IN_PROGRESS,TXN00007313,802.19,False,802.19,VALID_POSITIVE
CBK0000249,TXN00011669,USR26768,MCH 8390,03-30-2026,2026-04-03 16:51:59,"₹19,475.24",unauthorized_transaction,User claims account was compromised before transaction.,WIP,,M,chatbot,1947524.0,UNAUTHORIZED_TRANSACTION,IN_PROGRESS,TXN00011669,19475.24,False,19475.24,VALID_POSITIVE
CBK0002573,TXN00007177,USR70317,MCH8645,1770311549,06-Feb-2026,"INR 2,183.89",fraud,Merchant service was not delivered after payment.,RESOLVED,18/02/2026,Low,Call Center,218389.0,FRAUD,RESOLVED,TXN00007177,2183.89,False,2183.89,VALID_POSITIVE
CBK0001564,TXN00001739,USR36402,MCH6953,04-Feb-2026,06/03/2026 02:33 PM,482.37,Duplicate Debit,Customer complaint text unclear due to poor call center notes.,WIP,03-16-2026,P4,Email,48237.0,DUPLICATE_DEBIT,IN_PROGRESS,TXN00001739,482.37,False,482.37,VALID_POSITIVE
CBK0001059,TXN00009260,USR29465,MCH3341,14/01/2026,2026/01/21,"₹5,136.75",extra amount deducted,customer says transaction was not authorized.,Open,2026-02-06 23:34:05,Low,Branch,513675.0,AMOUNT_MISMATCH,OPEN,TXN00009260,5136.75,False,5136.75,VALID_POSITIVE
CBK0001785,TXN00018150,USR30819,MCH3100,2026/01/12,09-Jan-2026,"₹1,285.26",account hacked,User claims account was compromised before txn.,IN_PROGRESS,09-Jan-2026,MEDIUM,Branch,128526.0,ACCOUNT_TAKEOVER,IN_PROGRESS,TXN00018150,1285.26,False,1285.26,VALID_POSITIVE
CBK0000387,TXN00001261,usr11270,MCH 4799,22-Mar-2026,23/03/2026,1010.81,Wrong Amount,Payment made to unknown merchant as per customer statement.,RESOLVED,,Low,App,101081.0,AMOUNT_MISMATCH,RESOLVED,TXN00001261,1010.81,False,1010.81,VALID_POSITIVE
CBK0000166,TXN00011027,USR82338,MCH2856,1770338919,,"Rs. 1,781",Duplicate Debit,Customer complaint text unclear due to poor call center notes.,PENDING_BANK,09/02/2026,MEDIUM,Call Center,1781.0,DUPLICATE_DEBIT,PENDING,TXN00011027,1781.0,False,1781.0,VALID_POSITIVE
CBK0000288,TXN55417,USR41398,MCH 1803,2026/03/23,2026-03-25 07:56:30,9306.13,unauthorized_transaction,payment made to unknown merchant as per customer statement.,IN_PROGRESS,,P4,chatbot,930613.0,UNAUTHORIZED_TRANSACTION,IN_PROGRESS,TXN55417,9306.13,False,9306.13,VALID_POSITIVE
CBK0000195,TXN00014413,USR 30474,mch8961,2026-01-02 11:42:38,06/01/2026 09:42 AM,"2,399.47",not delivered,Customer says transaction was not authorized.,In Progress,11/01/2026,P3,ivr,239947.0,DELIVERY_ISSUE,IN_PROGRESS,TXN00014413,2399.47,False,2399.47,VALID_POSITIVE
CBK0001761,TXN00014440,USR24857,MCH-1433,14/01/2026,16/01/2026 06:29 PM,12244.08,ATO,Customer complaint text unclear due to poor call center notes. call dropped,Open,,HIGH,Branch,1224408.0,ACCOUNT_TAKEOVER,OPEN,TXN00014440,12244.08,False,12244.08,VALID_POSITIVE
CBK0001753,TXN00002207,USR 56780,MCH9581,,28/03/2026,-326.69,login compromised,Payment made to unknown merchant as per customer statement.,Pending Bank,18/04/2026,High,CHATBOT,-32669.0,ACCOUNT_TAKEOVER,PENDING,TXN00002207,-326.69,True,,NEGATIVE_INVALID
CBK0000020,TXN00010227,USR97817,MCH 7570,20-Feb-2026,2026/02/24,Rs. 258,item not received,Merchant service was not delivered after payment.,RESOLVED,03-21-2026,High,Branch,258.0,DELIVERY_ISSUE,RESOLVED,TXN00010227,258.0,False,258.0,VALID_POSITIVE
CBK0000942,TXN00000964,usr_78941,MCH3992,1774797497,06/04/2026,2761.55,charged twice,Suspicious high-value payment disputed by customer.,RESOLVED,06/04/2026 02:18 AM,L,ivr,276155.0,CHARGED TWICE,RESOLVED,TXN00000964,2761.55,False,2761.55,VALID_POSITIVE
CBK0002736,TXN00017399,USR27913,MCH5980,26/01/2026 07:18 PM,01-27-2026,685.65,no service,CUSTOMER COMPLAINT TEXT UNCLEAR DUE TO POOR CALL CENTER NOTES.,REJECTED,,CRITICAL,CHATBOT,68565.0,SERVICE_ISSUE,REJECTED,TXN00017399,685.65,False,685.65,VALID_POSITIVE
CBK0000940,TXN00012142,USR51720,mch2099,2026-03-17 12:23:25,03-20-2026,INR 355.28,DUP_DEBIT,Customer says transaction was not authorized.,Resolved,20/03/2026,P2,Email,35528.0,DUPLICATE_DEBIT,RESOLVED,TXN00012142,355.28,False,355.28,VALID_POSITIVE
CBK0000031,TXN00005788,USR80678,MCH4473,,2026-03-29 00:09:09,372.51,DUP_DEBIT,User claims account was compromised before transaction.,RESOLVED,2026-03-29 00:09:09,LOW,IVR,37251.0,DUPLICATE_DEBIT,RESOLVED,TXN00005788,372.51,False,372.51,VALID_POSITIVE
CBK0001210,TXN00014187,USR80504,MCH2456,2026/03/18,2026/03/20,Rs. 972,fraud,Complaint received after multiple failed attempts.,RESOLVED,25/03/2026 08:55 AM,LOW,CHATBOT,972.0,FRAUD,RESOLVED,TXN00014187,972.0,False,972.0,VALID_POSITIVE
CBK0002670,TXN00018420,USR34122,MCH3807,,12/03/2026 07:55 PM,"₹2,274.67",merchant service issue,Payment made to unknown merchant as per customer statement.,Pending Bank,03-28-2026,H,Branch,227467.0,SERVICE_ISSUE,PENDING,TXN00018420,2274.67,False,2274.67,VALID_POSITIVE
CBK0001707,TXN00006976,usr91675,MCH3676,2026/01/15,16/01/2026 02:55 AM,1752.57,account hacked,customer says amount was debited twice.,PENDING_BANK,1770951352,Low,Email,175257.0,ACCOUNT_TAKEOVER,PENDING,TXN00006976,1752.57,False,1752.57,VALID_POSITIVE
CBK0002073,TXN00007227,usr_23350,MCH8136,,2026/03/02,"₹1,894.93",extra amount deducted,Customer complaint text unclear due to poor call center notes.,Open,,P3,Branch,189493.0,AMOUNT_MISMATCH,OPEN,TXN00007227,1894.93,False,1894.93,VALID_POSITIVE
CBK0001648,TXN00003335,USR 96396,MCH-5954,28/03/2026,2026/04/07,1426.02,unauthorized_transaction,customer says transaction was not authorized.,PENDING_BANK,05/05/2026,H,ivr,142602.0,UNAUTHORIZED_TRANSACTION,PENDING,TXN00003335,1426.02,False,1426.02,VALID_POSITIVE
CBK0001755,txn-00008682,usr56480,MCH7833,1768793728,2026-01-20 22:35:28,"INR 5,944.75",Unauthorized Transaction,Suspicious high-value payment disputed by customer.,Closed,2026/01/21,Low,chatbot,594475.0,UNAUTHORIZED_TRANSACTION,CLOSED,TXN-00008682,5944.75,False,5944.75,VALID_POSITIVE
CBK0000952,TXN00013323,46902,MCH 2064,,24-Apr-2026,1986.27,not delivered,Complaint received after multiple failed attempts.,OPEN,2026/05/19,M,Call Center,198627.0,DELIVERY_ISSUE,OPEN,TXN00013323,1986.27,False,1986.27,VALID_POSITIVE
CBK0002378,TXN00014450,USR 74567,mch5798,10/03/2026,13/03/2026,"Rs. 2,438",Service Not Provided,Complaint received after multiple failed attempts.,In Progress,2026-03-13 23:03:21,LOW,CHATBOT,2438.0,SERVICE_ISSUE,IN_PROGRESS,TXN00014450,2438.0,False,2438.0,VALID_POSITIVE
CBK0001662,TXN00008240,USR43842,MCH7885,01-06-2026,08/01/2026,-962.34,no service,Merchant service was not delivered after payment.,Resolved,18/01/2026 07:29 PM,P2,Branch,-96234.0,SERVICE_ISSUE,RESOLVED,TXN00008240,-962.34,True,,NEGATIVE_INVALID
CBK0000275,TXN37497,usr_31937,MCH9768,20/02/2026,23-Feb-2026,Rs. 419,service failed,Complaint received after multiple failed attempts.,RESOLVED,08/03/2026,CRITICAL,chatbot,419.0,SERVICE_ISSUE,RESOLVED,TXN37497,419.0,False,419.0,VALID_POSITIVE
CBK0002206,TXN00009768,USR52915,MCH7051,,16-Mar-2026,"INR 5,082.98",Unauthorized Transaction,Payment made to unknown merchant as per customer statement.,Closed,17/03/2026 12:10 AM,Critical,Email,508298.0,UNAUTHORIZED_TRANSACTION,CLOSED,TXN00009768,5082.98,False,5082.98,VALID_POSITIVE
CBK0002687,TXN00017004,USR22471,MCH2822,27-Jan-2026,29/01/2026 03:06 AM,₹645.98,dispute raised,User says UPI PIN was not entered by them.,WIP,11-Feb-2026,Critical,Call Center,64598.0,CUSTOMER_DISPUTE,IN_PROGRESS,TXN00017004,645.98,False,645.98,VALID_POSITIVE
CBK0000843,TXN00014470,USR 23820,MCH3842,03-14-2026,1774397040,,merchant service issue,Complaint received after multiple failed attempts.,REJECTED,,P4,Call Center,,SERVICE_ISSUE,REJECTED,TXN00014470,,False,,MISSING
CBK0002212,TXN00010395,USR73737,MCH1395,2026-03-24 02:55:35,31-Mar-2026,"₹4,273.42",item not received,Customer says amount was debited twice. NA,WIP,1776063335,HIGH,chatbot,427342.0,DELIVERY_ISSUE,IN_PROGRESS,TXN00010395,4273.42,False,4273.42,VALID_POSITIVE
CBK0002231,TXN00010167,USR37981,7715,2026/03/08,2026-03-10 09:30:28,-3121.8,Customer Dispute,Customer says amount was debited twice.,In Progress,04-08-2026,Medium,chatbot,-31218.0,CUSTOMER_DISPUTE,IN_PROGRESS,TXN00010167,-3121.8,True,,NEGATIVE_INVALID
CBK0000475,TXN00015106,usr_66875,MCH7661,2026/02/11,18/02/2026,"INR 4,581.94",charged twice,Suspicious high-value payment disputed by customer.,OPEN,,Medium,Email,458194.0,CHARGED TWICE,OPEN,TXN00015106,4581.94,False,4581.94,VALID_POSITIVE
CBK0002741,TXN00016493,USR 97428,MCH9290,,,"₹1,664.55",account hacked,Complaint received after multiple failed attempts.,Closed,21/03/2026,L,ivr,166455.0,ACCOUNT_TAKEOVER,CLOSED,TXN00016493,1664.55,False,1664.55,VALID_POSITIVE
CBK0001221,TXN00002325,USR19262,MCH7654,28/03/2026 01:43 AM,,800.32,delivery issue,Payment made to unknown merchant as per customer statement.,WIP,26-Apr-2026,H,Email,80032.0,DELIVERY_ISSUE,IN_PROGRESS,TXN00002325,800.32,False,800.32,VALID_POSITIVE
CBK0000584,TXN00018381,USR 66286,MCH3433,24-Jan-2026,26/01/2026 12:09 AM,528.22,login compromised,Suspicious high-value payment disputed by customer.,OPEN,2026-02-17 00:09:38,P4,IVR,52822.0,ACCOUNT_TAKEOVER,OPEN,TXN00018381,528.22,False,528.22,VALID_POSITIVE
CBK0001297,TXN00002610,USR99997,MCH5710,01-04-2026,2026-01-10 07:41:28,784.51,extra amount deducted,suspicious high-value payment disputed by customer.,REJECTED,2026-02-09 07:41:28,MEDIUM,App,78451.0,AMOUNT_MISMATCH,REJECTED,TXN00002610,784.51,False,784.51,VALID_POSITIVE
CBK0001860,TXN00000877,USR24833,MCH8648,03-10-2026,11-Mar-2026,"1,251.70",Wrong Amount,Suspicious high-value payment disputed by customer.,Resolved,06-Apr-2026,P4,IVR,125170.0,AMOUNT_MISMATCH,RESOLVED,TXN00000877,1251.7,False,1251.7,VALID_POSITIVE
CBK0001456,TXN00003248,USR30500,2822,1770519403,09-Feb-2026,"10,277.41",Unauthorized Transaction,Suspicious high-value payment disputed by customer.,PENDING_BANK,16/02/2026,CRIT,Call Center,1027741.0,UNAUTHORIZED_TRANSACTION,PENDING,TXN00003248,10277.41,False,10277.41,VALID_POSITIVE
CBK0001261,TXN00001742,USR56247,MCH1220,24/01/2026,03-Feb-2026,"₹1,286.87",FRAUD,Customer complaint text unclear due to poor call center notes.,IN_PROGRESS,15/02/2026,Low,IVR,128687.0,FRAUD,IN_PROGRESS,TXN00001742,1286.87,False,1286.87,VALID_POSITIVE
CBK0000638,TXN00006348,USR97580,6624,01-17-2026,21/01/2026,506.14,Customer Dispute,user says upi pin was not entered by them.,In Progress,27/01/2026 12:24 AM,P3,chatbot,50614.0,CUSTOMER_DISPUTE,IN_PROGRESS,TXN00006348,506.14,False,506.14,VALID_POSITIVE
CBK0000029,TXN00006499,USR14810,MCH1545,2026-02-27 09:13:41,01/03/2026 08:13 PM,₹640.77,incorrect amount,User says UPI PIN was not entered by them.,CLOSED,,P3,chatbot,64077.0,AMOUNT_MISMATCH,CLOSED,TXN00006499,640.77,False,640.77,VALID_POSITIVE
CBK0001349,TXN00011307,usr_27947,MCH5452,31/03/2026 02:55 AM,1774986924,4006.77,login compromised,User says UPI PIN was not entered by them.,Pending Bank,06-Apr-2026,P4,Call Center,400677.0,ACCOUNT_TAKEOVER,PENDING,TXN00011307,4006.77,False,4006.77,VALID_POSITIVE
CBK0000751,TXN00008166,USR71704,MCH6694,,,813.72,unauthorized_transaction,USER CLAIMS ACCOUNT WAS COMPROMISED BEFORE TRANSACTION.,Rejected,2026-02-22 08:23:27,M,ivr,81372.0,UNAUTHORIZED_TRANSACTION,REJECTED,TXN00008166,813.72,False,813.72,VALID_POSITIVE
CBK0001656,TXN00014355,usr49179,MCH 9241,2026/03/31,15/05/2026 07:24 PM,842.31,Duplicate Debit,Customer says transaction was not authorized.,OPEN,09-Jun-2026,Low,Branch,84231.0,DUPLICATE_DEBIT,OPEN,TXN00014355,842.31,False,842.31,VALID_POSITIVE
CBK0001674,TXN00013171,usr_44076,MCH8679,27/02/2026 12:19 AM,13/04/2026,1091.17,account hacked,Customer complaint text unclear due to poor call center notes.,IN_PROGRESS,2026/04/18,P2,Branch,109117.0,ACCOUNT_TAKEOVER,IN_PROGRESS,TXN00013171,1091.17,False,1091.17,VALID_POSITIVE
CBK0000295,TXN00010097,30500,MCH3244,20/02/2026 01:27 AM,2026/02/22,12885.17,Unauthorized Transaction,Complaint received after multiple failed attempts.,PENDING_BANK,19/03/2026,L,ivr,1288517.0,UNAUTHORIZED_TRANSACTION,PENDING,TXN00010097,12885.17,False,12885.17,VALID_POSITIVE
CBK0000054,TXN00015105,USR-35239,9077,26/03/2026,29-Mar-2026,₹608.31,customer issue,User claims account was compromised before transaction.,Rejected,30/03/2026,P4,IVR,60831.0,CUSTOMER_DISPUTE,REJECTED,TXN00015105,608.31,False,608.31,VALID_POSITIVE
CBK0001078,TXN00001209,USR19922,mch6850,07-Feb-2026,13-Feb-2026,"₹2,704.46",Service Not Provided,User claims account was compromised before transaction.,WIP,,M,chatbot,270446.0,SERVICE_ISSUE,IN_PROGRESS,TXN00001209,2704.46,False,2704.46,VALID_POSITIVE
CBK0000768,TXN00002926,USR29277,MCH7998,03-Jan-2026,02-18-2026,"1,432.79",dispute raised,Customer complaint text unclear due to poor call center notes.,Open,02-19-2026,L,chatbot,143279.0,CUSTOMER_DISPUTE,OPEN,TXN00002926,1432.79,False,1432.79,VALID_POSITIVE
CBK0002700,TXN00018891,USR69797,MCH5713,,01-06-2026,"2,154.46",unauth txn,Customer complaint text unclear due to poor call center notes.,RESOLVED,04/02/2026 08:17 PM,HIGH,Email,215446.0,UNAUTHORIZED_TRANSACTION,RESOLVED,TXN00018891,2154.46,False,2154.46,VALID_POSITIVE
CBK0002167,TXN00008964,58972,MCH9155,20/01/2026,01-22-2026,"₹1,646.02",Account Takeover,Customer says amount was debited twice.,Pending Bank,,H,Email,164602.0,ACCOUNT_TAKEOVER,PENDING,TXN00008964,1646.02,False,1646.02,VALID_POSITIVE
CBK0002787,TXN00005483,USR89278,MCH4006,2026-01-12 00:44:38,2026/01/15,"₹2,130.14",no service,User reports money deducted but merchant denies receiving payment.,WIP,,MEDIUM,Call Center,213014.0,SERVICE_ISSUE,IN_PROGRESS,TXN00005483,2130.14,False,2130.14,VALID_POSITIVE
CBK0002552,TXN00011308,usr_27300,MCH-9291,30/03/2026,02/04/2026 07:18 PM,"Rs. 16,936",FRAUD,Complaint received after multiple failed attempts.,OPEN,26/04/2026,L,Call Center,16936.0,FRAUD,OPEN,TXN00011308,16936.0,False,16936.0,VALID_POSITIVE
CBK0002279,TXN00018603,USR39503,MCH 1658,1774270087,03-26-2026,3615.07,Duplicate Debit,Suspicious high-value payment disputed by customer.,REJECTED,26/03/2026 04:48 AM,CRIT,Call Center,361507.0,DUPLICATE_DEBIT,REJECTED,TXN00018603,3615.07,False,3615.07,VALID_POSITIVE
CBK0000950,TXN00016469,USR13599,MCH6400,2026-01-29 06:43:12,2026/02/06,"1,313.40",Account Takeover,Complaint received after multiple failed attempts.,In Progress,02-14-2026,H,CHATBOT,131340.0,ACCOUNT_TAKEOVER,IN_PROGRESS,TXN00016469,1313.4,False,1313.4,VALID_POSITIVE
CBK0002046,TXN00013381,USR72135,MCH5076,08/01/2026 04:33 PM,18/01/2026 09:33 PM,1684.52,not delivered,User says UPI PIN was not entered by them.,Rejected,2026-02-17 21:33:18,LOW,Branch,168452.0,DELIVERY_ISSUE,REJECTED,TXN00013381,1684.52,False,1684.52,VALID_POSITIVE
CBK0002547,txn-00009614,USR83314,MCH4007,,12/02/2026,₹927.07,FRAUD,Customer complaint text unclear due to poor call center notes.,PENDING_BANK,01/03/2026,H,IVR,92707.0,FRAUD,PENDING,TXN-00009614,927.07,False,927.07,VALID_POSITIVE
CBK0000941,TXN00016470,USR 14844,2266,04/01/2026,1768038576,-1994.56,service failed,Customer says amount was debited twice.,Open,2026/01/10,HIGH,Email,-199456.0,SERVICE_ISSUE,OPEN,TXN00016470,-1994.56,True,,NEGATIVE_INVALID
CBK0001286,TXN00004472,usr83523,MCH 5954,2026-03-10 08:35:18,2026-03-07 08:35:18,,Merchant Not Delivered,Customer says transaction was not authorized. NA,Pending Bank,05/04/2026 08:35 AM,Medium,Branch,,DELIVERY_ISSUE,PENDING,TXN00004472,,False,,MISSING
CBK0002170,TXN00017055,USR56789,MCH5954,02-Mar-2026,03/03/2026,INR 226.51,DUP_DEBIT,Customer complaint text unclear due to poor call center notes.,REJECTED,16/03/2026,HIGH,chatbot,22651.0,DUPLICATE_DEBIT,REJECTED,TXN00017055,226.51,False,226.51,VALID_POSITIVE
CBK0001905,TXN00011981,80617,MCH7286,08/01/2026,11/01/2026,"INR 17,594.04",item not received,suspicious high-value payment disputed by customer.,Pending Bank,1769138908,L,Email,1759404.0,DELIVERY_ISSUE,PENDING,TXN00011981,17594.04,False,17594.04,VALID_POSITIVE
CBK0000179,TXN00017876,USR49537,mch5956,06-Mar-2026,2026-03-10 14:02:56,638.04,Fraud Suspected,Customer says transaction was not authorized.,WIP,2026/03/28,P2,IVR,63804.0,FRAUD,IN_PROGRESS,TXN00017876,638.04,False,638.04,VALID_POSITIVE
CBK0002676,TXN00004927,USR19351,MCH3684,05/03/2026,,"INR 1,530.60",service failed,Merchant service was not delivered after payment.,RESOLVED,,P4,App,153060.0,SERVICE_ISSUE,RESOLVED,TXN00004927,1530.6,False,1530.6,VALID_POSITIVE
CBK0001302,TXN00007192,USR80872,MCH2757,01-08-2026,01-16-2026,1195.71,Merchant Not Delivered,Suspicious high-value payment disputed by customer.,PENDING_BANK,08/02/2026,P3,ivr,119571.0,DELIVERY_ISSUE,PENDING,TXN00007192,1195.71,False,1195.71,VALID_POSITIVE
CBK0000591,TXN00011869,usr_62847,MCH-3840,16/01/2026 05:31 AM,02/03/2026,"8,004.21",amount mismatch,User claims account was compromised before transaction.,CLOSED,24-Mar-2026,P1,Call Center,800421.0,AMOUNT_MISMATCH,CLOSED,TXN00011869,8004.21,False,8004.21,VALID_POSITIVE
CBK0000460,TXN00001710,USR13062,MCH2803,2026/03/22,21-Apr-2026,-5894.84,ATO,customer complaint text unclear due to poor call center notes.,Resolved,,P3,ivr,-589484.0,ACCOUNT_TAKEOVER,RESOLVED,TXN00001710,-5894.84,True,,NEGATIVE_INVALID
CBK0000570,TXN00006817,USR13134,MCH 3815,03-24-2026,25/03/2026,774.67,login compromised,Customer says transaction was not authorized.,PENDING_BANK,10-Apr-2026,M,CHATBOT,77467.0,ACCOUNT_TAKEOVER,PENDING,TXN00006817,774.67,False,774.67,VALID_POSITIVE
CBK0001161,TXN00004594,USR-71825,MCH8679,02-23-2026,24-Feb-2026,315.15,Fraud Suspected,Customer complaint text unclear due to poor call center notes.,WIP,24-Mar-2026,MEDIUM,App,31515.0,FRAUD,IN_PROGRESS,TXN00004594,315.15,False,315.15,VALID_POSITIVE
CBK0002019,TXN00005409,USR58335,MCH-1825,1774652781,2026-03-29 14:06:21,504.51,DUP_DEBIT,Customer says transaction was not authorized.,Resolved,,CRITICAL,App,50451.0,DUPLICATE_DEBIT,RESOLVED,TXN00005409,504.51,False,504.51,VALID_POSITIVE
CBK0002751,TXN00015657,USR-59679,MCH3440,08-Feb-2026,2026/02/10,1966.13,no service,User says UPI PIN was not entered by them.,REJECTED,25/02/2026,LOW,ivr,196613.0,SERVICE_ISSUE,REJECTED,TXN00015657,1966.13,False,1966.13,VALID_POSITIVE
CBK0001766,,USR12686,mch7267,18/02/2026,18/02/2026,1546.27,account hacked,User claims account was compromised before transaction.,Resolved,2026-03-20 10:31:04,P2,chatbot,154627.0,ACCOUNT_TAKEOVER,RESOLVED,,1546.27,False,1546.27,VALID_POSITIVE
CBK0002685,TXN00018738,USR32577,MCH5980,10/02/2026,2026/03/13,1179.22,double debit,Customer complaint text unclear due to poor call center notes.,PENDING_BANK,03-29-2026,LOW,CHATBOT,117922.0,DUPLICATE_DEBIT,PENDING,TXN00018738,1179.22,False,1179.22,VALID_POSITIVE
CBK0001179,TXN00016521,USR36519,MCH9839,02-25-2026,13/03/2026,"Rs. 2,697",scam,Customer says amount was debited twice.,PENDING_BANK,2026/04/07,Low,Email,2697.0,FRAUD,PENDING,TXN00016521,2697.0,False,2697.0,VALID_POSITIVE
CBK0002516,TXN73646,USR57758,MCH1812,24/01/2026,31-Jan-2026,"7,863.78",dispute raised,Payment made to unknown merchant as per customer statement.,RESOLVED,,HIGH,Email,786378.0,CUSTOMER_DISPUTE,RESOLVED,TXN73646,7863.78,False,7863.78,VALID_POSITIVE
CBK0002047,TXN00007439,USR65461,mch3896,09/03/2026 12:57 PM,03-12-2026,"₹3,333.48",FRAUD,User claims account was compromised before transaction.,Rejected,,L,chatbot,333348.0,FRAUD,REJECTED,TXN00007439,3333.48,False,3333.48,VALID_POSITIVE
CBK0000352,TXN00014436,USR 20197,mch8920,02/02/2026,1770315714,5439.35,account hacked,Suspicious high-value payment disputed by customer.,Pending Bank,2026-02-23 18:21:54,High,Branch,543935.0,ACCOUNT_TAKEOVER,PENDING,TXN00014436,5439.35,False,5439.35,VALID_POSITIVE
CBK0001568,TXN00010744,USR28325,mch2822,1770091613,1770206813,₹748.64,login compromised,User claims account was compromised before transaction.,Resolved,07/02/2026 12:06 PM,Medium,Branch,74864.0,ACCOUNT_TAKEOVER,RESOLVED,TXN00010744,748.64,False,748.64,VALID_POSITIVE
CBK0001997,TXN00019193,USR39555,MCH8953,01-10-2026,13/01/2026,"₹1,004.32",double debit,Complaint received after multiple failed attempts.,CLOSED,2026/02/09,P2,CHATBOT,100432.0,DUPLICATE_DEBIT,CLOSED,TXN00019193,1004.32,False,1004.32,VALID_POSITIVE
CBK0000400,TXN00009596,USR71348,mch7207,2026/01/21,01-24-2026,5224.53,double debit,user claims account was compromised before transaction.,In Progress,,MEDIUM,App,522453.0,DUPLICATE_DEBIT,IN_PROGRESS,TXN00009596,5224.53,False,5224.53,VALID_POSITIVE
CBK0000982,TXN00011350,USR93171,MCH5785,06-Jan-2026,14/01/2026,188.6,item not received,User reports money deducted but merchant denies receiving payment.,Closed,,P3,IVR,1886.0,DELIVERY_ISSUE,CLOSED,TXN00011350,188.6,False,188.6,VALID_POSITIVE
CBK0001618,TXN00015125,USR77086,MCH1644,2026/03/28,28-Apr-2026,Rs. 967,account hacked,customer says transaction was not authorized.,In Progress,2026/05/22,M,Branch,967.0,ACCOUNT_TAKEOVER,IN_PROGRESS,TXN00015125,967.0,False,967.0,VALID_POSITIVE
CBK0001730,TXN00006467,usr66854,4352,2026-02-19 12:08:55,1771582135,7505.86,Wrong Amount,CUSTOMER COMPLAINT TEXT UNCLEAR DUE TO POOR CALL CENTER NOTES.,REJECTED,17/03/2026,H,CHATBOT,750586.0,AMOUNT_MISMATCH,REJECTED,TXN00006467,7505.86,False,7505.86,VALID_POSITIVE
CBK0002249,TXN00005146,USR93984,MCH8154,03-26-2026,29/03/2026 08:57 AM,725.45,unauth txn,CUSTOMER SAYS TRANSACTION WAS NOT AUTHORIZED.,PENDING_BANK,24-Apr-2026,Medium,IVR,72545.0,UNAUTHORIZED_TRANSACTION,PENDING,TXN00005146,725.45,False,725.45,VALID_POSITIVE
CBK0001787,TXN00013934,USR50975,mch4366,1773323906,04-11-2026,487.43,ATO,Suspicious high-value payment disputed by customer.,IN_PROGRESS,2026/04/26,High,Email,48743.0,ACCOUNT_TAKEOVER,IN_PROGRESS,TXN00013934,487.43,False,487.43,VALID_POSITIVE
CBK0000936,TXN00008546,USR92782,MCH9921,2026-02-07 19:28:54,02-08-2026,936.49,dispute raised,User says UPI PIN was not entered by them.,RESOLVED,2026/02/17,L,CHATBOT,93649.0,CUSTOMER_DISPUTE,RESOLVED,TXN00008546,936.49,False,936.49,VALID_POSITIVE
CBK0001535,TXN00015786,USR49801,MCH2148,03-17-2026,20/03/2026 03:18 PM,14485.22,dispute raised,User reports money deducted but merchant denies receiving payment.,Pending Bank,,Medium,Call Center,1448522.0,CUSTOMER_DISPUTE,PENDING,TXN00015786,14485.22,False,14485.22,VALID_POSITIVE
CBK0001064,TXN00016822,usr_40162,MCH1101,19/01/2026 01:40 AM,19-Feb-2026,3058.22,Unauthorized Transaction,Customer says amount was debited twice.,IN_PROGRESS,03-02-2026,LOW,chatbot,305822.0,UNAUTHORIZED_TRANSACTION,IN_PROGRESS,TXN00016822,3058.22,False,3058.22,VALID_POSITIVE
CBK0002089,TXN00010784,USR61539,mch5778,2026-01-16 03:49:43,1768567783,782.96,customer issue,Customer says amount was debited twice.,OPEN,04-Feb-2026,H,Branch,78296.0,CUSTOMER_DISPUTE,OPEN,TXN00010784,782.96,False,782.96,VALID_POSITIVE
CBK0001897,TXN00008189,USR-22202,MCH4473,10/01/2026,09/02/2026 09:59 AM,577.55,DUP_DEBIT,User claims account was compromised before transaction.,In Progress,02-13-2026,MEDIUM,App,57755.0,DUPLICATE_DEBIT,IN_PROGRESS,TXN00008189,577.55,False,577.55,VALID_POSITIVE
CBK0001591,TXN00001778,USR22644,MCH3896,02-20-2026,2026-02-21 20:57:45,"Rs. 2,008",unauth txn,Customer complaint text unclear due to poor call center notes.,REJECTED,2026/03/23,P4,ivr,2008.0,UNAUTHORIZED_TRANSACTION,REJECTED,TXN00001778,2008.0,False,2008.0,VALID_POSITIVE
CBK0001510,TXN00009054,USR40521,MCH8665,16/01/2026 07:29 PM,18/01/2026,14177.27,UNAUTHORISED,customer says transaction was not authorized.,WIP,08-Feb-2026,Medium,IVR,1417727.0,UNAUTHORIZED_TRANSACTION,IN_PROGRESS,TXN00009054,14177.27,False,14177.27,VALID_POSITIVE
CBK0000351,TXN49383,USR-83155,MCH5768,30-Jan-2026,1769888665,614.57,Service Not Provided,Suspicious high-value payment disputed by cust.,Open,23/02/2026 07:44 PM,Low,chatbot,61457.0,SERVICE_ISSUE,OPEN,TXN49383,614.57,False,614.57,VALID_POSITIVE
CBK0001213,TXN00017444,29137,MCH6278,1774394383,2026/03/25,252.18,Unauthorized Transaction,User claims account was compromised before txn.,Pending Bank,2026/03/30,M,chatbot,25218.0,UNAUTHORIZED_TRANSACTION,PENDING,TXN00017444,252.18,False,252.18,VALID_POSITIVE
CBK0001031,TXN00018504,USR95238,MCH8391,2026/02/19,23/02/2026,2887.1,not done by me,Merchant service was not delivered after payment. details missing,RESOLVED,02-23-2026,L,Call Center,28871.0,UNAUTHORIZED_TRANSACTION,RESOLVED,TXN00018504,2887.1,False,2887.1,VALID_POSITIVE
CBK0001148,TXN00009676,USR-60032,MCH8953,18/01/2026,2026/02/03,,Unauthorized Transaction,User reports money deducted but merchant denies receiving payment.,Resolved,2026-03-02 08:39:23,L,CHATBOT,,UNAUTHORIZED_TRANSACTION,RESOLVED,TXN00009676,,False,,MISSING
CBK0002528,TXN00019669,usr43455,MCH2895,2026-03-10 12:00:49,11/03/2026,"₹2,022.82",scam,Customer says transaction was not authorized. call dropped,In Progress,,Medium,Email,202282.0,FRAUD,IN_PROGRESS,TXN00019669,2022.82,False,2022.82,VALID_POSITIVE
CBK0002233,TXN00010897,USR48881,MCH3815,2026-01-29 21:07:26,2026-02-14 17:07:26,5022.43,delivery issue,USER REPORTS MONEY DEDUCTED BUT MERCHANT DENIES RECEIVING PAYMENT.,In Progress,1772557646,P2,Branch,502243.0,DELIVERY_ISSUE,IN_PROGRESS,TXN00010897,5022.43,False,5022.43,VALID_POSITIVE
CBK0000147,TXN00003927,USR94184,MCH2234,02-09-2026,1771298815,₹875.30,Wrong Amount,Customer says transaction was not authorized.,CLOSED,18-Feb-2026,Low,ivr,87530.0,AMOUNT_MISMATCH,CLOSED,TXN00003927,875.3,False,875.3,VALID_POSITIVE
CBK0000527,,usr45627,MCH3427,26/03/2026 11:37 AM,28/03/2026,-171.98,fraud,User reports money deducted but merchant denies receiving payment.,WIP,,L,IVR,-17198.0,FRAUD,IN_PROGRESS,,-171.98,True,,NEGATIVE_INVALID
CBK0000140,TXN00001801,USR46902,MCH 2378,26/02/2026 07:20 AM,08/03/2026 07:20 AM,2789.99,Customer Dispute,User says UPI PIN was not entered by them.,WIP,1773127255,Low,Email,278999.0,CUSTOMER_DISPUTE,IN_PROGRESS,TXN00001801,2789.99,False,2789.99,VALID_POSITIVE
CBK0000613,TXN00002808,USR-82191,mch9948,2026/02/13,20-Feb-2026,604.93,Customer Dispute,Customer says transaction was not authorized.,Pending Bank,02/03/2026 02:21 AM,M,Email,60493.0,CUSTOMER_DISPUTE,PENDING,TXN00002808,604.93,False,604.93,VALID_POSITIVE
CBK0001796,TXN00014147,usr19352,MCH5990,12-Feb-2026,02-22-2026,"Rs. 2,551",account hacked,payment made to unknown merchant as per customer statement.,IN_PROGRESS,04-Mar-2026,LOW,Branch,2551.0,ACCOUNT_TAKEOVER,IN_PROGRESS,TXN00014147,2551.0,False,2551.0,VALID_POSITIVE
CBK0000336,TXN00004644,USR14768,MCH 8391,05/03/2026,08-Mar-2026,-3662.83,item not received,User claims account was compromised before transaction.,Resolved,,P4,ivr,-366283.0,DELIVERY_ISSUE,RESOLVED,TXN00004644,-3662.83,True,,NEGATIVE_INVALID
CBK0002179,TXN00002142,44124,MCH9291,14-Jan-2026,01-18-2026,"13,132.36",Service Not Provided,Customer says amount was debited twice.,Closed,2026/01/25,HIGH,chatbot,1313236.0,SERVICE_ISSUE,CLOSED,TXN00002142,13132.36,False,13132.36,VALID_POSITIVE
CBK0002623,,USR80824,mch3492,18/01/2026 02:41 PM,03/02/2026,1057.6,FRAUD,Suspicious high-value payment disputed by customer.,Rejected,21/02/2026,H,App,10576.0,FRAUD,REJECTED,,1057.6,False,1057.6,VALID_POSITIVE
CBK0001375,TXN00001251,USR45344,MCH4473,29/01/2026,2026/02/01,INR 802.62,complaint,Merchant service was not delivered after payment.,Resolved,,P2,chatbot,80262.0,CUSTOMER_DISPUTE,RESOLVED,TXN00001251,802.62,False,802.62,VALID_POSITIVE
CBK0001280,TXN00012568,usr61715,MCH6850,16/01/2026,2026-03-02 14:03:49,"Rs. 15,086",Customer Dispute,Customer says transaction was not authorized.,OPEN,03-11-2026,Low,Call Center,15086.0,CUSTOMER_DISPUTE,OPEN,TXN00012568,15086.0,False,15086.0,VALID_POSITIVE
CBK0002202,TXN00001215,USR-26403,MCH5655,01-01-2026,07-Jan-2026,5146.97,Merchant Not Delivered,Merchant service was not delivered after payment.,CLOSED,,P3,chatbot,514697.0,DELIVERY_ISSUE,CLOSED,TXN00001215,5146.97,False,5146.97,VALID_POSITIVE
CBK0002178,TXN00010512,USR39098,MCH 1080,2026/01/19,1769057876,₹752.10,extra amount deducted,Customer says amount was debited twice.,OPEN,,Low,ivr,75210.0,AMOUNT_MISMATCH,OPEN,TXN00010512,752.1,False,752.1,VALID_POSITIVE
CBK0002515,TXN00019171,95538,MCH5931,2026/03/30,2026/04/09,"INR 3,429.44",Wrong Amount,Customer says transaction was not authorized.,Resolved,,LOW,Call Center,342944.0,AMOUNT_MISMATCH,RESOLVED,TXN00019171,3429.44,False,3429.44,VALID_POSITIVE
CBK0000099,,USR93290,MCH3558,01-11-2026,01-17-2026,"₹1,317.94",Fraud Suspected,User claims account was compromised before transaction.,RESOLVED,,M,Email,131794.0,FRAUD,RESOLVED,,1317.94,False,1317.94,VALID_POSITIVE
CBK0002071,TXN00006958,USR61891,MCH7286,02-13-2026,13/02/2026,-1162.72,service failed,Payment made to unknown merchant as per customer statement.,Open,,High,IVR,-116272.0,SERVICE_ISSUE,OPEN,TXN00006958,-1162.72,True,,NEGATIVE_INVALID
CBK0000066,TXN00017748,USR86707,MCH8350,,12/02/2026,"Rs. 1,855",Service Not Provided,Customer complaint text unclear due to poor call center notes. call dropped,REJECTED,2026/03/06,Low,App,1855.0,SERVICE_ISSUE,REJECTED,TXN00017748,1855.0,False,1855.0,VALID_POSITIVE
CBK0002204,TXN00009040,usr97137,mch3202,2026-01-05 13:37:21,01-16-2026,-1600.6,Service Not Provided,Customer says transaction was not authorized.,IN_PROGRESS,15/02/2026,H,Call Center,-16006.0,SERVICE_ISSUE,IN_PROGRESS,TXN00009040,-1600.6,True,,NEGATIVE_INVALID
CBK0001942,TXN00017185,USR 88284,MCH 9344,03-08-2026,2026/03/16,384.18,Wrong Amount,Payment made to unknown merchant as per customer statement.,Open,04-Apr-2026,P3,Branch,38418.0,AMOUNT_MISMATCH,OPEN,TXN00017185,384.18,False,384.18,VALID_POSITIVE
CBK0000955,,USR66359,MCH2992,04/03/2026,2026-04-18 12:26:19,"₹1,214.33",delivery issue,Payment made to unknown merchant as per customer statement.,OPEN,,P4,IVR,121433.0,DELIVERY_ISSUE,OPEN,,1214.33,False,1214.33,VALID_POSITIVE
CBK0001156,TXN00010478,USR27893,MCH7475,2026-01-28 07:58:01,29/01/2026,Rs. 634,ATO,Merchant service was not delivered after payment.,In Progress,,P4,chatbot,634.0,ACCOUNT_TAKEOVER,IN_PROGRESS,TXN00010478,634.0,False,634.0,VALID_POSITIVE
CBK0001940,TXN00006894,USR 19400,MCH 3815,,26/02/2026,2016.51,delivery issue,Customer complaint text unclear due to poor call center notes.,Rejected,04/03/2026,HIGH,ivr,201651.0,DELIVERY_ISSUE,REJECTED,TXN00006894,2016.51,False,2016.51,VALID_POSITIVE
CBK0000135,TXN00013531,usr33763,MCH2483,,01-22-2026,"Rs. 2,390",item not received,User reports money deducted but merchant denies receiving payment.,In Progress,06/02/2026,P4,App,2390.0,DELIVERY_ISSUE,IN_PROGRESS,TXN00013531,2390.0,False,2390.0,VALID_POSITIVE
CBK0002522,,USR72963,MCH4406,,02-Mar-2026,₹584.72,not done by me,User claims account was compromised before transaction.,REJECTED,03-23-2026,L,App,58472.0,UNAUTHORIZED_TRANSACTION,REJECTED,,584.72,False,584.72,VALID_POSITIVE
CBK0002568,TXN00012990,USR24437,MCH-1818,1772379908,,3464.25,unauth txn,Customer says amount was debited twice.,CLOSED,,High,CHATBOT,346425.0,UNAUTHORIZED_TRANSACTION,CLOSED,TXN00012990,3464.25,False,3464.25,VALID_POSITIVE
CBK0001092,TXN00015253,USR 50458,MCH4725,,2026/03/17,"1,700.27",no service,CUSTOMER COMPLAINT TEXT UNCLEAR DUE TO POOR CALL CENTER NOTES.,PENDING_BANK,,Low,chatbot,170027.0,SERVICE_ISSUE,PENDING,TXN00015253,1700.27,False,1700.27,VALID_POSITIVE
CBK0001495,TXN00014774,USR 47392,MCH8779,23/03/2026,03/04/2026,2478.18,Unauthorized Transaction,Payment made to unknown merchant as per customer statement.,REJECTED,20/04/2026,P4,Branch,247818.0,UNAUTHORIZED_TRANSACTION,REJECTED,TXN00014774,2478.18,False,2478.18,VALID_POSITIVE
CBK0000296,TXN00003112,USR 49629,MCH1546,27/03/2026 12:17 PM,03-Apr-2026,"Rs. 4,974",merchant service issue,User says UPI PIN was not entered by them.,CLOSED,09/04/2026,M,CHATBOT,4974.0,SERVICE_ISSUE,CLOSED,TXN00003112,4974.0,False,4974.0,VALID_POSITIVE
CBK0002750,TXN00013670,USR26461,MCH 9342,11/02/2026,13-Mar-2026,"4,375.63",charged twice,User says UPI PIN was not entered by them.,Rejected,2026-03-18 18:50:28,MEDIUM,Branch,437563.0,CHARGED TWICE,REJECTED,TXN00013670,4375.63,False,4375.63,VALID_POSITIVE
CBK0002535,TXN00009226,USR99720,MCH-1211,2026/01/15,2026-01-22 15:05:21,"4,466.49",login compromised,User reports money deducted but merchant denies receiving payment.,Resolved,2026/01/24,MEDIUM,Branch,446649.0,ACCOUNT_TAKEOVER,RESOLVED,TXN00009226,4466.49,False,4466.49,VALID_POSITIVE
CBK0002545,TXN00010063,USR85767,MCH8999,2026-02-12 07:23:39,19/02/2026,219.86,Account Takeover,User says UPI PIN was not entered by them.,Open,03-09-2026,P3,CHATBOT,21986.0,ACCOUNT_TAKEOVER,OPEN,TXN00010063,219.86,False,219.86,VALID_POSITIVE
CBK0002186,TXN00003156,USR24528,mch4024,25-Feb-2026,26/02/2026,1072.99,Unauthorized Transaction,Customer complaint text unclear due to poor call center notes.,RESOLVED,19/03/2026,M,Email,107299.0,UNAUTHORIZED_TRANSACTION,RESOLVED,TXN00003156,1072.99,False,1072.99,VALID_POSITIVE
CBK0000978,TXN00006792,USR48647,5655,,27-Feb-2026,1704.54,extra amount deducted,Customer complaint text unclear due to poor call center notes.,Rejected,2026/03/02,LOW,Call Center,170454.0,AMOUNT_MISMATCH,REJECTED,TXN00006792,1704.54,False,1704.54,VALID_POSITIVE
CBK0001661,TXN00009867,usr15733,MCH8681,25/03/2026 04:28 AM,09-Apr-2026,"₹9,736.35",delivery issue,User reports money deducted but merchant denies receiving payment.,Rejected,2026-04-16 19:28:49,H,Branch,973635.0,DELIVERY_ISSUE,REJECTED,TXN00009867,9736.35,False,9736.35,VALID_POSITIVE
CBK0000354,TXN00013742,USR63462,MCH1320,16-Jan-2026,01-16-2026,"INR 3,062.43",Merchant Not Delivered,USER REPORTS MONEY DEDUCTED BUT MERCHANT DENIES RECEIVING PAYMENT.,WIP,2026/01/30,H,CHATBOT,306243.0,DELIVERY_ISSUE,IN_PROGRESS,TXN00013742,3062.43,False,3062.43,VALID_POSITIVE
CBK0002642,TXN00007026,USR88352,MCH 8311,02-13-2026,2026-02-24 05:34:00,,UNAUTHORISED,Suspicious high-value payment disputed by customer.,CLOSED,,P3,CHATBOT,,UNAUTHORIZED_TRANSACTION,CLOSED,TXN00007026,,False,,MISSING
CBK0002479,TXN00007945,USR12314,MCH9784,24/02/2026,1772357943,"₹2,209.68",Duplicate Debit,User says UPI PIN was not entered by them. call dropped,RESOLVED,03-05-2026,M,Branch,220968.0,DUPLICATE_DEBIT,RESOLVED,TXN00007945,2209.68,False,2209.68,VALID_POSITIVE
CBK0000934,TXN00014323,USR66946,MCH6810,22-Jan-2026,23/01/2026,"8,749.79",delivery issue,Suspicious high-value payment disputed by customer.,Rejected,2026-01-23 08:09:17,L,ivr,874979.0,DELIVERY_ISSUE,REJECTED,TXN00014323,8749.79,False,8749.79,VALID_POSITIVE
CBK0000499,TXN00011216,USR26571,MCH5954,25/01/2026,01-25-2026,-857.98,fraud,User reports money deducted but merchant denies receiving payment.,Rejected,02-13-2026,P1,Email,-85798.0,FRAUD,REJECTED,TXN00011216,-857.98,True,,NEGATIVE_INVALID
CBK0000312,TXN00013916,usr29758,MCH5655,2026-01-31 15:10:08,2026-02-10 22:10:08,804.06,dispute raised,Complaint received after multiple failed attempts.,Closed,03/03/2026,Medium,chatbot,80406.0,CUSTOMER_DISPUTE,CLOSED,TXN00013916,804.06,False,804.06,VALID_POSITIVE
CBK0000667,TXN00006052,USR54126,MCH2266,13/01/2026,15/01/2026,1664.31,customer issue,Complaint received after multiple failed attempts.,Pending Bank,,CRITICAL,Email,166431.0,CUSTOMER_DISPUTE,PENDING,TXN00006052,1664.31,False,1664.31,VALID_POSITIVE
CBK0001500,TXN00004113,USR65211,MCH5770,14/03/2026 11:50 AM,04-14-2026,1173.86,no service,USER SAYS UPI PIN WAS NOT ENTERED BY THEM.,CLOSED,04-26-2026,HIGH,Branch,117386.0,SERVICE_ISSUE,CLOSED,TXN00004113,1173.86,False,1173.86,VALID_POSITIVE
CBK0001524,TXN00010627,USR65183,MCH5171,17/02/2026,2026/02/18,,unauth txn,Customer says transaction was not authorized.,Resolved,03-09-2026,L,Branch,,UNAUTHORIZED_TRANSACTION,RESOLVED,TXN00010627,,False,,MISSING
CBK0000438,TXN00011978,USR 99732,7833,2026-02-03 10:00:52,04-Feb-2026,Rs. 466,item not received,Customer says transaction was not authorized. urgent,Pending Bank,,L,Email,466.0,DELIVERY_ISSUE,PENDING,TXN00011978,466.0,False,466.0,VALID_POSITIVE
CBK0000012,TXN00013740,35501,MCH8913,25/01/2026,1769629403,650.92,customer issue,Suspicious high-value payment disputed by customer.,Pending Bank,,Medium,chatbot,65092.0,CUSTOMER_DISPUTE,PENDING,TXN00013740,650.92,False,650.92,VALID_POSITIVE
CBK0001710,TXN00002546,USR96958,MCH4226,2026-01-06 03:50:09,2026/01/13,"₹6,642.41",Account Takeover,USER REPORTS MONEY DEDUCTED BUT MERCHANT DENIES RECEIVING PAYMENT.,REJECTED,,Low,Call Center,664241.0,ACCOUNT_TAKEOVER,REJECTED,TXN00002546,6642.41,False,6642.41,VALID_POSITIVE
CBK0001322,txn-00018670,USR33934,MCH9699,09-Mar-2026,13/03/2026,"₹3,883.93",amount mismatch,MERCHANT SERVICE WAS NOT DELIVERED AFTER PAYMENT.,RESOLVED,03-19-2026,MEDIUM,ivr,388393.0,AMOUNT_MISMATCH,RESOLVED,TXN-00018670,3883.93,False,3883.93,VALID_POSITIVE
CBK0000894,TXN00015855,95334,MCH6372,16/03/2026,19-Mar-2026,"Rs. 6,458",extra amount deducted,User says UPI PIN was not entered by them.,IN_PROGRESS,21/03/2026,LOW,App,6458.0,AMOUNT_MISMATCH,IN_PROGRESS,TXN00015855,6458.0,False,6458.0,VALID_POSITIVE
CBK0000784,TXN00014785,usr41135,MCH7286,31-Jan-2026,01-31-2026,1176.91,service failed,suspicious high-value payment disputed by customer.,IN_PROGRESS,1771235777,P4,Branch,117691.0,SERVICE_ISSUE,IN_PROGRESS,TXN00014785,1176.91,False,1176.91,VALID_POSITIVE
CBK0001573,TXN00015673,USR29406,mch4270,02-21-2026,01/03/2026 04:47 AM,,Fraud Suspected,User says UPI PIN was not entered by them.,CLOSED,,MEDIUM,IVR,,FRAUD,CLOSED,TXN00015673,,False,,MISSING
CBK0002149,TXN00011510,USR30541,MCH6295,2026/01/13,1768993937,7271.24,suspicious transaction,Merchant service was not delivered after payment.,Open,2026/01/30,P4,ivr,727124.0,FRAUD,OPEN,TXN00011510,7271.24,False,7271.24,VALID_POSITIVE
CBK0001257,,USR74209,6057,03-19-2026,25/03/2026 01:08 AM,2346.56,customer issue,Complaint received after multiple failed attempts.,Open,14/04/2026,P4,CHATBOT,234656.0,CUSTOMER_DISPUTE,OPEN,,2346.56,False,2346.56,VALID_POSITIVE
CBK0000370,,USR68023,mch2511,18-Feb-2026,1772099786,-3719.71,charged twice,User says UPI PIN was not entered by them.,Closed,2026/03/08,MEDIUM,App,-371971.0,CHARGED TWICE,CLOSED,,-3719.71,True,,NEGATIVE_INVALID
CBK0001398,TXN00015787,USR61935,MCH8643,06/02/2026 04:53 PM,2026-02-09 16:53:32,8787.96,unauth txn,payment made to unknown merchant as per customer statement.,Rejected,16/02/2026,P2,ivr,878796.0,UNAUTHORIZED_TRANSACTION,REJECTED,TXN00015787,8787.96,False,8787.96,VALID_POSITIVE
CBK0001343,TXN00017045,usr87914,MCH2822,01-20-2026,07-Mar-2026,"Rs. 1,409",not done by me,Suspicious high-value payment disputed by customer. urgent,WIP,2026/03/20,MEDIUM,CHATBOT,1409.0,UNAUTHORIZED_TRANSACTION,IN_PROGRESS,TXN00017045,1409.0,False,1409.0,VALID_POSITIVE
CBK0000769,TXN00010549,USR88037,MCH4590,16/01/2026,31/01/2026,"INR 6,630.73",complaint,Complaint received after multiple failed attempts.,IN_PROGRESS,02/03/2026 02:45 PM,P2,App,663073.0,CUSTOMER_DISPUTE,IN_PROGRESS,TXN00010549,6630.73,False,6630.73,VALID_POSITIVE
CBK0002111,TXN00019791,USR48202,mch2383,06/02/2026 06:10 AM,2026/02/08,Rs. 376,amount mismatch,Customer complaint text unclear due to poor call center notes.,CLOSED,17/02/2026 06:10 PM,L,CHATBOT,376.0,AMOUNT_MISMATCH,CLOSED,TXN00019791,376.0,False,376.0,VALID_POSITIVE
CBK0002589,TXN00001501,usr49236,MCH4590,22-Mar-2026,,1157.85,charged twice,Payment made to unknown merchant as per customer statement.,Open,12-Apr-2026,H,IVR,115785.0,CHARGED TWICE,OPEN,TXN00001501,1157.85,False,1157.85,VALID_POSITIVE
CBK0001391,TXN00008679,USR46067,mch1887,2026/03/22,1774299845,"₹1,294.70",Wrong Amount,Complaint received after multiple failed attempts.,Resolved,29/03/2026 09:04 PM,P3,CHATBOT,129470.0,AMOUNT_MISMATCH,RESOLVED,TXN00008679,1294.7,False,1294.7,VALID_POSITIVE
CBK0000496,TXN00005986,usr21449,MCH 1486,,01-23-2026,6879.04,Customer Dispute,User claims account was compromised before transaction. call dropped,OPEN,02-13-2026,High,Call Center,687904.0,CUSTOMER_DISPUTE,OPEN,TXN00005986,6879.04,False,6879.04,VALID_POSITIVE
CBK0000928,TXN00008356,USR74115,MCH9582,16/02/2026,21/02/2026,,Service Not Provided,User claims account was compromised before transaction. NA,CLOSED,1773769402,MEDIUM,CHATBOT,,SERVICE_ISSUE,CLOSED,TXN00008356,,False,,MISSING
CBK0000648,TXN00005486,USR11810,MCH1581,02-Feb-2026,02-04-2026,"Rs. 1,288",FRAUD,user says upi pin was not entered by them.,CLOSED,,LOW,Branch,1288.0,FRAUD,CLOSED,TXN00005486,1288.0,False,1288.0,VALID_POSITIVE
CBK0002136,TXN00005344,USR86525,MCH5753,24/03/2026,03-Apr-2026,"Rs. 1,422",Account Takeover,Customer complaint text unclear due to poor call center notes.,CLOSED,2026-04-04 09:48:11,High,CHATBOT,1422.0,ACCOUNT_TAKEOVER,CLOSED,TXN00005344,1422.0,False,1422.0,VALID_POSITIVE
CBK0001658,TXN00004488,usr_55710,MCH6850,2026-01-05 13:51:43,09-Jan-2026,"Rs. 2,468",incorrect amount,Complaint received after multiple failed attempts.,Rejected,,CRIT,App,2468.0,AMOUNT_MISMATCH,REJECTED,TXN00004488,2468.0,False,2468.0,VALID_POSITIVE
CBK0002436,TXN00008330,USR64405,MCH9291,03/03/2026,03-10-2026,"1,847.49",UNAUTHORISED,Customer complaint text unclear due to poor call center notes.,In Progress,01/04/2026,P3,Branch,184749.0,UNAUTHORIZED_TRANSACTION,IN_PROGRESS,TXN00008330,1847.49,False,1847.49,VALID_POSITIVE
CBK0002460,TXN00018148,USR68295,MCH2914,05/01/2026 03:46 PM,07/01/2026,"₹2,197.15",charged twice,Payment made to unknown merchant as per customer statement.,OPEN,2026-01-14 05:46:54,L,Branch,219715.0,CHARGED TWICE,OPEN,TXN00018148,2197.15,False,2197.15,VALID_POSITIVE
CBK0001162,TXN00012239,USR-22644,MCH5296,27/01/2026 03:49 PM,29/01/2026,"Rs. 6,796",Duplicate Debit,Customer complaint text unclear due to poor call center notes.,CLOSED,,Medium,CHATBOT,6796.0,DUPLICATE_DEBIT,CLOSED,TXN00012239,6796.0,False,6796.0,VALID_POSITIVE
CBK0002084,TXN83297,USR66974,MCH7833,30/03/2026 01:13 PM,2026/04/05,,not done by me,Payment made to unknown merchant as per cust statement.,WIP,,P1,ivr,,UNAUTHORIZED_TRANSACTION,IN_PROGRESS,TXN83297,,False,,MISSING
CBK0000003,TXN00013293,USR91078,MCH6993,2026-01-07 23:12:32,09/01/2026 02:12 PM,"₹1,290.78",incorrect amount,user says upi pin was not entered by them.,Rejected,04/02/2026,P2,ivr,129078.0,AMOUNT_MISMATCH,REJECTED,TXN00013293,1290.78,False,1290.78,VALID_POSITIVE
CBK0000669,TXN00018414,USR22639,MCH8836,1774709110,1774871110,3972.17,account hacked,user claims account was compromised before transaction.,IN_PROGRESS,,High,ivr,397217.0,ACCOUNT_TAKEOVER,IN_PROGRESS,TXN00018414,3972.17,False,3972.17,VALID_POSITIVE
CBK0000439,TXN00016295,USR-83930,MCH 9092,03-18-2026,21-Mar-2026,"₹10,226.59",incorrect amount,suspicious high-value payment disputed by customer.,OPEN,03-23-2026,MEDIUM,IVR,1022659.0,AMOUNT_MISMATCH,OPEN,TXN00016295,10226.59,False,10226.59,VALID_POSITIVE
CBK0002423,TXN00014966,USR26696,MCH9223,1771014820,17/02/2026,"₹10,848.72",merchant service issue,Payment made to unknown merchant as per cust statement.,Rejected,03/03/2026,HIGH,ivr,1084872.0,SERVICE_ISSUE,REJECTED,TXN00014966,10848.72,False,10848.72,VALID_POSITIVE
CBK0000282,TXN00016877,usr_87914,MCH 5070,10/03/2026 06:14 PM,2026-04-10 05:14:49,"INR 3,046.01",merchant service issue,Customer says transaction was not authorized.,RESOLVED,,MEDIUM,ivr,304601.0,SERVICE_ISSUE,RESOLVED,TXN00016877,3046.01,False,3046.01,VALID_POSITIVE
CBK0002195,TXN00004411,USR 48054,MCH9844,2026-02-05 23:26:12,09-Feb-2026,"Rs. 3,905",incorrect amount,User reports money deducted but merchant denies receiving payment.,Open,,P4,chatbot,3905.0,AMOUNT_MISMATCH,OPEN,TXN00004411,3905.0,False,3905.0,VALID_POSITIVE
CBK0002767,TXN00014701,USR79411,MCH8154,15-Feb-2026,19/02/2026 02:41 AM,4452.29,no service,Customer complaint text unclear due to poor call center notes.,Open,,High,chatbot,445229.0,SERVICE_ISSUE,OPEN,TXN00014701,4452.29,False,4452.29,VALID_POSITIVE
CBK0000538,TXN00005988,USR84311,MCH 2752,2026/01/10,26/01/2026 03:58 PM,1345.11,ATO,merchant service was not delivered after payment.,OPEN,,H,chatbot,134511.0,ACCOUNT_TAKEOVER,OPEN,TXN00005988,1345.11,False,1345.11,VALID_POSITIVE
CBK0001829,TXN00005136,USR58407,MCH5584,03-19-2026,22-Mar-2026,"1,719.63",Wrong Amount,User reports money deducted but merchant denies receiving payment.,Rejected,2026/03/24,M,Branch,171963.0,AMOUNT_MISMATCH,REJECTED,TXN00005136,1719.63,False,1719.63,VALID_POSITIVE
CBK0000807,TXN00017317,usr77247,mch5805,,2026-01-13 05:52:57,"8,056.19",incorrect amount,User claims account was compromised before transaction. pls check asap,In Progress,,Medium,CHATBOT,805619.0,AMOUNT_MISMATCH,IN_PROGRESS,TXN00017317,8056.19,False,8056.19,VALID_POSITIVE
CBK0001204,,USR37435,MCH7058,,,-16163.8,extra amount deducted,Merchant service was not delivered after payment.,REJECTED,22/01/2026,Medium,ivr,-161638.0,AMOUNT_MISMATCH,REJECTED,,-16163.8,True,,NEGATIVE_INVALID
CBK0002299,TXN00012406,USR 13926,MCH9166,01-11-2026,2026-01-12 05:57:06,-2900.07,Merchant Not Delivered,Customer says transaction was not authorized. urgent,IN_PROGRESS,,Low,ivr,-290007.0,DELIVERY_ISSUE,IN_PROGRESS,TXN00012406,-2900.07,True,,NEGATIVE_INVALID
CBK0002286,TXN00007923,USR 98994,MCH2676,01-30-2026,2026-02-07 13:24:35,2225.43,item not received,Payment made to unknown merchant as per customer statement.,Pending Bank,16/02/2026,Medium,IVR,222543.0,DELIVERY_ISSUE,PENDING,TXN00007923,2225.43,False,2225.43,VALID_POSITIVE
CBK0000567,TXN00016408,USR-33228,mch8298,16/02/2026,02-19-2026,5179.58,Wrong Amount,Customer says amount was debited twice.,Closed,23/02/2026 12:13 AM,LOW,Email,517958.0,AMOUNT_MISMATCH,CLOSED,TXN00016408,5179.58,False,5179.58,VALID_POSITIVE
CBK0001201,TXN00014054,usr85014,MCH-7286,15/03/2026,2026/03/15,,Merchant Not Delivered,Complaint received after multiple failed attempts.,Closed,27/03/2026 08:14 AM,LOW,CHATBOT,,DELIVERY_ISSUE,CLOSED,TXN00014054,,False,,MISSING
CBK0001779,TXN00006263,USR61731,MCH3837,22-Feb-2026,08/04/2026,843.91,dispute raised,Merchant service was not delivered after payment.,CLOSED,20/04/2026 07:46 PM,P4,App,84391.0,CUSTOMER_DISPUTE,CLOSED,TXN00006263,843.91,False,843.91,VALID_POSITIVE
CBK0000315,TXN00011615,USR-67684,MCH9052,30/01/2026 07:19 PM,2026-01-31 14:19:59,,fraud,merchant service was not delivered after payment.,Resolved,,MEDIUM,CHATBOT,,FRAUD,RESOLVED,TXN00011615,,False,,MISSING
CBK0000683,TXN00017581,USR54113,MCH6129,,2026-02-19 12:11:31,,not delivered,User says UPI PIN was not entered by them.,REJECTED,2026/03/21,L,CHATBOT,,DELIVERY_ISSUE,REJECTED,TXN00017581,,False,,MISSING
CBK0001014,TXN00005083,USR78215,MCH9892,29/01/2026 08:31 AM,1769869884,Rs. 448,not delivered,Payment made to unknown merchant as per customer statement.,REJECTED,,Medium,Email,448.0,DELIVERY_ISSUE,REJECTED,TXN00005083,448.0,False,448.0,VALID_POSITIVE
CBK0002450,TXN00005485,USR94055,MCH5437,1767726691,07/01/2026,4839.05,Fraud Suspected,Merchant service was not delivered after payment.,In Progress,09-Jan-2026,CRITICAL,Branch,483905.0,FRAUD,IN_PROGRESS,TXN00005485,4839.05,False,4839.05,VALID_POSITIVE
CBK0001114,TXN00004265,usr40538,MCH7833,03-06-2026,07/03/2026 12:42 AM,330.36,Merchant Not Delivered,Payment made to unknown merchant as per cust statement.,WIP,18/03/2026,L,CHATBOT,33036.0,DELIVERY_ISSUE,IN_PROGRESS,TXN00004265,330.36,False,330.36,VALID_POSITIVE
CBK0001947,TXN00018820,USR36913,MCH9291,02-20-2026,02/03/2026,7255.27,amount mismatch,User claims account was compromised before transaction.,RESOLVED,2026/03/27,LOW,ivr,725527.0,AMOUNT_MISMATCH,RESOLVED,TXN00018820,7255.27,False,7255.27,VALID_POSITIVE
CBK0002503,TXN00013623,USR34012,MCH2141,2026-03-05 13:39:14,,"3,159.54",Unauthorized Transaction,User says UPI PIN was not entered by them.,Open,04-02-2026,P4,Email,315954.0,UNAUTHORIZED_TRANSACTION,OPEN,TXN00013623,3159.54,False,3159.54,VALID_POSITIVE
CBK0002362,TXN00007811,usr20310,MCH 8076,2026-02-15 08:01:23,2026/02/18,"Rs. 1,224",Merchant Not Delivered,Payment made to unknown merchant as per customer statement.,IN_PROGRESS,2026-03-05 13:01:23,H,IVR,1224.0,DELIVERY_ISSUE,IN_PROGRESS,TXN00007811,1224.0,False,1224.0,VALID_POSITIVE
CBK0002060,TXN00010691,USR71335,MCH8391,09/01/2026,13/01/2026,INR 518.38,Wrong Amount,User reports money deducted but merchant denies receiving payment.,Rejected,01-20-2026,M,App,51838.0,AMOUNT_MISMATCH,REJECTED,TXN00010691,518.38,False,518.38,VALID_POSITIVE
CBK0001135,TXN00011148,usr_73600,MCH2913,07/02/2026,1771076038,745.95,Customer Dispute,User says UPI PIN was not entered by them.,Open,16/03/2026 01:33 PM,P4,IVR,74595.0,CUSTOMER_DISPUTE,OPEN,TXN00011148,745.95,False,745.95,VALID_POSITIVE
CBK0001631,TXN00014809,USR76917,MCH2822,24/02/2026 07:09 AM,02-25-2026,1458.95,Merchant Not Delivered,customer says amount was debited twice.,RESOLVED,2026/03/22,P2,App,145895.0,DELIVERY_ISSUE,RESOLVED,TXN00014809,1458.95,False,1458.95,VALID_POSITIVE
CBK0000363,TXN00014836,USR62092,MCH3992,22-Mar-2026,06/04/2026,,dispute raised,user reports money deducted but merchant denies receiving payment.,RESOLVED,28/04/2026 12:09 PM,L,chatbot,,CUSTOMER_DISPUTE,RESOLVED,TXN00014836,,False,,MISSING
CBK0002324,TXN00016940,USR80407,MCH7916,12/02/2026,2026/02/14,-60.71,item not received,Customer complaint text unclear due to poor call center notes.,Closed,13/03/2026 01:19 PM,LOW,App,-6071.0,DELIVERY_ISSUE,CLOSED,TXN00016940,-60.71,True,,NEGATIVE_INVALID
CBK0000375,TXN00015798,USR 47647,8330,10-Jan-2026,12-Jan-2026,"INR 5,976.69",extra amount deducted,suspicious high-value payment disputed by customer.,In Progress,26/01/2026 03:31 AM,P4,CHATBOT,597669.0,AMOUNT_MISMATCH,IN_PROGRESS,TXN00015798,5976.69,False,5976.69,VALID_POSITIVE
CBK0002593,TXN00017923,USR87216,mch8000,22/02/2026 07:31 AM,24/02/2026,"₹1,055.53",charged twice,Suspicious high-value payment disputed by customer.,CLOSED,1772533866,Medium,chatbot,105553.0,CHARGED TWICE,CLOSED,TXN00017923,1055.53,False,1055.53,VALID_POSITIVE
CBK0001120,TXN00004989,usr_96958,MCH5208,23-Jan-2026,24/01/2026 03:03 PM,5305.63,customer issue,customer says amount was debited twice.,PENDING_BANK,06/02/2026,P3,CHATBOT,530563.0,CUSTOMER_DISPUTE,PENDING,TXN00004989,5305.63,False,5305.63,VALID_POSITIVE
CBK0002032,TXN00017675,USR27832,MCH2457,,2026-03-17 08:41:11,,Account Takeover,User says UPI PIN was not entered by them.,WIP,23/03/2026,Medium,chatbot,,ACCOUNT_TAKEOVER,IN_PROGRESS,TXN00017675,,False,,MISSING
CBK0001442,TXN00004821,usr82070,MCH9291,08/03/2026,2026/03/18,165.89,DUP_DEBIT,Merchant service was not delivered after payment.,CLOSED,,LOW,CHATBOT,16589.0,DUPLICATE_DEBIT,CLOSED,TXN00004821,165.89,False,165.89,VALID_POSITIVE
CBK0001529,TXN00008099,USR86223,MCH1511,02-22-2026,02-24-2026,4576.69,not delivered,Customer says amount was debited twice.,Closed,20/03/2026,CRIT,IVR,457669.0,DELIVERY_ISSUE,CLOSED,TXN00008099,4576.69,False,4576.69,VALID_POSITIVE
CBK0002605,TXN00007342,USR51261,MCH9573,06/01/2026,02/01/2026 02:08 PM,"₹9,521.14",Service Not Provided,USER REPORTS MONEY DEDUCTED BUT MERCHANT DENIES RECEIVING PAYMENT.,In Progress,29/01/2026,P3,Branch,952114.0,SERVICE_ISSUE,IN_PROGRESS,TXN00007342,9521.14,False,9521.14,VALID_POSITIVE
CBK0000877,TXN00009172,USR96970,MCH9291,13/02/2026 08:27 AM,15-Feb-2026,880.82,extra amount deducted,Merchant service was not delivered after payment.,WIP,18/02/2026,P3,ivr,88082.0,AMOUNT_MISMATCH,IN_PROGRESS,TXN00009172,880.82,False,880.82,VALID_POSITIVE
CBK0001007,TXN00014381,USR-51742,MCH7833,11/01/2026,10-Feb-2026,"Rs. 1,523",Fraud Suspected,User reports money deducted but merchant denies receiving payment.,RESOLVED,,H,Call Center,1523.0,FRAUD,RESOLVED,TXN00014381,1523.0,False,1523.0,VALID_POSITIVE
CBK0001118,TXN63034,usr_93926,MCH9036,2026-01-24 09:06:58,26/01/2026,3681.27,UNAUTHORISED,USER CLAIMS ACCOUNT WAS COMPROMISED BEFORE TRANSACTION.,Pending Bank,,P2,CHATBOT,368127.0,UNAUTHORIZED_TRANSACTION,PENDING,TXN63034,3681.27,False,3681.27,VALID_POSITIVE
CBK0002323,,USR71935,MCH-3538,07/02/2026,1773036129,"₹2,538.09",unauthorized_transaction,Suspicious high-value payment disputed by customer. call dropped,In Progress,2026/03/16,L,Email,253809.0,UNAUTHORIZED_TRANSACTION,IN_PROGRESS,,2538.09,False,2538.09,VALID_POSITIVE
CBK0001691,TXN00010383,USR15365,MCH4695,12/02/2026,22/02/2026 12:37 PM,4163.19,Merchant Not Delivered,Customer says amount was debited twice.,Rejected,2026/02/28,Low,IVR,416319.0,DELIVERY_ISSUE,REJECTED,TXN00010383,4163.19,False,4163.19,VALID_POSITIVE
CBK0002723,TXN00017184,USR-90661,MCH2507,11/03/2026,13/03/2026 12:43 PM,3231.22,double debit,Customer says transaction was not authorized.,REJECTED,02/04/2026 12:43 PM,M,IVR,323122.0,DUPLICATE_DEBIT,REJECTED,TXN00017184,3231.22,False,3231.22,VALID_POSITIVE
CBK0000587,TXN00007285,USR-87500,MCH1569,,01/02/2026 08:40 AM,"₹4,196.87",double debit,User says UPI PIN was not entered by them.,Resolved,21/02/2026,H,CHATBOT,419687.0,DUPLICATE_DEBIT,RESOLVED,TXN00007285,4196.87,False,4196.87,VALID_POSITIVE
CBK0001026,TXN00009371,USR52820,MCH8391,02/01/2026,03/01/2026,,fraud,Suspicious high-value payment disputed by customer.,IN_PROGRESS,25/01/2026,CRIT,ivr,,FRAUD,IN_PROGRESS,TXN00009371,,False,,MISSING
CBK0000797,TXN00010208,USR84323,2140,23/02/2026,25/02/2026,687.82,item not received,User says UPI PIN was not entered by them.,IN_PROGRESS,12/03/2026,Low,IVR,68782.0,DELIVERY_ISSUE,IN_PROGRESS,TXN00010208,687.82,False,687.82,VALID_POSITIVE
CBK0002035,,USR74657,mch1497,01-25-2026,2026/01/27,,Customer Dispute,CUSTOMER COMPLAINT TEXT UNCLEAR DUE TO POOR CALL CENTER NOTES.,In Progress,,Low,chatbot,,CUSTOMER_DISPUTE,IN_PROGRESS,,,False,,MISSING
CBK0000676,TXN00010013,USR25470,MCH-9984,1774372082,03-24-2026,314.65,not delivered,Customer says transaction was not authorized.,IN_PROGRESS,15-Apr-2026,HIGH,IVR,31465.0,DELIVERY_ISSUE,IN_PROGRESS,TXN00010013,314.65,False,314.65,VALID_POSITIVE
CBK0001459,TXN00007662,USR87831,MCH6142,2026/02/17,02-18-2026,4479.85,scam,Merchant service was not delivered after payment.,OPEN,01-Mar-2026,M,IVR,447985.0,FRAUD,OPEN,TXN00007662,4479.85,False,4479.85,VALID_POSITIVE
CBK0000237,TXN00009246,USR-24926,MCH2943,,12/04/2026,"₹1,644.04",delivery issue,Suspicious high-value payment disputed by customer.,PENDING_BANK,2026/05/02,Low,CHATBOT,164404.0,DELIVERY_ISSUE,PENDING,TXN00009246,1644.04,False,1644.04,VALID_POSITIVE
CBK0000595,TXN00004517,USR57955,MCH8710,02-22-2026,02-23-2026,676.55,no service,Suspicious high-value payment disputed by customer.,Pending Bank,2026/02/24,Low,IVR,67655.0,SERVICE_ISSUE,PENDING,TXN00004517,676.55,False,676.55,VALID_POSITIVE
CBK0002344,TXN00018840,USR45486,MCH8357,2026/02/20,26/02/2026,"1,901.24",charged twice,complaint received after multiple failed attempts.,Closed,04-Mar-2026,H,Branch,190124.0,CHARGED TWICE,CLOSED,TXN00018840,1901.24,False,1901.24,VALID_POSITIVE
CBK0001299,TXN00006246,USR98736,MCH5076,,09-Feb-2026,1584.81,charged twice,Complaint received after multiple failed attempts.,In Progress,,M,Branch,158481.0,CHARGED TWICE,IN_PROGRESS,TXN00006246,1584.81,False,1584.81,VALID_POSITIVE
CBK0000774,TXN00000794,USR78569,MCH 4590,03-03-2026,2026/03/05,124.85,delivery issue,Suspicious high-value payment disputed by customer.,OPEN,1775298344,P3,IVR,12485.0,DELIVERY_ISSUE,OPEN,TXN00000794,124.85,False,124.85,VALID_POSITIVE
CBK0002779,TXN00001284,USR62254,MCH5430,04/01/2026,2026-01-06 22:17:15,₹141.27,Account Takeover,User claims account was compromised before transaction.,CLOSED,,P3,App,14127.0,ACCOUNT_TAKEOVER,CLOSED,TXN00001284,141.27,False,141.27,VALID_POSITIVE
CBK0001954,TXN00012046,USR82369,MCH6344,03/03/2026 04:22 PM,06/03/2026 06:22 AM,2431.27,extra amount deducted,Customer complaint text unclear due to poor call center notes.,WIP,12/03/2026 06:22 AM,MEDIUM,ivr,243127.0,AMOUNT_MISMATCH,IN_PROGRESS,TXN00012046,2431.27,False,2431.27,VALID_POSITIVE
CBK0001697,TXN00015694,USR50776,MCH2822,07/02/2026 11:39 PM,2026-02-09 21:39:04,2581.01,item not received,merchant service was not delivered after payment.,OPEN,02-14-2026,L,IVR,258101.0,DELIVERY_ISSUE,OPEN,TXN00015694,2581.01,False,2581.01,VALID_POSITIVE
CBK0002305,TXN00008366,USR55382,MCH4721,,04/03/2026,"₹1,671.34",scam,Suspicious high-value payment disputed by customer.,CLOSED,,High,App,167134.0,FRAUD,CLOSED,TXN00008366,1671.34,False,1671.34,VALID_POSITIVE
CBK0000206,txn-00019710,USR39190,MCH6651,,1769356893,739.61,no service,Payment made to unknown merchant as per customer statement.,CLOSED,2026-02-01 16:01:33,HIGH,App,73961.0,SERVICE_ISSUE,CLOSED,TXN-00019710,739.61,False,739.61,VALID_POSITIVE
CBK0001744,TXN00009167,usr70912,MCH1602,02-23-2026,24/02/2026 02:21 PM,₹286.26,no service,Complaint received after multiple failed attempts. pls check asap,Closed,,Medium,chatbot,28626.0,SERVICE_ISSUE,CLOSED,TXN00009167,286.26,False,286.26,VALID_POSITIVE
CBK0000128,TXN00012176,USR84571,MCH5742,2026/03/26,05/04/2026 11:32 PM,"4,272.46",Merchant Not Delivered,user says upi pin was not entered by them.,Resolved,,Low,Call Center,427246.0,DELIVERY_ISSUE,RESOLVED,TXN00012176,4272.46,False,4272.46,VALID_POSITIVE
CBK0001316,TXN00007966,USR52956,MCH2383,29/03/2026 09:07 PM,30-Mar-2026,"₹4,920.19",Unauthorized Transaction,customer says transaction was not authorized.,REJECTED,,CRITICAL,IVR,492019.0,UNAUTHORIZED_TRANSACTION,REJECTED,TXN00007966,4920.19,False,4920.19,VALID_POSITIVE
CBK0002296,TXN00004293,USR72591,MCH3992,01-05-2026,01-08-2026,830.77,item not received,Complaint received after multiple failed attempts.,Closed,14-Jan-2026,MEDIUM,Branch,83077.0,DELIVERY_ISSUE,CLOSED,TXN00004293,830.77,False,830.77,VALID_POSITIVE
CBK0002062,TXN00005459,USR 97255,MCH-5730,02-01-2026,,"INR 10,125.57",dispute raised,Complaint received after multiple failed attempts.,WIP,,M,ivr,1012557.0,CUSTOMER_DISPUTE,IN_PROGRESS,TXN00005459,10125.57,False,10125.57,VALID_POSITIVE
CBK0001537,TXN00001929,usr74377,MCH4082,,2026-01-26 14:10:44,"₹1,412.21",dispute raised,Merchant service was not delivered after payment.,In Progress,19/02/2026,L,App,141221.0,CUSTOMER_DISPUTE,IN_PROGRESS,TXN00001929,1412.21,False,1412.21,VALID_POSITIVE
CBK0000983,TXN59214,USR51720,MCH6740,02-Mar-2026,03/03/2026 09:54 PM,"Rs. 2,012",complaint,complaint received after multiple failed attempts.,PENDING_BANK,,Medium,App,2012.0,CUSTOMER_DISPUTE,PENDING,TXN59214,2012.0,False,2012.0,VALID_POSITIVE
CBK0002273,TXN00013117,usr27533,MCH 4185,2026/02/28,03-06-2026,₹355.32,UNAUTHORISED,User reports money deducted but merchant denies receiving payment.,OPEN,03-06-2026,CRITICAL,App,35532.0,UNAUTHORIZED_TRANSACTION,OPEN,TXN00013117,355.32,False,355.32,VALID_POSITIVE
CBK0000522,TXN00009019,usr_81185,MCH2065,01-07-2026,2026-01-11 02:56:13,"₹2,738.39",not delivered,Suspicious high-value payment disputed by customer. call dropped,CLOSED,2026-02-08 02:56:13,P3,App,273839.0,DELIVERY_ISSUE,CLOSED,TXN00009019,2738.39,False,2738.39,VALID_POSITIVE
CBK0002162,TXN00001120,USR94046,MCH9160,27/01/2026,2026/01/28,8008.29,UNAUTHORISED,Merchant service was not delivered after payment.,REJECTED,,L,Call Center,800829.0,UNAUTHORIZED_TRANSACTION,REJECTED,TXN00001120,8008.29,False,8008.29,VALID_POSITIVE
CBK0002626,TXN00013045,USR87914,MCH6675,2026-01-24 23:00:10,,"INR 1,342.39",delivery issue,Merchant service was not delivered after payment.,REJECTED,21/02/2026,L,ivr,134239.0,DELIVERY_ISSUE,REJECTED,TXN00013045,1342.39,False,1342.39,VALID_POSITIVE
CBK0000257,TXN00015440,USR53356,MCH6943,01-11-2026,2026/01/13,,Wrong Amount,Merchant service was not delivered after payment. pls check asap,Open,2026/01/29,MEDIUM,IVR,,AMOUNT_MISMATCH,OPEN,TXN00015440,,False,,MISSING
CBK0000598,TXN00012035,USR93286,MCH1314,02-13-2026,14/02/2026 09:58 AM,"₹1,897.14",scam,User claims account was compromised before transaction.,Open,15/03/2026 09:58 AM,M,ivr,189714.0,FRAUD,OPEN,TXN00012035,1897.14,False,1897.14,VALID_POSITIVE
CBK0002739,TXN00017191,USR70236,MCH-4655,,,"Rs. 2,345",login compromised,customer says amount was debited twice.,WIP,,P4,CHATBOT,2345.0,ACCOUNT_TAKEOVER,IN_PROGRESS,TXN00017191,2345.0,False,2345.0,VALID_POSITIVE
CBK0002426,,USR83808,MCH-8011,03-30-2026,31-Mar-2026,540.94,no service,Customer says transaction was not authorized.,PENDING_BANK,,M,IVR,54094.0,SERVICE_ISSUE,PENDING,,540.94,False,540.94,VALID_POSITIVE
CBK0001182,txn-00014058,96058,MCH-5980,09-Jan-2026,19-Jan-2026,₹581.96,DUP_DEBIT,User reports money deducted but merchant denies receiving payment.,OPEN,,Critical,IVR,58196.0,DUPLICATE_DEBIT,OPEN,TXN-00014058,581.96,False,581.96,VALID_POSITIVE
CBK0002183,TXN00014087,USR46806,mch4485,2026-03-04 13:46:36,2026/03/19,4901.36,charged twice,customer complaint text unclear due to poor call center notes.,Rejected,,LOW,Call Center,490136.0,CHARGED TWICE,REJECTED,TXN00014087,4901.36,False,4901.36,VALID_POSITIVE
CBK0000396,TXN00016780,usr34997,mch1351,,2026/01/14,1017.31,account hacked,User claims account was compromised before transaction. details missing,Open,12/02/2026 12:04 PM,Low,Call Center,101731.0,ACCOUNT_TAKEOVER,OPEN,TXN00016780,1017.31,False,1017.31,VALID_POSITIVE
CBK0002371,TXN00007628,USR28839,MCH5264,03/02/2026,2026/02/09,"₹3,211.77",login compromised,Customer complaint text unclear due to poor call center notes.,RESOLVED,10/02/2026,P4,CHATBOT,321177.0,ACCOUNT_TAKEOVER,RESOLVED,TXN00007628,3211.77,False,3211.77,VALID_POSITIVE
CBK0000804,TXN00000677,USR35395,MCH8348,01-22-2026,22/01/2026,"INR 2,773.41",fraud,User claims account was compromised before transaction.,REJECTED,2026-02-17 10:58:31,L,App,277341.0,FRAUD,REJECTED,TXN00000677,2773.41,False,2773.41,VALID_POSITIVE
CBK0001112,TXN00013744,34212,MCH5076,,02-Apr-2026,"INR 1,223.91",UNAUTHORISED,Customer says transaction was not authorized.,CLOSED,,High,Call Center,122391.0,UNAUTHORIZED_TRANSACTION,CLOSED,TXN00013744,1223.91,False,1223.91,VALID_POSITIVE
CBK0000053,TXN00017140,USR-93610,MCH 8296,12/01/2026,2026-01-12 11:37:03,589.03,login compromised,User claims account was compromised before transaction.,CLOSED,,M,App,58903.0,ACCOUNT_TAKEOVER,CLOSED,TXN00017140,589.03,False,589.03,VALID_POSITIVE
CBK0002604,TXN00015102,USR10831,MCH 8980,22-Mar-2026,23/03/2026 08:33 PM,"Rs. 1,038",FRAUD,User says UPI PIN was not entered by them.,Open,,M,ivr,1038.0,FRAUD,OPEN,TXN00015102,1038.0,False,1038.0,VALID_POSITIVE
CBK0001984,TXN00006529,USR67661,MCH 7003,26-Jan-2026,01/02/2026,5747.29,unauthorized_transaction,customer says transaction was not authorized.,PENDING_BANK,18/02/2026 03:01 AM,P4,CHATBOT,574729.0,UNAUTHORIZED_TRANSACTION,PENDING,TXN00006529,5747.29,False,5747.29,VALID_POSITIVE
CBK0001246,TXN00007847,USR79175,MCH4181,29/03/2026 05:35 PM,14-Apr-2026,,extra amount deducted,customer says amount was debited twice.,Open,2026-05-14 11:35:52,P2,CHATBOT,,AMOUNT_MISMATCH,OPEN,TXN00007847,,False,,MISSING
CBK0001124,TXN00018122,USR11419,MCH 9594,,2026/05/03,5694.69,DUP_DEBIT,Complaint received after multiple failed attempts.,PENDING_BANK,27/05/2026 02:01 AM,P3,App,569469.0,DUPLICATE_DEBIT,PENDING,TXN00018122,5694.69,False,5694.69,VALID_POSITIVE
CBK0001317,txn-00016188,USR28015,mch2822,23/01/2026,30/01/2026 11:51 AM,1305.41,merchant service issue,user claims account was compromised before transaction.,Pending Bank,02/02/2026,P2,Call Center,130541.0,SERVICE_ISSUE,PENDING,TXN-00016188,1305.41,False,1305.41,VALID_POSITIVE
CBK0002614,TXN00006336,USR70866,mch8906,14-Feb-2026,2026-02-18 05:26:57,INR 846.13,Wrong Amount,user reports money deducted but merchant denies receiving payment.,OPEN,22-Feb-2026,MEDIUM,chatbot,84613.0,AMOUNT_MISMATCH,OPEN,TXN00006336,846.13,False,846.13,VALID_POSITIVE
CBK0002164,TXN00001135,USR53527,MCH5076,07/02/2026,02-22-2026,2731.02,Account Takeover,Payment made to unknown merchant as per customer statement.,Closed,,High,CHATBOT,273102.0,ACCOUNT_TAKEOVER,CLOSED,TXN00001135,2731.02,False,2731.02,VALID_POSITIVE
CBK0001777,TXN00006951,USR81327,MCH9661,02/02/2026 07:12 AM,05/02/2026 07:12 AM,"INR 3,359.61",Account Takeover,Customer says transaction was not authorized.,Rejected,06/03/2026 07:12 AM,P3,ivr,335961.0,ACCOUNT_TAKEOVER,REJECTED,TXN00006951,3359.61,False,3359.61,VALID_POSITIVE
CBK0000616,TXN00006990,USR38951,MCH8779,10/03/2026,1773056564,1208.16,amount mismatch,User says UPI PIN was not entered by them.,REJECTED,28/03/2026 11:42 AM,P3,App,120816.0,AMOUNT_MISMATCH,REJECTED,TXN00006990,1208.16,False,1208.16,VALID_POSITIVE
CBK0000385,TXN00014076,USR11828,MCH8154,1769174608,26/01/2026 10:23 PM,1915.56,extra amount deducted,Complaint received after multiple failed attempts.,OPEN,08/02/2026,Low,ivr,191556.0,AMOUNT_MISMATCH,OPEN,TXN00014076,1915.56,False,1915.56,VALID_POSITIVE
CBK0002097,TXN65627,USR14083,MCH5177,,13/02/2026,-3428.7,Customer Dispute,Complaint received after multiple failed attempts.,Rejected,14/03/2026 08:43 AM,H,chatbot,-34287.0,CUSTOMER_DISPUTE,REJECTED,TXN65627,-3428.7,True,,NEGATIVE_INVALID
CBK0001900,TXN00012829,USR86138,MCH3815,2026-03-20 18:15:11,2026-04-05 07:15:11,4506.23,Duplicate Debit,User reports money deducted but merchant denies receiving payment.,RESOLVED,1777965311,High,CHATBOT,450623.0,DUPLICATE_DEBIT,RESOLVED,TXN00012829,4506.23,False,4506.23,VALID_POSITIVE
CBK0001029,TXN00007595,USR85146,MCH5954,,1775197090,"Rs. 1,638",double debit,User claims account was compromised before txn.,OPEN,,M,CHATBOT,1638.0,DUPLICATE_DEBIT,OPEN,TXN00007595,1638.0,False,1638.0,VALID_POSITIVE
CBK0001052,TXN00015908,USR77900,MCH5264,21/01/2026,1769852968,Rs. 540,dispute raised,Customer says amount was debited twice.,Pending Bank,,MEDIUM,Branch,540.0,CUSTOMER_DISPUTE,PENDING,TXN00015908,540.0,False,540.0,VALID_POSITIVE
CBK0000908,TXN00002368,USR 71714,MCH-9717,22/02/2026,23-Feb-2026,4581.54,item not received,Customer complaint text unclear due to poor call center notes.,IN_PROGRESS,1772911492,P4,CHATBOT,458154.0,DELIVERY_ISSUE,IN_PROGRESS,TXN00002368,4581.54,False,4581.54,VALID_POSITIVE
CBK0000272,TXN00011208,USR-31719,MCH5754,28/01/2026,,729.47,login compromised,User claims account was compromised before transaction.,Resolved,07/02/2026,P2,IVR,72947.0,ACCOUNT_TAKEOVER,RESOLVED,TXN00011208,729.47,False,729.47,VALID_POSITIVE
CBK0001049,TXN00019810,USR21832,MCH3020,,,"INR 2,801.10",not done by me,Payment made to unknown merchant as per customer statement.,Resolved,2026/04/17,High,Email,280110.0,UNAUTHORIZED_TRANSACTION,RESOLVED,TXN00019810,2801.1,False,2801.1,VALID_POSITIVE
CBK0000221,TXN00004354,USR82244,mch2757,1772563363,03-06-2026,"Rs. 1,370",double debit,COMPLAINT RECEIVED AFTER MULTIPLE FAILED ATTEMPTS.,WIP,22/03/2026,Medium,ivr,1370.0,DUPLICATE_DEBIT,IN_PROGRESS,TXN00004354,1370.0,False,1370.0,VALID_POSITIVE
CBK0001615,TXN00001397,USR23350,9727,06-Feb-2026,2026/02/09,"Rs. 2,972",customer issue,User claims account was compromised before transaction.,WIP,20/02/2026,P2,Email,2972.0,CUSTOMER_DISPUTE,IN_PROGRESS,TXN00001397,2972.0,False,2972.0,VALID_POSITIVE
CBK0002732,TXN00007712,USR86991,MCH7765,02-01-2026,04/02/2026 05:09 PM,-1151.15,service failed,Customer says transaction was not authorized.,IN_PROGRESS,2026-02-12 17:09:22,P3,App,-115115.0,SERVICE_ISSUE,IN_PROGRESS,TXN00007712,-1151.15,True,,NEGATIVE_INVALID
CBK0000571,TXN00018357,USR74628,MCH4473,2026-02-08 02:15:15,10/02/2026 05:15 AM,13142.13,Service Not Provided,Payment made to unknown merchant as per customer statement.,WIP,03-04-2026,Medium,ivr,1314213.0,SERVICE_ISSUE,IN_PROGRESS,TXN00018357,13142.13,False,13142.13,VALID_POSITIVE
CBK0001992,TXN00012094,USR97149,MCH 2503,11/02/2026 08:34 PM,02-12-2026,Rs. 878,ATO,User reports money deducted but merchant denies receiving payment.,Rejected,,LOW,ivr,878.0,ACCOUNT_TAKEOVER,REJECTED,TXN00012094,878.0,False,878.0,VALID_POSITIVE
CBK0002152,TXN00005346,USR43944,6429,05/03/2026,07-Mar-2026,3376.98,item not received,User reports money deducted but merchant denies receiving payment.,Open,03-28-2026,LOW,Email,337698.0,DELIVERY_ISSUE,OPEN,TXN00005346,3376.98,False,3376.98,VALID_POSITIVE
CBK0002386,TXN00014331,USR-72448,MCH7602,20-Jan-2026,04-Feb-2026,-678.63,ATO,Suspicious high-value payment disputed by customer.,OPEN,06-Feb-2026,P2,Call Center,-67863.0,ACCOUNT_TAKEOVER,OPEN,TXN00014331,-678.63,True,,NEGATIVE_INVALID
CBK0000126,TXN00009782,USR75241,MCH8503,22/03/2026,06/04/2026 07:49 PM,718.61,amount mismatch,Customer says transaction was not authorized.,Resolved,20-Apr-2026,Medium,ivr,71861.0,AMOUNT_MISMATCH,RESOLVED,TXN00009782,718.61,False,718.61,VALID_POSITIVE
CBK0000552,TXN00001358,59496,MCH 5588,21-Jan-2026,2026/01/23,6742.91,service failed,Suspicious high-value payment disputed by customer.,IN_PROGRESS,02-Feb-2026,CRIT,Branch,674291.0,SERVICE_ISSUE,IN_PROGRESS,TXN00001358,6742.91,False,6742.91,VALID_POSITIVE
CBK0002681,TXN00008227,USR87558,MCH3815,07-Jan-2026,10/01/2026 12:14 PM,2758.76,complaint,Complaint received after multiple failed attempts.,Rejected,10/01/2026,High,Email,275876.0,CUSTOMER_DISPUTE,REJECTED,TXN00008227,2758.76,False,2758.76,VALID_POSITIVE
CBK0001091,TXN00003670,usr12026,MCH 4593,01-07-2026,06/02/2026,"2,583.29",double debit,Customer says transaction was not authorized.,Rejected,02-Mar-2026,Low,Email,258329.0,DUPLICATE_DEBIT,REJECTED,TXN00003670,2583.29,False,2583.29,VALID_POSITIVE
CBK0000174,TXN00013432,USR44848,MCH4003,01-28-2026,28/01/2026,616.19,Customer Dispute,User says UPI PIN was not entered by them.,Rejected,,L,Branch,61619.0,CUSTOMER_DISPUTE,REJECTED,TXN00013432,616.19,False,616.19,VALID_POSITIVE
CBK0000949,,USR50783,MCH9233,14-Jan-2026,25/01/2026 01:55 AM,7400.39,delivery issue,Suspicious high-value payment disputed by customer.,IN_PROGRESS,,M,IVR,740039.0,DELIVERY_ISSUE,IN_PROGRESS,,7400.39,False,7400.39,VALID_POSITIVE
CBK0000519,TXN00010998,usr69938,MCH7992,2026-01-29 23:14:08,,1567.73,UNAUTHORISED,Merchant service was not delivered after payment.,WIP,04-Feb-2026,Low,CHATBOT,156773.0,UNAUTHORIZED_TRANSACTION,IN_PROGRESS,TXN00010998,1567.73,False,1567.73,VALID_POSITIVE
CBK0000645,TXN00016469,USR59482,MCH1792,1773407005,,12115.08,extra amount deducted,Customer says transaction was not authorized.,Pending Bank,,P1,CHATBOT,1211508.0,AMOUNT_MISMATCH,PENDING,TXN00016469,12115.08,False,12115.08,VALID_POSITIVE
CBK0000063,TXN00017905,USR73461,MCH3216,30-Jan-2026,30/01/2026,2185.09,dispute raised,Customer says transaction was not authorized.,Resolved,02-02-2026,L,CHATBOT,218509.0,CUSTOMER_DISPUTE,RESOLVED,TXN00017905,2185.09,False,2185.09,VALID_POSITIVE
CBK0001394,TXN00009340,USR39542,1320,2026-02-18 13:01:11,23-Feb-2026,"INR 1,180.90",Duplicate Debit,User reports money deducted but merchant denies receiving payment.,OPEN,,CRIT,chatbot,118090.0,DUPLICATE_DEBIT,OPEN,TXN00009340,1180.9,False,1180.9,VALID_POSITIVE
CBK0001496,TXN00012480,USR39700,MCH9284,09/02/2026 02:52 AM,19/02/2026,"Rs. 2,178",Fraud Suspected,Payment made to unknown merchant as per customer statement.,CLOSED,20/02/2026,H,Call Center,2178.0,FRAUD,CLOSED,TXN00012480,2178.0,False,2178.0,VALID_POSITIVE
CBK0002246,TXN00009997,USR96095,MCH6849,28-Mar-2026,03-Apr-2026,,Merchant Not Delivered,Merchant service was not delivered after payment.,Rejected,2026-04-14 12:51:03,P3,chatbot,,DELIVERY_ISSUE,REJECTED,TXN00009997,,False,,MISSING
CBK0001245,TXN00014601,USR50737,MCH1920,17-Mar-2026,27/03/2026 08:30 PM,Rs. 689,customer issue,Payment made to unknown merchant as per customer statement.,Pending Bank,2026/04/20,LOW,IVR,689.0,CUSTOMER_DISPUTE,PENDING,TXN00014601,689.0,False,689.0,VALID_POSITIVE
CBK0000329,txn-00014927,usr_30489,MCH4948,29/01/2026 05:56 PM,16-Mar-2026,,Fraud Suspected,Suspicious high-value payment disputed by customer.,OPEN,08-Apr-2026,M,App,,FRAUD,OPEN,TXN-00014927,,False,,MISSING
CBK0001974,TXN00002369,USR83393,MCH3463,2026-03-30 17:27:58,2026-04-01 15:27:58,"Rs. 1,718",customer issue,Customer says transaction was not authorized.,IN_PROGRESS,2026/04/20,Low,Branch,1718.0,CUSTOMER_DISPUTE,IN_PROGRESS,TXN00002369,1718.0,False,1718.0,VALID_POSITIVE
CBK0002363,TXN00002125,USR78593,2757,03-04-2026,07/03/2026,"Rs. 2,711",ATO,Payment made to unknown merchant as per customer statement.,Closed,22-Mar-2026,L,Branch,2711.0,ACCOUNT_TAKEOVER,CLOSED,TXN00002125,2711.0,False,2711.0,VALID_POSITIVE
CBK0001357,TXN00015990,usr49195,MCH1203,08/01/2026,23/01/2026 03:20 AM,-1640.31,Account Takeover,Payment made to unknown merchant as per customer statement.,OPEN,01/02/2026,P1,App,-164031.0,ACCOUNT_TAKEOVER,OPEN,TXN00015990,-1640.31,True,,NEGATIVE_INVALID
CBK0002677,TXN00009096,USR-31537,MCH-8779,27-Feb-2026,28-Feb-2026,-6781.52,incorrect amount,Suspicious high-value payment disputed by cust.,Pending Bank,2026-03-10 08:17:01,Medium,Branch,-678152.0,AMOUNT_MISMATCH,PENDING,TXN00009096,-6781.52,True,,NEGATIVE_INVALID
CBK0000586,TXN00007590,USR26821,MCH8953,03-11-2026,,1023.96,Customer Dispute,Complaint received after multiple failed attempts. call dropped,REJECTED,1775096683,L,Call Center,102396.0,CUSTOMER_DISPUTE,REJECTED,TXN00007590,1023.96,False,1023.96,VALID_POSITIVE
CBK0000776,TXN00010920,USR-19006,mch4590,12/03/2026 11:55 PM,2026-03-13 02:55:07,5019.03,unauthorized_transaction,complaint received after multiple failed attempts.,PENDING_BANK,,P3,IVR,501903.0,UNAUTHORIZED_TRANSACTION,PENDING,TXN00010920,5019.03,False,5019.03,VALID_POSITIVE
CBK0000873,TXN00002853,USR-33226,MCH2822,1770982309,2026/02/20,"1,650.21",delivery issue,Complaint received after multiple failed attempts.,Open,2026-02-26 12:31:49,M,Email,165021.0,DELIVERY_ISSUE,OPEN,TXN00002853,1650.21,False,1650.21,VALID_POSITIVE
CBK0000358,TXN00015992,USR12248,MCH1013,28-Feb-2026,2026/03/10,6937.41,login compromised,User says UPI PIN was not entered by them. NA,Rejected,10-Mar-2026,H,Branch,693741.0,ACCOUNT_TAKEOVER,REJECTED,TXN00015992,6937.41,False,6937.41,VALID_POSITIVE
CBK0002265,TXN00008431,USR11987,MCH5922,,2026-02-07 23:51:35,1831.96,amount mismatch,Customer says transaction was not authorized.,REJECTED,09/03/2026 11:51 PM,P3,CHATBOT,183196.0,AMOUNT_MISMATCH,REJECTED,TXN00008431,1831.96,False,1831.96,VALID_POSITIVE
CBK0001115,TXN00018481,USR96362,MCH8953,01-31-2026,03/02/2026,776.76,delivery issue,MERCHANT SERVICE WAS NOT DELIVERED AFTER PAYMENT.,REJECTED,2026/02/05,MEDIUM,IVR,77676.0,DELIVERY_ISSUE,REJECTED,TXN00018481,776.76,False,776.76,VALID_POSITIVE
CBK0000323,TXN00019162,USR85655,MCH 7346,03/03/2026 02:18 AM,2026-03-03 10:18:01,2538.07,charged twice,USER SAYS UPI PIN WAS NOT ENTERED BY THEM.,PENDING_BANK,,P4,Branch,253807.0,CHARGED TWICE,PENDING,TXN00019162,2538.07,False,2538.07,VALID_POSITIVE
CBK0000234,TXN00001948,USR69297,MCH8977,2026-03-29 04:03:44,2026/03/30,8296.18,Wrong Amount,Suspicious high-value payment disputed by customer.,Resolved,25/04/2026,Low,IVR,829618.0,AMOUNT_MISMATCH,RESOLVED,TXN00001948,8296.18,False,8296.18,VALID_POSITIVE
CBK0001576,TXN00012979,USR85329,MCH1945,07/01/2026,2026-01-07 10:12:22,21185.86,FRAUD,Complaint received after multiple failed attempts.,Closed,01-08-2026,L,CHATBOT,2118586.0,FRAUD,CLOSED,TXN00012979,21185.86,False,21185.86,VALID_POSITIVE
CBK0002169,TXN00011212,usr_87637,MCH5655,01-25-2026,28/01/2026 11:45 PM,,Wrong Amount,User says UPI PIN was not entered by them.,REJECTED,,M,Branch,,AMOUNT_MISMATCH,REJECTED,TXN00011212,,False,,MISSING
CBK0000803,,USR28353,MCH9017,2026-01-28 20:41:02,2026/02/13,"6,400.05",Merchant Not Delivered,Complaint received after multiple failed attempts. pls check asap,RESOLVED,23/02/2026,High,IVR,640005.0,DELIVERY_ISSUE,RESOLVED,,6400.05,False,6400.05,VALID_POSITIVE
CBK0001770,TXN00001025,usr97417,MCH7480,24/02/2026 11:35 PM,07-Mar-2026,"₹5,150.06",delivery issue,Complaint received after multiple failed attempts.,Closed,,M,IVR,515006.0,DELIVERY_ISSUE,CLOSED,TXN00001025,5150.06,False,5150.06,VALID_POSITIVE
CBK0000956,TXN00001028,USR76271,MCH9801,30-Mar-2026,15/04/2026 11:18 AM,,delivery issue,User claims account was compromised before transaction.,OPEN,26-Apr-2026,Medium,Branch,,DELIVERY_ISSUE,OPEN,TXN00001028,,False,,MISSING
CBK0001559,TXN00003513,USR15980,MCH9291,03-13-2026,2026/03/13,754.13,merchant service issue,User says UPI PIN was not entered by them.,Resolved,2026/04/05,M,chatbot,75413.0,SERVICE_ISSUE,RESOLVED,TXN00003513,754.13,False,754.13,VALID_POSITIVE
CBK0002745,TXN00003727,USR54113,MCH7888,2026-03-12 20:17:03,18/03/2026,1284.94,Wrong Amount,Payment made to unknown merchant as per customer statement.,Rejected,1774783023,M,IVR,128494.0,AMOUNT_MISMATCH,REJECTED,TXN00003727,1284.94,False,1284.94,VALID_POSITIVE
CBK0002455,TXN00001275,usr_69706,MCH5076,20/01/2026,2026/01/23,2210.2,Duplicate Debit,CUSTOMER SAYS AMOUNT WAS DEBITED TWICE.,RESOLVED,17-Feb-2026,LOW,ivr,22102.0,DUPLICATE_DEBIT,RESOLVED,TXN00001275,2210.2,False,2210.2,VALID_POSITIVE
CBK0000925,TXN00001097,67142,MCH4883,14/02/2026 03:47 PM,18/02/2026 01:47 AM,"4,816.91",merchant service issue,Merchant service was not delivered after payment.,RESOLVED,,Medium,IVR,481691.0,SERVICE_ISSUE,RESOLVED,TXN00001097,4816.91,False,4816.91,VALID_POSITIVE
CBK0002531,TXN00018059,USR46902,MCH1737,06-Mar-2026,12-Mar-2026,,UNAUTHORISED,Payment made to unknown merchant as per customer statement.,REJECTED,,Medium,chatbot,,UNAUTHORIZED_TRANSACTION,REJECTED,TXN00018059,,False,,MISSING
CBK0001365,TXN00011080,USR44053,MCH1613,10-Feb-2026,17-Feb-2026,1709.82,merchant service issue,User reports money deducted but merchant denies receiving payment. details missing,REJECTED,2026-02-20 16:56:29,Medium,App,170982.0,SERVICE_ISSUE,REJECTED,TXN00011080,1709.82,False,1709.82,VALID_POSITIVE
CBK0000254,TXN00005010,USR40538,MCH5940,,08/03/2026,"₹1,290.35",ATO,User claims account was compromised before transaction.,OPEN,28-Mar-2026,MEDIUM,App,129035.0,ACCOUNT_TAKEOVER,OPEN,TXN00005010,1290.35,False,1290.35,VALID_POSITIVE
CBK0000919,TXN00004956,USR26890,MCH9891,1773567394,03-18-2026,1752.77,suspicious transaction,merchant service was not delivered after payment.,Rejected,1774208194,MEDIUM,ivr,175277.0,FRAUD,REJECTED,TXN00004956,1752.77,False,1752.77,VALID_POSITIVE
CBK0002474,TXN00014618,usr24726,MCH2638,18/02/2026,2026-02-20 05:43:41,"₹1,047.67",UNAUTHORISED,Suspicious high-value payment disputed by customer.,REJECTED,07/03/2026,Medium,Branch,104767.0,UNAUTHORIZED_TRANSACTION,REJECTED,TXN00014618,1047.67,False,1047.67,VALID_POSITIVE
CBK0002776,TXN00013127,USR-40874,MCH 5212,19/03/2026,2026-03-21 14:17:37,"INR 1,935.98",ATO,Customer says transaction was not authorized.,OPEN,,High,chatbot,193598.0,ACCOUNT_TAKEOVER,OPEN,TXN00013127,1935.98,False,1935.98,VALID_POSITIVE
CBK0001195,TXN00001271,48486,MCH 5327,21/01/2026,2026/01/23,"Rs. 1,190",item not received,Merchant service was not delivered after payment.,PENDING_BANK,2026/02/19,P2,Call Center,1190.0,DELIVERY_ISSUE,PENDING,TXN00001271,1190.0,False,1190.0,VALID_POSITIVE
CBK0002506,TXN00002955,USR68934,MCH-7020,28-Mar-2026,04-28-2026,"INR 4,857.63",Unauthorized Transaction,Suspicious high-value payment disputed by customer.,Resolved,,Low,IVR,485763.0,UNAUTHORIZED_TRANSACTION,RESOLVED,TXN00002955,4857.63,False,4857.63,VALID_POSITIVE
CBK0000832,TXN00014106,USR26145,MCH1012,21/01/2026 11:25 PM,1769901900,"INR 1,547.17",UNAUTHORISED,Complaint received after multiple failed attempts.,Open,02-27-2026,P4,Call Center,154717.0,UNAUTHORIZED_TRANSACTION,OPEN,TXN00014106,1547.17,False,1547.17,VALID_POSITIVE
CBK0000564,txn-00005945,USR21384,MCH1809,03-Feb-2026,02-04-2026,INR 848.15,delivery issue,User reports money deducted but merchant denies receiving payment.,In Progress,04-Feb-2026,High,Email,84815.0,DELIVERY_ISSUE,IN_PROGRESS,TXN-00005945,848.15,False,848.15,VALID_POSITIVE
CBK0000744,TXN00001703,USR 53423,mch6565,2026-01-05 14:34:29,,"Rs. 2,240",DUP_DEBIT,User says UPI PIN was not entered by them.,RESOLVED,2026/01/19,MEDIUM,Email,2240.0,DUPLICATE_DEBIT,RESOLVED,TXN00001703,2240.0,False,2240.0,VALID_POSITIVE
CBK0001649,TXN00018989,USR90653,2436,30/03/2026 02:11 AM,02/04/2026,"Rs. 2,703",double debit,Merchant service was not delivered after payment.,PENDING_BANK,,High,chatbot,2703.0,DUPLICATE_DEBIT,PENDING,TXN00018989,2703.0,False,2703.0,VALID_POSITIVE
CBK0000455,TXN00012649,usr42432,MCH9748,,25/02/2026,"₹2,202.70",Account Takeover,Merchant service was not delivered after payment.,WIP,1773265279,HIGH,chatbot,220270.0,ACCOUNT_TAKEOVER,IN_PROGRESS,TXN00012649,2202.7,False,2202.7,VALID_POSITIVE
CBK0000302,TXN00016585,USR38429,MCH2943,2026/03/17,,,double debit,complaint received after multiple failed attempts.,Pending Bank,2026/03/18,Medium,Call Center,,DUPLICATE_DEBIT,PENDING,TXN00016585,,False,,MISSING
CBK0002738,TXN00000947,USR89588,MCH2960,2026-02-13 08:30:44,1770982244,"Rs. 2,075",not done by me,Customer says amount was debited twice.,Resolved,1771414244,M,Email,2075.0,UNAUTHORIZED_TRANSACTION,RESOLVED,TXN00000947,2075.0,False,2075.0,VALID_POSITIVE
CBK0000153,TXN00000546,USR92746,MCH7824,01/03/2026,1772567049,,not delivered,Suspicious high-value payment disputed by customer.,Closed,03/03/2026 07:44 PM,MEDIUM,IVR,,DELIVERY_ISSUE,CLOSED,TXN00000546,,False,,MISSING
CBK0000304,TXN00013266,USR-84318,MCH5916,22/02/2026,28/02/2026,6391.92,merchant service issue,Complaint received after multiple failed attempts.,Pending Bank,03-08-2026,P2,Email,639192.0,SERVICE_ISSUE,PENDING,TXN00013266,6391.92,False,6391.92,VALID_POSITIVE
CBK0000114,TXN00002182,USR85475,MCH 8779,2026-02-08 13:27:52,2026-02-09 13:27:52,,amount mismatch,user says upi pin was not entered by them.,RESOLVED,2026/02/28,Low,Email,,AMOUNT_MISMATCH,RESOLVED,TXN00002182,,False,,MISSING
CBK0001506,TXN00002381,USR 81570,MCH3815,04-Feb-2026,02-07-2026,"Rs. 3,182",Account Takeover,Customer says transaction was not authorized.,WIP,,Medium,chatbot,3182.0,ACCOUNT_TAKEOVER,IN_PROGRESS,TXN00002381,3182.0,False,3182.0,VALID_POSITIVE
CBK0000588,TXN00003990,USR48652,MCH5552,2026/02/13,19/02/2026,Rs. 702,delivery issue,Customer complaint text unclear due to poor call center notes.,Rejected,2026/02/26,L,App,702.0,DELIVERY_ISSUE,REJECTED,TXN00003990,702.0,False,702.0,VALID_POSITIVE
CBK0000857,TXN00018599,usr_52095,MCH3652,19-Mar-2026,2026-03-25 04:34:33,Rs. 576,customer issue,User claims account was compromised before transaction.,CLOSED,,Medium,Email,576.0,CUSTOMER_DISPUTE,CLOSED,TXN00018599,576.0,False,576.0,VALID_POSITIVE
CBK0002327,TXN00011877,USR69584,MCH 5183,2026/03/06,1772834162,₹728.14,unauth txn,Customer says transaction was not authorized.,OPEN,2026/03/22,Medium,ivr,72814.0,UNAUTHORIZED_TRANSACTION,OPEN,TXN00011877,728.14,False,728.14,VALID_POSITIVE
CBK0000858,TXN00015040,USR95176,MCH-1146,29-Mar-2026,,"1,568.41",amount mismatch,Customer says amount was debited twice.,Pending Bank,,Low,Email,156841.0,AMOUNT_MISMATCH,PENDING,TXN00015040,1568.41,False,1568.41,VALID_POSITIVE
CBK0000429,TXN00019661,USR97772,MCH3992,19/02/2026 10:56 PM,2026-02-21 09:56:09,,amount mismatch,User reports money deducted but merchant denies receiving payment.,Rejected,06-Mar-2026,P2,App,,AMOUNT_MISMATCH,REJECTED,TXN00019661,,False,,MISSING
CBK0000817,TXN00002301,USR71836,MCH3815,2026/02/05,21/02/2026,₹769.17,account hacked,Payment made to unknown merchant as per customer statement.,OPEN,2026-03-07 12:29:12,L,App,76917.0,ACCOUNT_TAKEOVER,OPEN,TXN00002301,769.17,False,769.17,VALID_POSITIVE
CBK0000011,TXN00006805,USR14951,mch5380,2026/02/20,22-Feb-2026,1087.14,Wrong Amount,SUSPICIOUS HIGH-VALUE PAYMENT DISPUTED BY CUSTOMER.,CLOSED,2026/03/01,M,IVR,108714.0,AMOUNT_MISMATCH,CLOSED,TXN00006805,1087.14,False,1087.14,VALID_POSITIVE
CBK0000250,TXN00002574,usr73010,MCH1320,2026-02-25 03:11:33,02-Mar-2026,Rs. 660,not delivered,suspicious high-value payment disputed by customer.,Open,2026-03-07 09:11:33,Low,ivr,660.0,DELIVERY_ISSUE,OPEN,TXN00002574,660.0,False,660.0,VALID_POSITIVE
CBK0001404,TXN00003881,USR-61151,MCH8634,,23/03/2026 06:15 AM,,not done by me,Customer says transaction was not authorized.,WIP,30/03/2026,P3,Call Center,,UNAUTHORIZED_TRANSACTION,IN_PROGRESS,TXN00003881,,False,,MISSING
CBK0000574,TXN00011825,USR78873,mch9713,26/01/2026 06:02 PM,12/03/2026,3123.85,charged twice,Complaint received after multiple failed attempts.,IN_PROGRESS,17-Mar-2026,L,Email,312385.0,CHARGED TWICE,IN_PROGRESS,TXN00011825,3123.85,False,3123.85,VALID_POSITIVE
CBK0002429,TXN00015653,USR50125,MCH2266,31/03/2026,01-Apr-2026,"3,491.10",Duplicate Debit,Suspicious high-value payment disputed by customer.,CLOSED,04-25-2026,Medium,CHATBOT,349110.0,DUPLICATE_DEBIT,CLOSED,TXN00015653,3491.1,False,3491.1,VALID_POSITIVE
CBK0001916,TXN00005518,USR18198,MCH-5954,,25-Mar-2026,-4245.22,FRAUD,Merchant service was not delivered after payment.,REJECTED,2026-04-04 16:01:06,L,Branch,-424522.0,FRAUD,REJECTED,TXN00005518,-4245.22,True,,NEGATIVE_INVALID
CBK0001132,TXN00019555,usr_87956,MCH5062,1769262836,26/01/2026,15606.92,amount mismatch,User claims account was compromised before transaction.,IN_PROGRESS,02/02/2026,Low,ivr,1560692.0,AMOUNT_MISMATCH,IN_PROGRESS,TXN00019555,15606.92,False,15606.92,VALID_POSITIVE
CBK0000528,TXN00003808,USR46923,MCH2685,19/02/2026 02:29 PM,22-Feb-2026,476.92,double debit,PAYMENT MADE TO UNKNOWN MERCHANT AS PER CUSTOMER STATEMENT.,CLOSED,,Critical,IVR,47692.0,DUPLICATE_DEBIT,CLOSED,TXN00003808,476.92,False,476.92,VALID_POSITIVE
CBK0002091,TXN00006681,USR26140,MCH5655,27/01/2026,28-Jan-2026,946.45,Account Takeover,Merchant service was not delivered after payment. NA,REJECTED,24-Feb-2026,P3,IVR,94645.0,ACCOUNT_TAKEOVER,REJECTED,TXN00006681,946.45,False,946.45,VALID_POSITIVE
CBK0001235,TXN00010356,USR-82947,MCH6407,02-23-2026,26-Feb-2026,"Rs. 2,359",Wrong Amount,Customer says transaction was not authorized.,REJECTED,2026-03-12 04:52:03,H,App,2359.0,AMOUNT_MISMATCH,REJECTED,TXN00010356,2359.0,False,2359.0,VALID_POSITIVE
CBK0001096,TXN00019163,usr72047,MCH3308,17/02/2026,04/03/2026,1202.2,extra amount deducted,Complaint received after multiple failed attempts.,Resolved,,High,IVR,12022.0,AMOUNT_MISMATCH,RESOLVED,TXN00019163,1202.2,False,1202.2,VALID_POSITIVE
CBK0001038,TXN00005386,USR82091,mch1514,24-Jan-2026,2026-02-04 04:50:27,2597.6,complaint,PAYMENT MADE TO UNKNOWN MERCHANT AS PER CUSTOMER STATEMENT.,In Progress,11/02/2026,MEDIUM,App,25976.0,CUSTOMER_DISPUTE,IN_PROGRESS,TXN00005386,2597.6,False,2597.6,VALID_POSITIVE
CBK0000653,TXN00007307,USR58692,MCH-2298,15/01/2026,30/01/2026,"₹2,349.32",not done by me,User says UPI PIN was not entered by them. call dropped,Closed,2026-02-26 15:09:16,P3,Call Center,234932.0,UNAUTHORIZED_TRANSACTION,CLOSED,TXN00007307,2349.32,False,2349.32,VALID_POSITIVE
CBK0000456,TXN00009180,USR83586,mch8928,1768785289,,,scam,USER REPORTS MONEY DEDUCTED BUT MERCHANT DENIES RECEIVING PAYMENT.,WIP,02-05-2026,HIGH,Call Center,,FRAUD,IN_PROGRESS,TXN00009180,,False,,MISSING
CBK0000818,TXN00015972,USR83126,MCH2616,19/01/2026,2026-01-21 23:22:51,"8,836.22",delivery issue,Payment made to unknown merchant as per customer statement.,Rejected,2026/02/19,Critical,CHATBOT,883622.0,DELIVERY_ISSUE,REJECTED,TXN00015972,8836.22,False,8836.22,VALID_POSITIVE
CBK0002103,TXN00005039,USR38720,MCH9523,01-24-2026,1769279207,"1,582.19",no service,User reports money deducted but merchant denies receiving payment.,Resolved,19/02/2026,High,ivr,158219.0,SERVICE_ISSUE,RESOLVED,TXN00005039,1582.19,False,1582.19,VALID_POSITIVE
CBK0001868,TXN00015884,USR34835,MCH3992,04/03/2026,03-06-2026,247.02,customer issue,Payment made to unknown merchant as per customer statement.,IN_PROGRESS,04-02-2026,HIGH,Branch,24702.0,CUSTOMER_DISPUTE,IN_PROGRESS,TXN00015884,247.02,False,247.02,VALID_POSITIVE
CBK0001455,TXN00007357,USR62254,MCH5655,2026-01-10 04:54:03,09/02/2026,Rs. 161,amount mismatch,Customer says amount was debited twice.,WIP,,Medium,Branch,161.0,AMOUNT_MISMATCH,IN_PROGRESS,TXN00007357,161.0,False,161.0,VALID_POSITIVE
CBK0002565,TXN00003516,USR 18591,MCH5076,,01-18-2026,585.31,amount mismatch,User claims account was compromised before txn.,Pending Bank,12/02/2026 12:15 PM,P2,App,58531.0,AMOUNT_MISMATCH,PENDING,TXN00003516,585.31,False,585.31,VALID_POSITIVE
CBK0002508,TXN00015520,USR78921,MCH1369,1769215326,23/02/2026,578.15,Duplicate Debit,Customer says txn was not authorized.,Pending Bank,,P1,Branch,57815.0,DUPLICATE_DEBIT,PENDING,TXN00015520,578.15,False,578.15,VALID_POSITIVE
CBK0002546,TXN41980,USR82793,MCH 1094,17-Mar-2026,19/03/2026 03:57 PM,565.73,not done by me,Suspicious high-value payment disputed by customer. call dropped,OPEN,19/03/2026,High,Email,56573.0,UNAUTHORIZED_TRANSACTION,OPEN,TXN41980,565.73,False,565.73,VALID_POSITIVE
CBK0000212,TXN00010499,USR18345,MCH6823,13/03/2026 03:19 AM,2026-03-16 20:19:36,"Rs. 4,579",ATO,complaint received after multiple failed attempts.,OPEN,03-27-2026,P4,Branch,4579.0,ACCOUNT_TAKEOVER,OPEN,TXN00010499,4579.0,False,4579.0,VALID_POSITIVE
CBK0002200,TXN00017653,USR 80376,MCH5600,16-Jan-2026,2026/01/23,4402.84,account hacked,User reports money deducted but merchant denies receiving payment.,WIP,24/01/2026 07:11 PM,Medium,App,440284.0,ACCOUNT_TAKEOVER,IN_PROGRESS,TXN00017653,4402.84,False,4402.84,VALID_POSITIVE
CBK0001408,TXN00007170,USR-49478,MCH8391,2026-03-30 20:56:21,31/03/2026,Rs. 468,dispute raised,Merchant service was not delivered after payment.,Open,01-Apr-2026,P3,CHATBOT,468.0,CUSTOMER_DISPUTE,OPEN,TXN00007170,468.0,False,468.0,VALID_POSITIVE
CBK0000377,TXN38189,USR50661,MCH5076,01-08-2026,,754.07,Fraud Suspected,Complaint received after multiple failed attempts.,PENDING_BANK,,P3,IVR,75407.0,FRAUD,PENDING,TXN38189,754.07,False,754.07,VALID_POSITIVE
CBK0001891,TXN00001071,USR 11526,MCH9122,2026/03/13,03-17-2026,2117.2,Service Not Provided,Complaint received after multiple failed attempts. NA,CLOSED,31/03/2026,P3,Branch,21172.0,SERVICE_ISSUE,CLOSED,TXN00001071,2117.2,False,2117.2,VALID_POSITIVE
CBK0001866,TXN00008011,USR63376,6063,2026/01/16,19/01/2026,"1,770.20",unauth txn,Suspicious high-value payment disputed by customer.,RESOLVED,15/02/2026,Medium,Call Center,177020.0,UNAUTHORIZED_TRANSACTION,RESOLVED,TXN00008011,1770.2,False,1770.2,VALID_POSITIVE
CBK0000970,TXN82870,36118,MCH-1738,2026/01/29,30-Jan-2026,543.0,extra amount deducted,Merchant service was not delivered after payment.,CLOSED,30/01/2026 07:36 PM,P4,Call Center,5430.0,AMOUNT_MISMATCH,CLOSED,TXN82870,543.0,False,543.0,VALID_POSITIVE
CBK0002242,TXN84424,USR30262,MCH6806,1773794287,18/03/2026,1535.24,service failed,USER REPORTS MONEY DEDUCTED BUT MERCHANT DENIES RECEIVING PAYMENT.,IN_PROGRESS,2026/03/18,L,Call Center,153524.0,SERVICE_ISSUE,IN_PROGRESS,TXN84424,1535.24,False,1535.24,VALID_POSITIVE
CBK0001560,TXN00001620,usr85566,MCH6810,,23-Mar-2026,"1,347.82",suspicious transaction,Suspicious high-value payment disputed by customer.,Resolved,,L,CHATBOT,134782.0,FRAUD,RESOLVED,TXN00001620,1347.82,False,1347.82,VALID_POSITIVE
CBK0000409,TXN00006280,USR91269,MCH4181,1771453031,22/02/2026 02:17 PM,1032.66,login compromised,USER CLAIMS ACCOUNT WAS COMPROMISED BEFORE TRANSACTION.,REJECTED,2026-03-21 14:17:11,MEDIUM,App,103266.0,ACCOUNT_TAKEOVER,REJECTED,TXN00006280,1032.66,False,1032.66,VALID_POSITIVE
CBK0001847,TXN00012093,USR36399,MCH7286,2026-02-21 10:24:33,28-Feb-2026,3867.32,Account Takeover,Merchant service was not delivered after payment.,RESOLVED,2026/03/22,Critical,ivr,386732.0,ACCOUNT_TAKEOVER,RESOLVED,TXN00012093,3867.32,False,3867.32,VALID_POSITIVE
CBK0001673,TXN00017039,USR32436,MCH9055,03/01/2026,06/01/2026,"Rs. 1,306",item not received,user reports money deducted but merchant denies receiving payment.,RESOLVED,1769007899,LOW,chatbot,1306.0,DELIVERY_ISSUE,RESOLVED,TXN00017039,1306.0,False,1306.0,VALID_POSITIVE
CBK0000284,TXN32709,USR91199,mch7235,29-Jan-2026,,"Rs. 4,152",Unauthorized Transaction,User claims account was compromised before transaction.,CLOSED,13/02/2026,M,Email,4152.0,UNAUTHORIZED_TRANSACTION,CLOSED,TXN32709,4152.0,False,4152.0,VALID_POSITIVE
CBK0001681,TXN00013474,usr44690,MCH1928,2026-03-08 17:42:18,04-07-2026,3303.95,not delivered,Payment made to unknown merchant as per customer statement.,Open,,L,ivr,330395.0,DELIVERY_ISSUE,OPEN,TXN00013474,3303.95,False,3303.95,VALID_POSITIVE
CBK0001146,TXN00006160,USR11770,MCH4871,07/03/2026,03-14-2026,384.6,scam,Customer complaint text unclear due to poor call center notes.,IN_PROGRESS,07-Apr-2026,P3,Branch,3846.0,FRAUD,IN_PROGRESS,TXN00006160,384.6,False,384.6,VALID_POSITIVE
CBK0000431,TXN00011403,USR76792,MCH3707,16/03/2026,03-17-2026,88.39,login compromised,user reports money deducted but merchant denies receiving payment.,Closed,22/03/2026,LOW,Branch,8839.0,ACCOUNT_TAKEOVER,CLOSED,TXN00011403,88.39,False,88.39,VALID_POSITIVE
CBK0000038,TXN00016138,usr75856,MCH5345,15-Feb-2026,18/03/2026,"2,973.45",double debit,Payment made to unknown merchant as per customer statement.,Pending Bank,13-Apr-2026,Low,IVR,297345.0,DUPLICATE_DEBIT,PENDING,TXN00016138,2973.45,False,2973.45,VALID_POSITIVE
CBK0001051,TXN00007915,USR14299,MCH2383,10/02/2026 03:04 AM,03-13-2026,1789.71,not done by me,PAYMENT MADE TO UNKNOWN MERCHANT AS PER CUSTOMER STATEMENT.,RESOLVED,18-Mar-2026,Critical,Call Center,178971.0,UNAUTHORIZED_TRANSACTION,RESOLVED,TXN00007915,1789.71,False,1789.71,VALID_POSITIVE
CBK0000442,TXN00007729,usr34645,MCH5076,05-Jan-2026,2026/01/09,819.04,dispute raised,USER CLAIMS ACCOUNT WAS COMPROMISED BEFORE TRANSACTION.,CLOSED,01-29-2026,LOW,Email,81904.0,CUSTOMER_DISPUTE,CLOSED,TXN00007729,819.04,False,819.04,VALID_POSITIVE
CBK0002207,TXN00015126,USR62875,MCH 2383,06/01/2026,01-06-2026,2119.11,double debit,Customer complaint text unclear due to poor call center notes.,IN_PROGRESS,01-23-2026,L,chatbot,211911.0,DUPLICATE_DEBIT,IN_PROGRESS,TXN00015126,2119.11,False,2119.11,VALID_POSITIVE
CBK0000536,TXN00017414,USR 39006,mch5032,2026/01/10,2026/01/08,12249.71,item not received,Complaint received after multiple failed attempts.,Closed,1770352322,High,Email,1224971.0,DELIVERY_ISSUE,CLOSED,TXN00017414,12249.71,False,12249.71,VALID_POSITIVE
CBK0000633,TXN00013693,USR 72322,MCH8732,2026-03-19 17:11:52,21/03/2026,"₹1,899.73",item not received,Merchant service was not delivered after payment.,RESOLVED,,H,IVR,189973.0,DELIVERY_ISSUE,RESOLVED,TXN00013693,1899.73,False,1899.73,VALID_POSITIVE
CBK0002622,TXN00018833,usr92174,MCH4861,2026/02/05,1770988159,-451.83,unauthorized_transaction,Customer says transaction was not authorized.,Resolved,02-19-2026,CRIT,chatbot,-45183.0,UNAUTHORIZED_TRANSACTION,RESOLVED,TXN00018833,-451.83,True,,NEGATIVE_INVALID
CBK0001117,TXN00012679,USR13963,MCH3522,07/02/2026,09/02/2026,1851.93,Duplicate Debit,Complaint received after multiple failed attempts.,PENDING_BANK,,Medium,App,185193.0,DUPLICATE_DEBIT,PENDING,TXN00012679,1851.93,False,1851.93,VALID_POSITIVE
CBK0000939,TXN00009825,USR24660,MCH9618,2026/03/26,29/03/2026 06:03 AM,"Rs. 3,080",customer issue,Complaint received after multiple failed attempts.,Resolved,25/04/2026,P4,Branch,3080.0,CUSTOMER_DISPUTE,RESOLVED,TXN00009825,3080.0,False,3080.0,VALID_POSITIVE
CBK0001090,TXN00016195,USR85787,MCH4442,2026/03/11,2026-03-22 01:33:06,Rs. 471,delivery issue,User says UPI PIN was not entered by them.,OPEN,2026/04/13,Low,Branch,471.0,DELIVERY_ISSUE,OPEN,TXN00016195,471.0,False,471.0,VALID_POSITIVE
CBK0001682,TXN00010834,USR67399,MCH8675,12/03/2026 03:00 PM,23-Mar-2026,1750.36,Duplicate Debit,Customer complaint text unclear due to poor call center notes.,IN_PROGRESS,,M,CHATBOT,175036.0,DUPLICATE_DEBIT,IN_PROGRESS,TXN00010834,1750.36,False,1750.36,VALID_POSITIVE
CBK0001294,txn-00019221,USR67336,mch7286,1773129958,17-Mar-2026,596.6,Customer Dispute,Customer says txn was not authorized.,Closed,2026-04-04 21:05:58,P3,Branch,5966.0,CUSTOMER_DISPUTE,CLOSED,TXN-00019221,596.6,False,596.6,VALID_POSITIVE
CBK0001189,TXN00015243,90963,4871,1771076913,14-Feb-2026,448.21,customer issue,Merchant service was not delivered after payment.,REJECTED,1772722113,P3,chatbot,44821.0,CUSTOMER_DISPUTE,REJECTED,TXN00015243,448.21,False,448.21,VALID_POSITIVE
CBK0000070,TXN00019236,USR39755,MCH-6038,26/03/2026 01:55 PM,1775865300,3160.25,not done by me,Payment made to unknown merchant as per customer statement.,RESOLVED,08-May-2026,P2,Email,316025.0,UNAUTHORIZED_TRANSACTION,RESOLVED,TXN00019236,3160.25,False,3160.25,VALID_POSITIVE
CBK0000476,TXN76059,USR36575,mch1929,29/03/2026,01/04/2026,1726.97,incorrect amount,Payment made to unknown merchant as per customer statement.,IN_PROGRESS,,H,IVR,172697.0,AMOUNT_MISMATCH,IN_PROGRESS,TXN76059,1726.97,False,1726.97,VALID_POSITIVE
CBK0000092,TXN00019596,usr_96380,MCH3161,2026-02-23 05:30:01,,2991.63,Duplicate Debit,Customer says amount was debited twice.,Resolved,,HIGH,chatbot,299163.0,DUPLICATE_DEBIT,RESOLVED,TXN00019596,2991.63,False,2991.63,VALID_POSITIVE
CBK0000095,TXN00006584,USR85655,1599,03/03/2026 09:45 PM,04-Mar-2026,1087.37,Merchant Not Delivered,Merchant service was not delivered after payment.,In Progress,18-Mar-2026,M,Call Center,108737.0,DELIVERY_ISSUE,IN_PROGRESS,TXN00006584,1087.37,False,1087.37,VALID_POSITIVE
CBK0000861,TXN00016940,usr_83977,MCH1995,05-Jan-2026,1767747720,"₹7,669.97",charged twice,Payment made to unknown merchant as per customer statement.,Resolved,24/01/2026,Medium,Branch,766997.0,CHARGED TWICE,RESOLVED,TXN00016940,7669.97,False,7669.97,VALID_POSITIVE
CBK0000040,TXN00009861,USR84241,MCH1811,05/02/2026,02-08-2026,883.5,service failed,User reports money deducted but merchant denies receiving payment.,Resolved,15/02/2026 03:27 PM,H,Email,8835.0,SERVICE_ISSUE,RESOLVED,TXN00009861,883.5,False,883.5,VALID_POSITIVE
CBK0001663,TXN00008414,USR40891,mch1873,23-Feb-2026,01/03/2026 01:21 PM,-1523.73,no service,user says upi pin was not entered by them.,IN_PROGRESS,,H,chatbot,-152373.0,SERVICE_ISSUE,IN_PROGRESS,TXN00008414,-1523.73,True,,NEGATIVE_INVALID
CBK0001483,TXN00004890,usr15275,MCH1320,06-Jan-2026,01-02-2026,,charged twice,suspicious high-value payment disputed by customer.,Closed,,Low,IVR,,CHARGED TWICE,CLOSED,TXN00004890,,False,,MISSING
CBK0002538,TXN00018880,USR-86824,MCH3870,13/01/2026,29/01/2026 12:17 PM,"₹2,224.00",ATO,User reports money deducted but merchant denies receiving payment.,Rejected,02-18-2026,L,Branch,222400.0,ACCOUNT_TAKEOVER,REJECTED,TXN00018880,2224.0,False,2224.0,VALID_POSITIVE
CBK0000838,TXN00002790,38178,MCH9291,1769751388,,Rs. 870,incorrect amount,User reports money deducted but merchant denies receiving payment.,Closed,2026/02/09,Medium,chatbot,870.0,AMOUNT_MISMATCH,CLOSED,TXN00002790,870.0,False,870.0,VALID_POSITIVE
CBK0000514,TXN91755,USR83157,MCH3365,1774350058,,3762.83,scam,COMPLAINT RECEIVED AFTER MULTIPLE FAILED ATTEMPTS.,Open,04-22-2026,CRIT,App,376283.0,FRAUD,OPEN,TXN91755,3762.83,False,3762.83,VALID_POSITIVE
CBK0001432,TXN00014015,USR-84470,MCH4732,2026/02/07,02-12-2026,1855.84,Duplicate Debit,MERCHANT SERVICE WAS NOT DELIVERED AFTER PAYMENT.,OPEN,03-10-2026,Medium,IVR,185584.0,DUPLICATE_DEBIT,OPEN,TXN00014015,1855.84,False,1855.84,VALID_POSITIVE
CBK0000434,TXN00002783,USR21986,MCH9344,2026-01-10 02:14:17,25-Jan-2026,447.30,FRAUD,Customer says amount was debited twice.,Closed,2026-02-19 10:14:17,M,ivr,44730.0,FRAUD,CLOSED,TXN00002783,447.3,False,447.3,VALID_POSITIVE
CBK0002619,TXN00000071,USR86538,2766,01-25-2026,1769539221,"3,311.22",not done by me,Suspicious high-value payment disputed by customer. urgent,PENDING_BANK,,M,Call Center,331122.0,UNAUTHORIZED_TRANSACTION,PENDING,TXN00000071,3311.22,False,3311.22,VALID_POSITIVE
CBK0001446,TXN00017598,USR51720,MCH4274,2026-01-22 19:24:28,,INR 819.30,complaint,CUSTOMER SAYS AMOUNT WAS DEBITED TWICE.,CLOSED,2026/02/27,MEDIUM,Branch,81930.0,CUSTOMER_DISPUTE,CLOSED,TXN00017598,819.3,False,819.3,VALID_POSITIVE
CBK0002673,TXN00017755,USR27181,MCH6810,2026-02-02 22:47:32,06/02/2026 08:47 AM,"₹3,261.84",charged twice,Customer says amount was debited twice.,Closed,2026/02/14,Medium,Email,326184.0,CHARGED TWICE,CLOSED,TXN00017755,3261.84,False,3261.84,VALID_POSITIVE
CBK0000313,TXN00000248,usr50945,mch5264,25/01/2026 01:32 AM,2026-01-26 05:32:05,1984.03,dispute raised,customer says amount was debited twice.,CLOSED,01/02/2026,L,CHATBOT,198403.0,CUSTOMER_DISPUTE,CLOSED,TXN00000248,1984.03,False,1984.03,VALID_POSITIVE
CBK0000911,TXN00002114,USR52444,MCH1797,26/01/2026 02:20 PM,2026/02/26,"INR 4,126.61",account hacked,Customer says amount was debited twice.,REJECTED,,LOW,Branch,412661.0,ACCOUNT_TAKEOVER,REJECTED,TXN00002114,4126.61,False,4126.61,VALID_POSITIVE
CBK0001457,TXN00004271,USR-60321,MCH 2200,1772809958,13/03/2026 11:12 PM,"₹2,672.78",not delivered,User reports money deducted but merchant denies receiving payment.,OPEN,,Low,App,267278.0,DELIVERY_ISSUE,OPEN,TXN00004271,2672.78,False,2672.78,VALID_POSITIVE
CBK0000071,TXN00008538,usr89774,MCH8569,2026/02/08,1770735039,"Rs. 2,850",FRAUD,Customer complaint text unclear due to poor call center notes.,Rejected,,Medium,CHATBOT,2850.0,FRAUD,REJECTED,TXN00008538,2850.0,False,2850.0,VALID_POSITIVE
CBK0001767,TXN00003813,USR-78593,MCH3210,2026-01-09 14:05:22,2026/01/11,5758.61,UNAUTHORISED,PAYMENT MADE TO UNKNOWN MERCHANT AS PER CUSTOMER STATEMENT.,RESOLVED,,L,Email,575861.0,UNAUTHORIZED_TRANSACTION,RESOLVED,TXN00003813,5758.61,False,5758.61,VALID_POSITIVE
CBK0002661,TXN00015325,USR25636,MCH 1585,,20-Feb-2026,5464.95,service failed,Merchant service was not delivered after payment.,Rejected,02-21-2026,P3,Call Center,546495.0,SERVICE_ISSUE,REJECTED,TXN00015325,5464.95,False,5464.95,VALID_POSITIVE
CBK0002127,TXN00007220,USR63182,mch9060,05-Jan-2026,01-08-2026,"₹4,676.01",fraud,Customer complaint text unclear due to poor call center notes.,OPEN,12-Jan-2026,Medium,Branch,467601.0,FRAUD,OPEN,TXN00007220,4676.01,False,4676.01,VALID_POSITIVE
CBK0002697,TXN00004642,USR 90463,MCH5765,2026-03-13 01:00:19,2026/03/14,1778.23,unauthorized_transaction,Suspicious high-value payment disputed by customer.,Open,,M,IVR,177823.0,UNAUTHORIZED_TRANSACTION,OPEN,TXN00004642,1778.23,False,1778.23,VALID_POSITIVE
CBK0001263,TXN00002462,USR87914,6026,2026/01/03,2026-01-04 13:43:14,"Rs. 2,723",charged twice,User says UPI PIN was not entered by them.,RESOLVED,2026/01/07,H,Call Center,2723.0,CHARGED TWICE,RESOLVED,TXN00002462,2723.0,False,2723.0,VALID_POSITIVE
CBK0002161,TXN00005572,USR 72135,MCH4577,26/01/2026,,-1181.23,unauth txn,Customer says amount was debited twice.,Rejected,02/02/2026 04:34 AM,Low,Email,-118123.0,UNAUTHORIZED_TRANSACTION,REJECTED,TXN00005572,-1181.23,True,,NEGATIVE_INVALID
CBK0001347,TXN00016394,USR93953,MCH3886,1774595563,30-Mar-2026,1503.32,Service Not Provided,User says UPI PIN was not entered by them.,Pending Bank,31/03/2026 04:12 AM,Low,App,150332.0,SERVICE_ISSUE,PENDING,TXN00016394,1503.32,False,1503.32,VALID_POSITIVE
CBK0002140,TXN00013237,usr59679,MCH1712,23/01/2026,24/01/2026 08:01 PM,405.0,Account Takeover,User claims account was compromised before transaction.,Open,,P3,Call Center,4050.0,ACCOUNT_TAKEOVER,OPEN,TXN00013237,405.0,False,405.0,VALID_POSITIVE
CBK0000743,TXN00005962,USR43455,MCH1477,16/03/2026,03-22-2026,354.48,Fraud Suspected,Suspicious high-value payment disputed by customer.,OPEN,,MEDIUM,ivr,35448.0,FRAUD,OPEN,TXN00005962,354.48,False,354.48,VALID_POSITIVE
CBK0001876,,USR39217,MCH 8156,06/03/2026,21-Mar-2026,Rs. 927,DUP_DEBIT,User claims account was compromised before transaction.,Resolved,,L,chatbot,927.0,DUPLICATE_DEBIT,RESOLVED,,927.0,False,927.0,VALID_POSITIVE
CBK0001874,TXN00004675,USR30340,MCH7982,2026/03/21,06/04/2026 10:58 PM,258.2,not delivered,Complaint received after multiple failed attempts.,PENDING_BANK,,High,CHATBOT,2582.0,DELIVERY_ISSUE,PENDING,TXN00004675,258.2,False,258.2,VALID_POSITIVE
CBK0001715,TXN00010566,USR 83077,MCH9707,21/02/2026,02-24-2026,3265.07,unauth txn,Payment made to unknown merchant as per cust statement.,Rejected,01/03/2026 07:01 PM,M,IVR,326507.0,UNAUTHORIZED_TRANSACTION,REJECTED,TXN00010566,3265.07,False,3265.07,VALID_POSITIVE
CBK0000544,TXN00016205,USR41135,MCH4873,03-21-2026,20/03/2026,"Rs. 3,052",login compromised,suspicious high-value payment disputed by customer.,RESOLVED,2026/04/13,P4,chatbot,3052.0,ACCOUNT_TAKEOVER,RESOLVED,TXN00016205,3052.0,False,3052.0,VALID_POSITIVE
CBK0000007,TXN00017412,USR26201,MCH8154,2026-02-16 22:23:08,02-17-2026,"Rs. 1,505",merchant service issue,Complaint received after multiple failed attempts.,Open,18/02/2026 05:23 AM,Low,App,1505.0,SERVICE_ISSUE,OPEN,TXN00017412,1505.0,False,1505.0,VALID_POSITIVE
CBK0002040,TXN00019376,usr95000,MCH8391,,09/01/2026 06:31 PM,₹439.77,Wrong Amount,MERCHANT SERVICE WAS NOT DELIVERED AFTER PAYMENT.,WIP,2026/01/10,High,Branch,43977.0,AMOUNT_MISMATCH,IN_PROGRESS,TXN00019376,439.77,False,439.77,VALID_POSITIVE
CBK0002551,TXN00011968,USR-52233,MCH3341,12-Feb-2026,03-14-2026,-4809.04,unauthorized_transaction,User says UPI PIN was not entered by them.,In Progress,2026/03/18,MEDIUM,chatbot,-480904.0,UNAUTHORIZED_TRANSACTION,IN_PROGRESS,TXN00011968,-4809.04,True,,NEGATIVE_INVALID
CBK0000800,txn-00008407,USR54047,mch8953,03-29-2026,29/03/2026,2017.17,scam,Customer says transaction was not authorized. urgent,Closed,22/04/2026,Medium,IVR,201717.0,FRAUD,CLOSED,TXN-00008407,2017.17,False,2017.17,VALID_POSITIVE
CBK0001603,TXN00007165,USR26534,mch2266,03/03/2026,06/03/2026,Rs. 676,charged twice,suspicious high-value payment disputed by customer.,Closed,09/03/2026 06:27 PM,L,App,676.0,CHARGED TWICE,CLOSED,TXN00007165,676.0,False,676.0,VALID_POSITIVE
CBK0002563,TXN00004512,79645,MCH1381,11/02/2026,02-13-2026,"Rs. 1,358",double debit,Merchant service was not delivered after payment.,Open,25/02/2026 02:14 PM,LOW,Email,1358.0,DUPLICATE_DEBIT,OPEN,TXN00004512,1358.0,False,1358.0,VALID_POSITIVE
CBK0001982,TXN00003383,USR14096,MCH-7078,03-01-2026,03-07-2026,"Rs. 1,589",Unauthorized Transaction,Complaint received after multiple failed attempts.,RESOLVED,1772965427,P4,App,1589.0,UNAUTHORIZED_TRANSACTION,RESOLVED,TXN00003383,1589.0,False,1589.0,VALID_POSITIVE
CBK0001850,TXN00000410,USR29306,MCH9778,23/01/2026,2026/01/29,Rs. 388,UNAUTHORISED,User claims account was compromised before transaction.,In Progress,1770009662,P2,App,388.0,UNAUTHORIZED_TRANSACTION,IN_PROGRESS,TXN00000410,388.0,False,388.0,VALID_POSITIVE
CBK0000810,TXN00008813,USR55160,MCH9104,03-15-2026,,-825.92,customer issue,User says UPI PIN was not entered by them.,WIP,,Low,Call Center,-82592.0,CUSTOMER_DISPUTE,IN_PROGRESS,TXN00008813,-825.92,True,,NEGATIVE_INVALID
CBK0000188,TXN00001256,usr_74352,MCH1724,2026-01-20 03:59:31,2026/01/21,,incorrect amount,payment made to unknown merchant as per customer statement.,Resolved,01/02/2026 10:59 PM,P2,Email,,AMOUNT_MISMATCH,RESOLVED,TXN00001256,,False,,MISSING
CBK0000806,TXN00010423,USR 91337,MCH8154,,25/02/2026 04:33 AM,"₹1,285.39",Service Not Provided,User reports money deducted but merchant denies receiving payment.,Rejected,03/03/2026,LOW,App,128539.0,SERVICE_ISSUE,REJECTED,TXN00010423,1285.39,False,1285.39,VALID_POSITIVE
CBK0001458,TXN00002805,USR85655,MCH1702,2026/02/18,2026/03/05,"₹1,623.96",double debit,User claims account was compromised before transaction. call dropped,CLOSED,2026/03/28,MEDIUM,Branch,162396.0,DUPLICATE_DEBIT,CLOSED,TXN00002805,1623.96,False,1623.96,VALID_POSITIVE
CBK0001348,TXN00006710,usr80160,MCH-8221,28/03/2026 11:14 AM,30-Mar-2026,"Rs. 2,194",not done by me,USER CLAIMS ACCOUNT WAS COMPROMISED BEFORE TRANSACTION.,OPEN,07-Apr-2026,P2,IVR,2194.0,UNAUTHORIZED_TRANSACTION,OPEN,TXN00006710,2194.0,False,2194.0,VALID_POSITIVE
CBK0002428,TXN00009714,USR79175,MCH8542,1771196267,03-03-2026,807.62,double debit,Customer says transaction was not authorized.,CLOSED,02/04/2026,P4,Branch,80762.0,DUPLICATE_DEBIT,CLOSED,TXN00009714,807.62,False,807.62,VALID_POSITIVE
CBK0002255,TXN00008016,usr72981,7286,2026-01-01 23:32:29,02/01/2026,"₹1,364.41",unauth txn,Customer says amount was debited twice. NA,WIP,,P4,chatbot,136441.0,UNAUTHORIZED_TRANSACTION,IN_PROGRESS,TXN00008016,1364.41,False,1364.41,VALID_POSITIVE
CBK0001215,TXN00007445,usr_46899,mch9910,24/01/2026 06:17 PM,27/01/2026,"Rs. 3,055",Account Takeover,User says UPI PIN was not entered by them. pls check asap,Resolved,,MEDIUM,IVR,3055.0,ACCOUNT_TAKEOVER,RESOLVED,TXN00007445,3055.0,False,3055.0,VALID_POSITIVE
CBK0002709,TXN00003581,USR40538,MCH-8057,27-Jan-2026,26/02/2026 10:26 AM,3616.02,unauth txn,Merchant service was not delivered after payment.,IN_PROGRESS,08/03/2026,Medium,IVR,361602.0,UNAUTHORIZED_TRANSACTION,IN_PROGRESS,TXN00003581,3616.02,False,3616.02,VALID_POSITIVE
CBK0001714,TXN00019200,USR 10307,MCH3670,23/01/2026 04:45 AM,1769262328,"Rs. 1,186",dispute raised,Complaint received after multiple failed attempts.,OPEN,2026/02/20,MEDIUM,chatbot,1186.0,CUSTOMER_DISPUTE,OPEN,TXN00019200,1186.0,False,1186.0,VALID_POSITIVE
CBK0000074,TXN00018905,USR67079,mch5054,09/02/2026,2026/02/10,547.94,complaint,Suspicious high-value payment disputed by customer. pls check asap,In Progress,,High,Branch,54794.0,CUSTOMER_DISPUTE,IN_PROGRESS,TXN00018905,547.94,False,547.94,VALID_POSITIVE
CBK0002061,TXN00000123,usr25645,MCH1279,2026/01/26,01-30-2026,"INR 4,808.45",ATO,User says UPI PIN was not entered by them.,Open,,High,Email,480845.0,ACCOUNT_TAKEOVER,OPEN,TXN00000123,4808.45,False,4808.45,VALID_POSITIVE
CBK0000846,TXN00018851,USR98606,MCH9609,2026/03/18,17/04/2026 02:56 PM,"INR 2,087.83",Customer Dispute,User says UPI PIN was not entered by them.,PENDING_BANK,,H,App,208783.0,CUSTOMER_DISPUTE,PENDING,TXN00018851,2087.83,False,2087.83,VALID_POSITIVE
CBK0000427,TXN00013526,USR 91283,mch5276,,29/03/2026,"₹1,210.19",unauth txn,Payment made to unknown merchant as per customer statement.,RESOLVED,,P1,chatbot,121019.0,UNAUTHORIZED_TRANSACTION,RESOLVED,TXN00013526,1210.19,False,1210.19,VALID_POSITIVE
CBK0001036,TXN00015494,USR 80517,MCH8983,,01-29-2026,"INR 1,459.80",account hacked,customer complaint text unclear due to poor call center notes.,REJECTED,31/01/2026,CRITICAL,ivr,145980.0,ACCOUNT_TAKEOVER,REJECTED,TXN00015494,1459.8,False,1459.8,VALID_POSITIVE
CBK0001174,TXN00005857,usr50126,mch4181,17/02/2026,20-Mar-2026,-244.97,Wrong Amount,Customer says amount was debited twice.,IN_PROGRESS,12/04/2026,L,chatbot,-24497.0,AMOUNT_MISMATCH,IN_PROGRESS,TXN00005857,-244.97,True,,NEGATIVE_INVALID
CBK0000225,TXN00000007,30925,mch5655,2026-02-07 05:47:09,02-09-2026,2231.72,Account Takeover,User reports money deducted but merchant denies receiving payment.,IN_PROGRESS,12/02/2026 06:47 PM,HIGH,Email,223172.0,ACCOUNT_TAKEOVER,IN_PROGRESS,TXN00000007,2231.72,False,2231.72,VALID_POSITIVE
CBK0000472,TXN00001422,USR49251,MCH7171,20-Feb-2026,2026/02/21,"₹2,080.17",suspicious transaction,User claims account was compromised before transaction.,CLOSED,1772073957,Low,ivr,208017.0,FRAUD,CLOSED,TXN00001422,2080.17,False,2080.17,VALID_POSITIVE
CBK0000673,TXN00006799,usr90390,MCH2514,04-Jan-2026,19-Jan-2026,"7,272.77",Fraud Suspected,customer complaint text unclear due to poor call center notes.,Rejected,09-Feb-2026,P3,Email,727277.0,FRAUD,REJECTED,TXN00006799,7272.77,False,7272.77,VALID_POSITIVE
CBK0001783,TXN00003103,USR31416,MCH8794,24/01/2026 03:01 PM,01-26-2026,"Rs. 7,765",item not received,SUSPICIOUS HIGH-VALUE PAYMENT DISPUTED BY CUSTOMER.,RESOLVED,02-03-2026,L,IVR,7765.0,DELIVERY_ISSUE,RESOLVED,TXN00003103,7765.0,False,7765.0,VALID_POSITIVE
CBK0000232,TXN00019245,USR86563,MCH2065,01-Jan-2026,11-Jan-2026,"₹2,823.84",dispute raised,User claims account was compromised before transaction.,RESOLVED,,L,Email,282384.0,CUSTOMER_DISPUTE,RESOLVED,TXN00019245,2823.84,False,2823.84,VALID_POSITIVE
CBK0001610,TXN00008090,USR29627,MCH9644,2026-03-28 23:39:25,31-Mar-2026,"₹3,349.24",incorrect amount,Merchant service was not delivered after payment.,PENDING_BANK,,Medium,Call Center,334924.0,AMOUNT_MISMATCH,PENDING,TXN00008090,3349.24,False,3349.24,VALID_POSITIVE
CBK0002361,TXN00010080,usr53138,MCH7137,08-Mar-2026,1773476652,824.94,login compromised,Customer says transaction was not authorized.,CLOSED,04-11-2026,P3,App,82494.0,ACCOUNT_TAKEOVER,CLOSED,TXN00010080,824.94,False,824.94,VALID_POSITIVE
CBK0000281,TXN00017953,USR13544,MCH2334,04/01/2026 01:24 AM,1767727442,6427.42,service failed,Complaint received after multiple failed attempts.,Resolved,,Medium,App,642742.0,SERVICE_ISSUE,RESOLVED,TXN00017953,6427.42,False,6427.42,VALID_POSITIVE
CBK0001871,TXN00009076,USR67496,MCH3100,03-30-2026,1774957480,1552.98,ATO,Customer complaint text unclear due to poor call center notes.,Open,28/04/2026,P2,Branch,155298.0,ACCOUNT_TAKEOVER,OPEN,TXN00009076,1552.98,False,1552.98,VALID_POSITIVE
CBK0000436,TXN00012192,USR93581,MCH4547,24/02/2026,04-11-2026,-5520.5,merchant service issue,Customer says transaction was not authorized. pls check asap,PENDING_BANK,05-07-2026,M,Branch,-55205.0,SERVICE_ISSUE,PENDING,TXN00012192,-5520.5,True,,NEGATIVE_INVALID
CBK0001824,TXN00016562,USR59778,MCH2822,2026/01/10,1768482413,709.53,ATO,Customer says transaction was not authorized.,CLOSED,,Low,Call Center,70953.0,ACCOUNT_TAKEOVER,CLOSED,TXN00016562,709.53,False,709.53,VALID_POSITIVE
CBK0002068,TXN00009416,USR13134,MCH9782,07/03/2026,09/03/2026 01:28 PM,"4,883.77",unauth txn,Payment made to unknown merchant as per cust statement.,WIP,17/03/2026,Low,ivr,488377.0,UNAUTHORIZED_TRANSACTION,IN_PROGRESS,TXN00009416,4883.77,False,4883.77,VALID_POSITIVE
CBK0000756,TXN00017864,USR-17657,MCH1702,03-01-2026,03-05-2026,-2911.37,item not received,Customer says amount was debited twice.,PENDING_BANK,,P2,IVR,-291137.0,DELIVERY_ISSUE,PENDING,TXN00017864,-2911.37,True,,NEGATIVE_INVALID
CBK0002112,TXN00002782,USR94403,mch2757,1771092629,17-Feb-2026,3648.19,unauthorized_transaction,Customer says txn was not authorized.,Pending Bank,1773922229,H,Call Center,364819.0,UNAUTHORIZED_TRANSACTION,PENDING,TXN00002782,3648.19,False,3648.19,VALID_POSITIVE
CBK0001881,TXN00008840,USR73167,MCH4857,13/01/2026,2026/01/18,1257.85,Duplicate Debit,Customer says amount was debited twice.,In Progress,,H,Branch,125785.0,DUPLICATE_DEBIT,IN_PROGRESS,TXN00008840,1257.85,False,1257.85,VALID_POSITIVE
CBK0002343,TXN00015911,USR29306,MCH9294,2026/02/16,02/04/2026,"₹1,701.23",charged twice,User claims account was compromised before transaction.,REJECTED,2026/04/29,P2,App,170123.0,CHARGED TWICE,REJECTED,TXN00015911,1701.23,False,1701.23,VALID_POSITIVE
CBK0002173,TXN00013107,USR82940,MCH2266,28/03/2026,2026/04/12,"₹2,242.79",unauth txn,Customer says transaction was not authorized. details missing,In Progress,15-Apr-2026,LOW,Email,224279.0,UNAUTHORIZED_TRANSACTION,IN_PROGRESS,TXN00013107,2242.79,False,2242.79,VALID_POSITIVE
CBK0002433,TXN00013653,USR85471,MCH6459,2026-02-02 03:05:01,1771365901,-555.33,extra amount deducted,Customer says amount was debited twice.,In Progress,,M,CHATBOT,-55533.0,AMOUNT_MISMATCH,IN_PROGRESS,TXN00013653,-555.33,True,,NEGATIVE_INVALID
CBK0000129,TXN00009368,USR 60939,MCH4143,01-Mar-2026,03-Mar-2026,"₹2,931.23",service failed,MERCHANT SERVICE WAS NOT DELIVERED AFTER PAYMENT.,Rejected,11/03/2026 08:10 PM,LOW,Email,293123.0,SERVICE_ISSUE,REJECTED,TXN00009368,2931.23,False,2931.23,VALID_POSITIVE
CBK0000801,TXN00000284,usr94447,MCH5873,06/03/2026 06:58 AM,2026-03-21 12:58:56,"₹2,676.58",unauth txn,Customer says amount was debited twice.,Resolved,20/04/2026,M,ivr,267658.0,UNAUTHORIZED_TRANSACTION,RESOLVED,TXN00000284,2676.58,False,2676.58,VALID_POSITIVE
CBK0001337,TXN00011351,USR-28182,MCH2065,05/01/2026,2026/01/08,4601.18,DUP_DEBIT,Customer says transaction was not authorized.,Pending Bank,,Medium,Email,460118.0,DUPLICATE_DEBIT,PENDING,TXN00011351,4601.18,False,4601.18,VALID_POSITIVE
CBK0001544,TXN00010606,USR12233,mch9344,21/03/2026 11:56 PM,,"13,028.67",service failed,Customer complaint text unclear due to poor call center notes.,RESOLVED,2026-04-16 09:56:11,P2,CHATBOT,1302867.0,SERVICE_ISSUE,RESOLVED,TXN00010606,13028.67,False,13028.67,VALID_POSITIVE
CBK0002110,TXN00019908,USR76321,MCH5838,2026/02/03,18-Feb-2026,"Rs. 14,932",account hacked,customer complaint text unclear due to poor call center notes.,Open,22/02/2026,L,chatbot,14932.0,ACCOUNT_TAKEOVER,OPEN,TXN00019908,14932.0,False,14932.0,VALID_POSITIVE
CBK0001660,TXN00002347,USR11036,MCH2383,2026-03-08 00:42:06,2026/03/09,"INR 1,200.09",not delivered,suspicious high-value payment disputed by customer.,REJECTED,2026/04/01,M,ivr,120009.0,DELIVERY_ISSUE,REJECTED,TXN00002347,1200.09,False,1200.09,VALID_POSITIVE
CBK0000341,TXN00009379,USR68432,MCH6606,2026-03-20 14:08:47,23-Mar-2026,578.72,Duplicate Debit,Suspicious high-value payment disputed by customer.,CLOSED,1774937327,P2,ivr,57872.0,DUPLICATE_DEBIT,CLOSED,TXN00009379,578.72,False,578.72,VALID_POSITIVE
CBK0001304,TXN00017396,USR40538,MCH9984,,18/03/2026,₹642.07,fraud,User reports money deducted but merchant denies receiving payment.,WIP,1773812459,High,Call Center,64207.0,FRAUD,IN_PROGRESS,TXN00017396,642.07,False,642.07,VALID_POSITIVE
CBK0001062,txn-00012810,USR-43890,MCH7683,2026/01/26,10/02/2026 04:43 PM,,extra amount deducted,User reports money deducted but merchant denies receiving payment.,Open,2026/03/10,Low,IVR,,AMOUNT_MISMATCH,OPEN,TXN-00012810,,False,,MISSING
CBK0002330,TXN00007824,USR 15414,MCH7186,03-24-2026,2026-03-27 06:06:46,"1,375.65",delivery issue,Suspicious high-value payment disputed by cust.,Rejected,,Medium,Call Center,137565.0,DELIVERY_ISSUE,REJECTED,TXN00007824,1375.65,False,1375.65,VALID_POSITIVE
CBK0001222,TXN00004174,USR-60027,2402,22/02/2026,10/03/2026,"INR 26,842.07",unauth txn,Customer complaint text unclear due to poor call center notes.,Rejected,24/03/2026 12:40 AM,P1,chatbot,2684207.0,UNAUTHORIZED_TRANSACTION,REJECTED,TXN00004174,26842.07,False,26842.07,VALID_POSITIVE
CBK0000815,TXN00014312,USR 67696,MCH5671,16/01/2026,17-Jan-2026,"₹4,063.03",scam,User says UPI PIN was not entered by them.,WIP,2026/02/10,L,Call Center,406303.0,FRAUD,IN_PROGRESS,TXN00014312,4063.03,False,4063.03,VALID_POSITIVE
CBK0001725,TXN00007324,USR35882,MCH8337,1770111566,06-Feb-2026,175.45,complaint,Customer says transaction was not authorized.,CLOSED,13/02/2026,H,App,17545.0,CUSTOMER_DISPUTE,CLOSED,TXN00007324,175.45,False,175.45,VALID_POSITIVE
CBK0000186,TXN00016957,USR98066,MCH1945,17/03/2026,2026/04/16,1444.28,ATO,user reports money deducted but merchant denies receiving payment.,RESOLVED,2026-05-11 20:04:57,P4,Branch,144428.0,ACCOUNT_TAKEOVER,RESOLVED,TXN00016957,1444.28,False,1444.28,VALID_POSITIVE
CBK0000290,TXN00000426,USR 31371,MCH-4811,2026/03/10,04-10-2026,,customer issue,Customer complaint text unclear due to poor call center notes.,Rejected,28/04/2026 12:40 PM,Medium,IVR,,CUSTOMER_DISPUTE,REJECTED,TXN00000426,,False,,MISSING
CBK0000141,TXN00006360,usr82731,MCH8970,2026/02/25,2026/02/27,"₹1,731.10",double debit,Complaint received after multiple failed attempts. details missing,Pending Bank,03-14-2026,Low,CHATBOT,173110.0,DUPLICATE_DEBIT,PENDING,TXN00006360,1731.1,False,1731.1,VALID_POSITIVE
CBK0000882,TXN00018975,USR38277,MCH9872,01-11-2026,,₹701.39,Customer Dispute,Payment made to unknown merchant as per customer statement.,Closed,19/01/2026,High,IVR,70139.0,CUSTOMER_DISPUTE,CLOSED,TXN00018975,701.39,False,701.39,VALID_POSITIVE
CBK0001227,TXN00007552,USR61339,4281,01-01-2026,09/01/2026,12509.66,service failed,Payment made to unknown merchant as per customer statement.,CLOSED,,Low,Email,1250966.0,SERVICE_ISSUE,CLOSED,TXN00007552,12509.66,False,12509.66,VALID_POSITIVE
CBK0000730,TXN00009351,USR52558,MCH2688,04-Mar-2026,1772808450,"₹1,026.98",delivery issue,Merchant service was not delivered after payment.,OPEN,25/03/2026,MEDIUM,App,102698.0,DELIVERY_ISSUE,OPEN,TXN00009351,1026.98,False,1026.98,VALID_POSITIVE
CBK0002607,TXN00010699,USR18453,MCH 9441,27/03/2026 09:25 PM,2026-03-30 02:25:11,₹428.88,ATO,USER SAYS UPI PIN WAS NOT ENTERED BY THEM.,IN_PROGRESS,2026/04/15,CRITICAL,IVR,42888.0,ACCOUNT_TAKEOVER,IN_PROGRESS,TXN00010699,428.88,False,428.88,VALID_POSITIVE
CBK0002456,TXN00015278,USR97030,MCH7914,2026-03-29 13:39:54,2026-04-08 19:39:54,1070.58,amount mismatch,Complaint received after multiple failed attempts. urgent,Resolved,2026-04-23 19:39:54,Medium,App,107058.0,AMOUNT_MISMATCH,RESOLVED,TXN00015278,1070.58,False,1070.58,VALID_POSITIVE
CBK0001405,TXN32094,USR48929,MCH2565,16-Feb-2026,2026/02/20,"₹1,381.95",charged twice,User reports money deducted but merchant denies receiving payment.,WIP,22/03/2026 07:28 PM,M,CHATBOT,138195.0,CHARGED TWICE,IN_PROGRESS,TXN32094,1381.95,False,1381.95,VALID_POSITIVE
CBK0001843,TXN00015367,USR17315,MCH1269,,01-28-2026,3023.77,UNAUTHORISED,Suspicious high-value payment disputed by customer.,IN_PROGRESS,2026/02/22,CRIT,CHATBOT,302377.0,UNAUTHORIZED_TRANSACTION,IN_PROGRESS,TXN00015367,3023.77,False,3023.77,VALID_POSITIVE
CBK0000565,TXN00007016,usr_34955,MCH4574,05-Feb-2026,15-Feb-2026,1144.6,ATO,Customer complaint text unclear due to poor call center notes.,REJECTED,2026-03-15 12:45:03,HIGH,App,11446.0,ACCOUNT_TAKEOVER,REJECTED,TXN00007016,1144.6,False,1144.6,VALID_POSITIVE
CBK0001797,TXN00007084,USR14626,MCH7878,2026/02/07,02-10-2026,"INR 2,000.05",Customer Dispute,Complaint received after multiple failed attempts.,RESOLVED,,Low,ivr,200005.0,CUSTOMER_DISPUTE,RESOLVED,TXN00007084,2000.05,False,2000.05,VALID_POSITIVE
CBK0000441,TXN00002216,usr58639,MCH4339,,2026/03/12,5160.27,charged twice,user claims account was compromised before transaction.,Rejected,08-Apr-2026,Low,ivr,516027.0,CHARGED TWICE,REJECTED,TXN00002216,5160.27,False,5160.27,VALID_POSITIVE
CBK0001791,TXN00002382,USR91799,MCH9069,02/01/2026 10:06 PM,2026-01-04 02:06:30,44046.77,Wrong Amount,Complaint received after multiple failed attempts.,CLOSED,31/01/2026,Low,App,4404677.0,AMOUNT_MISMATCH,CLOSED,TXN00002382,44046.77,False,44046.77,VALID_POSITIVE
CBK0000240,TXN00014390,USR 75856,MCH4429,2026/01/12,2026-01-15 10:39:00,793.04,incorrect amount,Customer says transaction was not authorized.,Open,2026/01/29,P4,chatbot,79304.0,AMOUNT_MISMATCH,OPEN,TXN00014390,793.04,False,793.04,VALID_POSITIVE
CBK0000051,TXN00015825,USR97494,MCH6181,19-Mar-2026,03/04/2026,272.77,account hacked,payment made to unknown merchant as per customer statement.,Resolved,04-24-2026,CRIT,CHATBOT,27277.0,ACCOUNT_TAKEOVER,RESOLVED,TXN00015825,272.77,False,272.77,VALID_POSITIVE
CBK0002095,TXN00004933,usr43455,MCH2566,01-26-2026,06/02/2026,"4,720.79",not delivered,Suspicious high-value payment disputed by customer.,CLOSED,2026/03/08,Low,CHATBOT,472079.0,DELIVERY_ISSUE,CLOSED,TXN00004933,4720.79,False,4720.79,VALID_POSITIVE
CBK0001001,TXN00011430,USR72135,MCH4504,23/03/2026 01:00 PM,2026/03/25,-1138.68,Wrong Amount,Customer says transaction was not authorized.,RESOLVED,27/03/2026 11:00 PM,MEDIUM,Email,-113868.0,AMOUNT_MISMATCH,RESOLVED,TXN00011430,-1138.68,True,,NEGATIVE_INVALID
CBK0000199,TXN00014454,USR 65385,MCH9061,01-01-2026,,₹752.03,unauthorized_transaction,User says UPI PIN was not entered by them. call dropped,Closed,,P4,App,75203.0,UNAUTHORIZED_TRANSACTION,CLOSED,TXN00014454,752.03,False,752.03,VALID_POSITIVE
CBK0002434,TXN00017925,USR13134,MCH5284,07/01/2026 02:25 AM,,"₹1,402.12",complaint,User claims account was compromised before transaction.,IN_PROGRESS,01-27-2026,Medium,Email,140212.0,CUSTOMER_DISPUTE,IN_PROGRESS,TXN00017925,1402.12,False,1402.12,VALID_POSITIVE
CBK0000200,TXN00015054,USR 51506,MCH-5954,20-Mar-2026,04-May-2026,-6049.12,UNAUTHORISED,User reports money deducted but merchant denies receiving payment.,In Progress,09/05/2026 08:49 PM,M,IVR,-604912.0,UNAUTHORIZED_TRANSACTION,IN_PROGRESS,TXN00015054,-6049.12,True,,NEGATIVE_INVALID
CBK0000674,TXN95066,USR27533,MCH-5993,2026/03/01,,Rs. 731,Unauthorized Transaction,customer says amount was debited twice.,RESOLVED,2026/03/10,M,App,731.0,UNAUTHORIZED_TRANSACTION,RESOLVED,TXN95066,731.0,False,731.0,VALID_POSITIVE
CBK0001886,TXN00004693,usr_44959,MCH7728,01-27-2026,2026/01/29,3249.99,amount mismatch,User says UPI PIN was not entered by them.,Open,,Low,App,324999.0,AMOUNT_MISMATCH,OPEN,TXN00004693,3249.99,False,3249.99,VALID_POSITIVE
CBK0000793,TXN00006175,USR-62254,MCH4226,2026/02/27,2026-02-28 09:53:08,₹709.86,Merchant Not Delivered,Suspicious high-value payment disputed by cust.,PENDING_BANK,,L,ivr,70986.0,DELIVERY_ISSUE,PENDING,TXN00006175,709.86,False,709.86,VALID_POSITIVE
CBK0001639,TXN00005636,USR63938,MCH1320,2026/02/02,03/02/2026,"Rs. 1,118",extra amount deducted,user claims account was compromised before transaction.,CLOSED,2026-02-12 11:56:31,P3,Email,1118.0,AMOUNT_MISMATCH,CLOSED,TXN00005636,1118.0,False,1118.0,VALID_POSITIVE
CBK0000875,TXN00007782,USR71887,MCH4181,,2026/01/16,-647.02,scam,User claims account was compromised before transaction.,IN_PROGRESS,2026/01/27,L,IVR,-64702.0,FRAUD,IN_PROGRESS,TXN00007782,-647.02,True,,NEGATIVE_INVALID
CBK0001931,TXN00002531,USR10307,MCH4473,02-16-2026,,1017.5,double debit,Customer complaint text unclear due to poor call center notes.,OPEN,,M,IVR,10175.0,DUPLICATE_DEBIT,OPEN,TXN00002531,1017.5,False,1017.5,VALID_POSITIVE
CBK0001735,TXN00017962,usr_81878,MCH2822,13/01/2026 03:38 AM,2026/02/27,2741.61,extra amount deducted,Payment made to unknown merchant as per customer statement.,Pending Bank,2026-03-16 23:38:14,Low,App,274161.0,AMOUNT_MISMATCH,PENDING,TXN00017962,2741.61,False,2741.61,VALID_POSITIVE
CBK0000478,TXN00014062,USR 69966,MCH2822,2026-02-25 19:59:11,02-26-2026,"1,078.90",ATO,User claims account was compromised before transaction.,WIP,25/03/2026 03:59 PM,Low,Branch,107890.0,ACCOUNT_TAKEOVER,IN_PROGRESS,TXN00014062,1078.9,False,1078.9,VALID_POSITIVE
CBK0001505,TXN00001496,USR40061,MCH3765,2026/03/04,2026-03-08 11:54:46,5669.05,customer issue,User says UPI PIN was not entered by them.,Rejected,2026-03-13 11:54:46,Low,IVR,566905.0,CUSTOMER_DISPUTE,REJECTED,TXN00001496,5669.05,False,5669.05,VALID_POSITIVE
CBK0002469,TXN00002314,USR99748,MCH 7621,22/02/2026,2026-02-23 18:44:31,725.65,amount mismatch,User reports money deducted but merchant denies receiving payment.,WIP,2026/03/24,P2,IVR,72565.0,AMOUNT_MISMATCH,IN_PROGRESS,TXN00002314,725.65,False,725.65,VALID_POSITIVE
CBK0002480,TXN00007980,USR-87914,MCH7383,02/02/2026,2026-02-06 15:03:23,1231.74,Account Takeover,customer says transaction was not authorized.,Pending Bank,,P3,ivr,123174.0,ACCOUNT_TAKEOVER,PENDING,TXN00007980,1231.74,False,1231.74,VALID_POSITIVE
CBK0002264,TXN00001289,USR79175,4181,26/02/2026,28/03/2026 05:35 PM,INR 201.03,delivery issue,User claims account was compromised before transaction. call dropped,Pending Bank,04-26-2026,CRITICAL,Branch,20103.0,DELIVERY_ISSUE,PENDING,TXN00001289,201.03,False,201.03,VALID_POSITIVE
CBK0000032,TXN00001691,usr43171,MCH8182,2026/01/08,01-09-2026,875.81,double debit,User claims account was compromised before transaction.,IN_PROGRESS,2026-01-26 09:44:49,P3,App,87581.0,DUPLICATE_DEBIT,IN_PROGRESS,TXN00001691,875.81,False,875.81,VALID_POSITIVE
CBK0000967,TXN00016890,USR-11933,MCH4841,28/03/2026,03-29-2026,"₹2,406.47",double debit,Suspicious high-value payment disputed by customer.,IN_PROGRESS,04-04-2026,Low,chatbot,240647.0,DUPLICATE_DEBIT,IN_PROGRESS,TXN00016890,2406.47,False,2406.47,VALID_POSITIVE
CBK0002345,TXN00010920,USR70736,mch8559,03-11-2026,13-Mar-2026,822.8,customer issue,User claims account was compromised before transaction.,Closed,24/03/2026 03:54 AM,Low,Call Center,8228.0,CUSTOMER_DISPUTE,CLOSED,TXN00010920,822.8,False,822.8,VALID_POSITIVE
CBK0001835,TXN66186,21162,MCH2549,1772051629,2026/02/28,5546.22,ATO,Customer says transaction was not authorized.,Closed,2026-03-17 20:33:49,High,chatbot,554622.0,ACCOUNT_TAKEOVER,CLOSED,TXN66186,5546.22,False,5546.22,VALID_POSITIVE
CBK0000622,TXN00007356,USR-81916,MCH-6117,25/02/2026,12-Mar-2026,"INR 4,608.17",double debit,Payment made to unknown merchant as per customer statement.,PENDING_BANK,2026-03-19 13:11:32,L,chatbot,460817.0,DUPLICATE_DEBIT,PENDING,TXN00007356,4608.17,False,4608.17,VALID_POSITIVE
CBK0000580,TXN00008617,USR62748,MCH9878,,03/04/2026,4101.67,DUP_DEBIT,Merchant service was not delivered after payment.,Closed,,CRIT,ivr,410167.0,DUPLICATE_DEBIT,CLOSED,TXN00008617,4101.67,False,4101.67,VALID_POSITIVE
CBK0000997,TXN00004554,USR64865,mch4157,19-Feb-2026,2026-03-01 20:11:18,"₹2,266.29",double debit,Customer says amount was debited twice.,OPEN,21-Mar-2026,MEDIUM,Email,226629.0,DUPLICATE_DEBIT,OPEN,TXN00004554,2266.29,False,2266.29,VALID_POSITIVE
CBK0002559,TXN00014011,usr_19313,MCH4037,04/01/2026 10:10 AM,,"INR 1,125.73",amount mismatch,User says UPI PIN was not entered by them.,PENDING_BANK,,Low,Branch,112573.0,AMOUNT_MISMATCH,PENDING,TXN00014011,1125.73,False,1125.73,VALID_POSITIVE
CBK0001205,TXN00000084,USR11916,MCH-6850,,08/02/2026,958.61,Unauthorized Transaction,Complaint received after multiple failed attempts.,Rejected,,Low,chatbot,95861.0,UNAUTHORIZED_TRANSACTION,REJECTED,TXN00000084,958.61,False,958.61,VALID_POSITIVE
CBK0001045,TXN00010810,USR65507,MCH7833,2026/03/07,08-Mar-2026,541.11,not delivered,Customer says amount was debited twice.,Open,04-03-2026,P3,ivr,54111.0,DELIVERY_ISSUE,OPEN,TXN00010810,541.11,False,541.11,VALID_POSITIVE
CBK0000357,TXN00002320,USR-38540,MCH5330,02-Jan-2026,12-Jan-2026,₹911.59,merchant service issue,User claims account was compromised before transaction.,PENDING_BANK,16/01/2026,M,Email,91159.0,SERVICE_ISSUE,PENDING,TXN00002320,911.59,False,911.59,VALID_POSITIVE
CBK0002031,txn-00001568,USR46045,mch7468,01-Jan-2026,2026/01/03,13654.34,Duplicate Debit,Complaint received after multiple failed attempts.,Resolved,2026/01/20,P3,CHATBOT,1365434.0,DUPLICATE_DEBIT,RESOLVED,TXN-00001568,13654.34,False,13654.34,VALID_POSITIVE
CBK0002393,TXN00003575,USR73909,MCH7833,01/02/2026,,-1311.04,ATO,Customer says txn was not authorized.,PENDING_BANK,,P4,App,-131104.0,ACCOUNT_TAKEOVER,PENDING,TXN00003575,-1311.04,True,,NEGATIVE_INVALID
CBK0002464,TXN00000389,USR51316,mch2059,1770532314,1770359514,2566.03,item not received,User reports money deducted but merchant denies receiving payment.,RESOLVED,19/02/2026 06:31 AM,H,Call Center,256603.0,DELIVERY_ISSUE,RESOLVED,TXN00000389,2566.03,False,2566.03,VALID_POSITIVE
CBK0002639,TXN00016579,USR53527,MCH8073,02/03/2026,05-Mar-2026,"₹1,345.55",Merchant Not Delivered,User reports money deducted but merchant denies receiving payment.,Closed,04/04/2026 08:22 AM,P3,App,134555.0,DELIVERY_ISSUE,CLOSED,TXN00016579,1345.55,False,1345.55,VALID_POSITIVE
CBK0000663,TXN00002699,USR94333,MCH8975,,03-11-2026,422.45,ATO,Complaint received after multiple failed attempts.,Closed,,P2,Email,42245.0,ACCOUNT_TAKEOVER,CLOSED,TXN00002699,422.45,False,422.45,VALID_POSITIVE
CBK0001571,TXN00006558,USR78593,MCH4215,26/03/2026,26/04/2026,-673.61,complaint,Suspicious high-value payment disputed by customer.,RESOLVED,2026-05-07 03:33:21,MEDIUM,chatbot,-67361.0,CUSTOMER_DISPUTE,RESOLVED,TXN00006558,-673.61,True,,NEGATIVE_INVALID
CBK0000984,TXN00019434,usr68023,MCH4473,1768172775,15-Jan-2026,"INR 7,211.97",merchant service issue,Customer says amount was debited twice.,Open,2026-01-20 16:06:15,Medium,Email,721197.0,SERVICE_ISSUE,OPEN,TXN00019434,7211.97,False,7211.97,VALID_POSITIVE
CBK0001547,txn-00019722,USR58117,MCH9568,2026-02-07 20:23:00,17/02/2026,"Rs. 11,641",extra amount deducted,User claims account was compromised before transaction.,WIP,,H,IVR,11641.0,AMOUNT_MISMATCH,IN_PROGRESS,TXN-00019722,11641.0,False,11641.0,VALID_POSITIVE
CBK0001848,TXN00016662,USR91934,mch8779,01-13-2026,2026/01/13,"₹4,341.13",fraud,Customer says amount was debited twice.,WIP,2026/01/27,Low,Call Center,434113.0,FRAUD,IN_PROGRESS,TXN00016662,4341.13,False,4341.13,VALID_POSITIVE
CBK0001004,TXN00001391,USR43520,MCH6140,2026-01-19 06:14:05,22/01/2026 04:14 AM,"1,852.28",scam,Customer complaint text unclear due to poor call center notes.,OPEN,,Low,Branch,185228.0,FRAUD,OPEN,TXN00001391,1852.28,False,1852.28,VALID_POSITIVE
CBK0002185,TXN00001072,USR78593,MCH4473,01-23-2026,,893.6,unauth txn,customer says transaction was not authorized.,OPEN,11-Feb-2026,Medium,chatbot,8936.0,UNAUTHORIZED_TRANSACTION,OPEN,TXN00001072,893.6,False,893.6,VALID_POSITIVE
CBK0000418,TXN00003628,USR 35882,MCH4473,,2026-04-04 06:41:27,"₹2,430.89",not done by me,User says UPI PIN was not entered by them.,PENDING_BANK,06/04/2026 06:41 AM,P3,CHATBOT,243089.0,UNAUTHORIZED_TRANSACTION,PENDING,TXN00003628,2430.89,False,2430.89,VALID_POSITIVE
CBK0002417,TXN00005056,USR27928,mch8953,2026/01/29,31-Jan-2026,6278.49,delivery issue,User claims account was compromised before transaction.,IN_PROGRESS,,CRITICAL,Call Center,627849.0,DELIVERY_ISSUE,IN_PROGRESS,TXN00005056,6278.49,False,6278.49,VALID_POSITIVE
CBK0000356,TXN00001423,USR36629,MCH4418,03-22-2026,2026/04/02,"INR 6,009.85",Unauthorized Transaction,Payment made to unknown merchant as per customer statement.,OPEN,11/04/2026 01:31 PM,Medium,ivr,600985.0,UNAUTHORIZED_TRANSACTION,OPEN,TXN00001423,6009.85,False,6009.85,VALID_POSITIVE
CBK0001169,TXN00012596,USR40747,mch2822,,14-Mar-2026,"INR 1,692.85",fraud,Customer says amount was debited twice.,Pending Bank,23/03/2026,L,Email,169285.0,FRAUD,PENDING,TXN00012596,1692.85,False,1692.85,VALID_POSITIVE
CBK0001000,,USR21798,5980,03-09-2026,24/03/2026,Rs. 725,dispute raised,USER REPORTS MONEY DEDUCTED BUT MERCHANT DENIES RECEIVING PAYMENT.,IN_PROGRESS,28/03/2026 05:53 PM,CRIT,CHATBOT,725.0,CUSTOMER_DISPUTE,IN_PROGRESS,,725.0,False,725.0,VALID_POSITIVE
CBK0000146,TXN00008795,usr_87406,MCH 4568,2026/02/22,,"INR 1,052.00",account hacked,Payment made to unknown merchant as per customer statement.,Open,,Medium,Call Center,105200.0,ACCOUNT_TAKEOVER,OPEN,TXN00008795,1052.0,False,1052.0,VALID_POSITIVE
CBK0001807,TXN00002417,USR50995,mch1244,1774012079,,"₹3,188.13",merchant service issue,User says UPI PIN was not entered by them.,Rejected,04-08-2026,MEDIUM,App,318813.0,SERVICE_ISSUE,REJECTED,TXN00002417,3188.13,False,3188.13,VALID_POSITIVE
CBK0000239,TXN00005752,USR34028,MCH3100,2026/01/06,2026/01/11,"1,800.88",login compromised,Customer says transaction was not authorized.,Rejected,12-Jan-2026,LOW,Branch,180088.0,ACCOUNT_TAKEOVER,REJECTED,TXN00005752,1800.88,False,1800.88,VALID_POSITIVE
CBK0002079,TXN00014711,USR67922,MCH-2492,1769042157,01-25-2026,"₹1,709.84",complaint,Payment made to unknown merchant as per customer statement.,Pending Bank,,P4,chatbot,170984.0,CUSTOMER_DISPUTE,PENDING,TXN00014711,1709.84,False,1709.84,VALID_POSITIVE
CBK0001376,TXN00009369,USR24660,4473,2026/02/16,19/02/2026,"2,070.15",Account Takeover,Customer complaint text unclear due to poor call center notes.,RESOLVED,03-06-2026,P4,Branch,207015.0,ACCOUNT_TAKEOVER,RESOLVED,TXN00009369,2070.15,False,2070.15,VALID_POSITIVE
CBK0001260,TXN00011332,USR93701,MCH3846,2026/02/19,27-Feb-2026,529.68,service failed,Merchant service was not delivered after payment.,RESOLVED,28/02/2026,MEDIUM,Call Center,52968.0,SERVICE_ISSUE,RESOLVED,TXN00011332,529.68,False,529.68,VALID_POSITIVE
CBK0001533,TXN00007635,USR-56755,MCH 7066,13/02/2026 03:52 AM,02-14-2026,"INR 1,325.25",login compromised,customer complaint text unclear due to poor call center notes.,REJECTED,06/03/2026 05:52 AM,H,App,132525.0,ACCOUNT_TAKEOVER,REJECTED,TXN00007635,1325.25,False,1325.25,VALID_POSITIVE
CBK0002418,TXN00011396,USR 35122,MCH4181,22-Feb-2026,1772639709,₹205.54,merchant service issue,User reports money deducted but merchant denies receiving payment.,OPEN,22-Mar-2026,HIGH,chatbot,20554.0,SERVICE_ISSUE,OPEN,TXN00011396,205.54,False,205.54,VALID_POSITIVE
CBK0000326,TXN00017327,USR-84200,MCH-2753,2026-02-01 22:35:22,2026/02/02,"1,722.43",dispute raised,Customer says transaction was not authorized.,Open,1770708922,P4,Call Center,172243.0,CUSTOMER_DISPUTE,OPEN,TXN00017327,1722.43,False,1722.43,VALID_POSITIVE
CBK0001403,TXN00012661,USR30500,MCH6979,2026/03/08,2026/03/14,4457.64,unauth txn,Payment made to unknown merchant as per customer statement.,Resolved,30/03/2026,M,IVR,445764.0,UNAUTHORIZED_TRANSACTION,RESOLVED,TXN00012661,4457.64,False,4457.64,VALID_POSITIVE
CBK0001811,TXN00007437,usr_22170,MCH2381,02-14-2026,2026-02-20 07:41:16,-751.0,Account Takeover,Payment made to unknown merchant as per customer statement.,Pending Bank,2026/03/02,M,chatbot,-7510.0,ACCOUNT_TAKEOVER,PENDING,TXN00007437,-751.0,True,,NEGATIVE_INVALID
CBK0001512,TXN00019027,USR98733,MCH1775,16/02/2026 08:24 AM,2026/02/17,800.24,DUP_DEBIT,Customer says amount was debited twice.,Rejected,,M,Email,80024.0,DUPLICATE_DEBIT,REJECTED,TXN00019027,800.24,False,800.24,VALID_POSITIVE
CBK0001567,TXN00010292,40745,MCH3673,19/01/2026 08:28 AM,,982.39,customer issue,User claims account was compromised before transaction.,Pending Bank,02-19-2026,M,Email,98239.0,CUSTOMER_DISPUTE,PENDING,TXN00010292,982.39,False,982.39,VALID_POSITIVE
CBK0000695,TXN00012216,USR-72760,MCH7773,13-Mar-2026,15-Mar-2026,972.52,FRAUD,Complaint received after multiple failed attempts.,In Progress,,LOW,chatbot,97252.0,FRAUD,IN_PROGRESS,TXN00012216,972.52,False,972.52,VALID_POSITIVE
CBK0000215,TXN00001291,USR52378,mch9991,29/01/2026,2026/01/31,1404.87,not done by me,user claims account was compromised before transaction.,Pending Bank,13-Feb-2026,P2,Branch,140487.0,UNAUTHORIZED_TRANSACTION,PENDING,TXN00001291,1404.87,False,1404.87,VALID_POSITIVE
CBK0000811,TXN00015831,USR22432,MCH-2078,15-Feb-2026,2026/02/16,"Rs. 3,377",scam,customer complaint text unclear due to poor call center notes.,CLOSED,,P2,Email,3377.0,FRAUD,CLOSED,TXN00015831,3377.0,False,3377.0,VALID_POSITIVE
CBK0002795,TXN00013236,USR-87506,mch5811,2026/01/12,1768374920,"6,523.57",merchant service issue,Customer says transaction was not authorized.,In Progress,29-Jan-2026,Low,CHATBOT,652357.0,SERVICE_ISSUE,IN_PROGRESS,TXN00013236,6523.57,False,6523.57,VALID_POSITIVE
CBK0001849,TXN51763,USR 23350,MCH2303,2026/01/23,,830.25,extra amount deducted,payment made to unknown merchant as per customer statement.,Open,,Low,Email,83025.0,AMOUNT_MISMATCH,OPEN,TXN51763,830.25,False,830.25,VALID_POSITIVE
CBK0000655,TXN00002874,USR22639,MCH4186,1768231538,14-Jan-2026,₹634.21,incorrect amount,Customer says amount was debited twice.,Rejected,,L,chatbot,63421.0,AMOUNT_MISMATCH,REJECTED,TXN00002874,634.21,False,634.21,VALID_POSITIVE
CBK0001377,TXN00016673,USR91623,mch6411,01/01/2026 10:17 AM,05-Jan-2026,1675.84,Merchant Not Delivered,Customer says amount was debited twice.,Rejected,,L,CHATBOT,167584.0,DELIVERY_ISSUE,REJECTED,TXN00016673,1675.84,False,1675.84,VALID_POSITIVE
CBK0002655,TXN00002868,13587,MCH8080,20/02/2026 11:55 PM,2026/03/03,-860.7,service failed,User claims account was compromised before txn.,PENDING_BANK,2026-03-13 00:55:24,HIGH,IVR,-8607.0,SERVICE_ISSUE,PENDING,TXN00002868,-860.7,True,,NEGATIVE_INVALID
CBK0001596,TXN00002674,97070,mch2065,,01-17-2026,"Rs. 1,722",FRAUD,Merchant service was not delivered after payment.,CLOSED,25-Jan-2026,Medium,Call Center,1722.0,FRAUD,CLOSED,TXN00002674,1722.0,False,1722.0,VALID_POSITIVE
CBK0001012,TXN84920,USR51185,MCH2543,2026/03/23,26/03/2026 08:35 PM,,customer issue,User reports money deducted but merchant denies receiving payment.,In Progress,1776630921,M,Email,,CUSTOMER_DISPUTE,IN_PROGRESS,TXN84920,,False,,MISSING
CBK0002409,TXN00004555,USR24591,MCH7745,09/02/2026,15/02/2026 12:12 AM,INR 889.98,Merchant Not Delivered,Customer says amount was debited twice.,IN_PROGRESS,21/02/2026,P2,chatbot,88998.0,DELIVERY_ISSUE,IN_PROGRESS,TXN00004555,889.98,False,889.98,VALID_POSITIVE
CBK0000067,TXN00003314,USR37105,MCH6003,01-15-2026,20/01/2026,"Rs. 1,814",dispute raised,Suspicious high-value payment disputed by cust.,IN_PROGRESS,2026-02-10 21:13:32,Low,Branch,1814.0,CUSTOMER_DISPUTE,IN_PROGRESS,TXN00003314,1814.0,False,1814.0,VALID_POSITIVE
CBK0001637,TXN00014399,USR 56117,MCH2434,2026-02-15 14:45:18,21-Feb-2026,748.53,not done by me,User reports money deducted but merchant denies receiving payment. urgent,Pending Bank,2026-03-05 00:45:18,High,ivr,74853.0,UNAUTHORIZED_TRANSACTION,PENDING,TXN00014399,748.53,False,748.53,VALID_POSITIVE
CBK0002638,TXN00016536,USR21162,MCH8425,2026-03-06 13:39:44,06-Mar-2026,406.58,extra amount deducted,Customer says amount was debited twice.,PENDING_BANK,2026/04/01,P1,Email,40658.0,AMOUNT_MISMATCH,PENDING,TXN00016536,406.58,False,406.58,VALID_POSITIVE
CBK0001996,TXN00019262,61461,MCH1598,04/01/2026,,Rs. 385,account hacked,User says UPI PIN was not entered by them.,Open,2026/01/25,P4,chatbot,385.0,ACCOUNT_TAKEOVER,OPEN,TXN00019262,385.0,False,385.0,VALID_POSITIVE
CBK0001667,TXN00003837,USR73010,MCH2586,04/01/2026,2026-01-12 03:14:58,₹723.24,Merchant Not Delivered,User reports money deducted but merchant denies receiving payment.,OPEN,,HIGH,Call Center,72324.0,DELIVERY_ISSUE,OPEN,TXN00003837,723.24,False,723.24,VALID_POSITIVE
CBK0000592,TXN00018501,USR90616,MCH7951,2026-02-23 20:45:37,06/03/2026 07:45 AM,1061.55,DUP_DEBIT,customer complaint text unclear due to poor call center notes.,Open,27-Mar-2026,P4,Call Center,106155.0,DUPLICATE_DEBIT,OPEN,TXN00018501,1061.55,False,1061.55,VALID_POSITIVE
CBK0001425,TXN00007508,usr88956,MCH6166,01-21-2026,22/01/2026 08:15 PM,696.41,fraud,complaint received after multiple failed attempts.,Pending Bank,12/02/2026,LOW,CHATBOT,69641.0,FRAUD,PENDING,TXN00007508,696.41,False,696.41,VALID_POSITIVE
CBK0000741,TXN00015495,USR41660,MCH 6753,,2026-04-08 09:57:07,448.1,amount mismatch,complaint received after multiple failed attempts.,OPEN,1775728627,MEDIUM,Email,4481.0,AMOUNT_MISMATCH,OPEN,TXN00015495,448.1,False,448.1,VALID_POSITIVE
CBK0000933,TXN00010810,USR 57890,MCH9602,15/03/2026 04:04 PM,1773691498,836.2,login compromised,User says UPI PIN was not entered by them.,CLOSED,04-01-2026,M,IVR,8362.0,ACCOUNT_TAKEOVER,CLOSED,TXN00010810,836.2,False,836.2,VALID_POSITIVE
CBK0000109,TXN00003546,USR15596,MCH1434,03-01-2026,03/03/2026,"INR 3,229.57",charged twice,User claims account was compromised before transaction.,Closed,26-Mar-2026,MEDIUM,Call Center,322957.0,CHARGED TWICE,CLOSED,TXN00003546,3229.57,False,3229.57,VALID_POSITIVE
CBK0002562,TXN00001105,usr_90598,MCH5860,01-13-2026,23-Jan-2026,310.15,UNAUTHORISED,Payment made to unknown merchant as per customer statement. call dropped,OPEN,2026-02-10 22:59:43,LOW,ivr,31015.0,UNAUTHORIZED_TRANSACTION,OPEN,TXN00001105,310.15,False,310.15,VALID_POSITIVE
CBK0000689,TXN00017204,USR-95707,mch3736,16/01/2026,18-Jan-2026,,account hacked,Merchant service was not delivered after payment.,Resolved,2026-01-22 10:09:56,M,App,,ACCOUNT_TAKEOVER,RESOLVED,TXN00017204,,False,,MISSING
CBK0002398,TXN00004386,USR59393,MCH4310,02-02-2026,1770197706,"INR 2,691.36",no service,User says UPI PIN was not entered by them.,In Progress,14-Feb-2026,P3,IVR,269136.0,SERVICE_ISSUE,IN_PROGRESS,TXN00004386,2691.36,False,2691.36,VALID_POSITIVE
CBK0001700,TXN00016401,USR72166,MCH 6133,01/01/2026,02/01/2026,5981.0,extra amount deducted,Merchant service was not delivered after payment.,Closed,2026/01/06,P2,IVR,59810.0,AMOUNT_MISMATCH,CLOSED,TXN00016401,5981.0,False,5981.0,VALID_POSITIVE
CBK0002146,TXN00004284,USR94012,MCH8613,17/01/2026,2026-01-23 13:44:23,"₹3,737.05",Duplicate Debit,User claims account was compromised before transaction.,Rejected,2026/02/14,MEDIUM,Branch,373705.0,DUPLICATE_DEBIT,REJECTED,TXN00004284,3737.05,False,3737.05,VALID_POSITIVE
CBK0001671,txn-00001758,USR86472,MCH7728,19/02/2026,2026-02-22 04:14:22,"Rs. 1,416",Service Not Provided,User claims account was compromised before transaction.,Open,,Low,CHATBOT,1416.0,SERVICE_ISSUE,OPEN,TXN-00001758,1416.0,False,1416.0,VALID_POSITIVE
CBK0000331,TXN00016055,usr61715,MCH 2991,,2026/01/17,509.0,Fraud Suspected,Payment made to unknown merchant as per customer statement.,CLOSED,2026-02-06 14:40:17,HIGH,Call Center,5090.0,FRAUD,CLOSED,TXN00016055,509.0,False,509.0,VALID_POSITIVE
CBK0002794,TXN00018116,USR71316,MCH6194,,05/02/2026,1239.17,double debit,Suspicious high-value payment disputed by customer.,Pending Bank,2026-02-07 22:14:43,L,ivr,123917.0,DUPLICATE_DEBIT,PENDING,TXN00018116,1239.17,False,1239.17,VALID_POSITIVE
CBK0000828,TXN00007187,usr27947,MCH4473,03-07-2026,,361.6,incorrect amount,Merchant service was not delivered after payment.,RESOLVED,,P3,Email,3616.0,AMOUNT_MISMATCH,RESOLVED,TXN00007187,361.6,False,361.6,VALID_POSITIVE
CBK0000321,TXN00011096,USR32450,MCH 5659,21/02/2026 01:51 PM,1771991481,Rs. 825,Customer Dispute,merchant service was not delivered after payment.,REJECTED,20-Mar-2026,P3,IVR,825.0,CUSTOMER_DISPUTE,REJECTED,TXN00011096,825.0,False,825.0,VALID_POSITIVE
CBK0002789,TXN00000255,USR59679,MCH6985,01-06-2026,2026/01/16,"2,178.80",Duplicate Debit,User says UPI PIN was not entered by them.,WIP,27/01/2026 03:04 PM,P3,chatbot,217880.0,DUPLICATE_DEBIT,IN_PROGRESS,TXN00000255,2178.8,False,2178.8,VALID_POSITIVE
CBK0000975,TXN00019717,USR22234,4473,18-Feb-2026,2026-02-20 19:33:19,"INR 1,122.85",complaint,Payment made to unknown merchant as per customer statement.,RESOLVED,03-06-2026,LOW,IVR,112285.0,CUSTOMER_DISPUTE,RESOLVED,TXN00019717,1122.85,False,1122.85,VALID_POSITIVE
CBK0000044,TXN00004903,USR49770,MCH4578,26-Feb-2026,23/02/2026 08:37 AM,639.26,delivery issue,Merchant service was not delivered after payment.,Pending Bank,,MEDIUM,CHATBOT,63926.0,DELIVERY_ISSUE,PENDING,TXN00004903,639.26,False,639.26,VALID_POSITIVE
CBK0002329,TXN00005401,USR58914,MCH9277,2026-02-01 11:50:12,2026-02-05 08:50:12,14197.19,not done by me,SUSPICIOUS HIGH-VALUE PAYMENT DISPUTED BY CUSTOMER.,Pending Bank,2026-03-07 08:50:12,L,chatbot,1419719.0,UNAUTHORIZED_TRANSACTION,PENDING,TXN00005401,14197.19,False,14197.19,VALID_POSITIVE
CBK0001844,TXN00005723,USR27285,MCH8154,06/02/2026 09:43 AM,08/02/2026,"Rs. 4,655",incorrect amount,Merchant service was not delivered after payment.,RESOLVED,15-Feb-2026,LOW,Email,4655.0,AMOUNT_MISMATCH,RESOLVED,TXN00005723,4655.0,False,4655.0,VALID_POSITIVE
CBK0000465,TXN00003105,USR50434,MCH1786,2026/03/13,,775.96,Wrong Amount,User reports money deducted but merchant denies receiving payment.,In Progress,18/04/2026,Medium,Call Center,77596.0,AMOUNT_MISMATCH,IN_PROGRESS,TXN00003105,775.96,False,775.96,VALID_POSITIVE
CBK0002289,TXN00009795,USR13941,MCH2131,1773999259,21-Mar-2026,"Rs. 4,846",delivery issue,User claims account was compromised before transaction.,PENDING_BANK,04-11-2026,P3,ivr,4846.0,DELIVERY_ISSUE,PENDING,TXN00009795,4846.0,False,4846.0,VALID_POSITIVE
CBK0000918,,USR24555,MCH7951,1767530138,15/01/2026 08:35 AM,"₹1,207.12",charged twice,complaint received after multiple failed attempts.,In Progress,,H,ivr,120712.0,CHARGED TWICE,IN_PROGRESS,,1207.12,False,1207.12,VALID_POSITIVE
CBK0002229,TXN00017286,usr53259,MCH9564,27/01/2026,30-Jan-2026,₹497.00,Fraud Suspected,User says UPI PIN was not entered by them. urgent,REJECTED,,M,Email,49700.0,FRAUD,REJECTED,TXN00017286,497.0,False,497.0,VALID_POSITIVE
CBK0000350,TXN00005138,USR67243,MCH3024,2026/03/28,03/04/2026,"1,449.14",DUP_DEBIT,Payment made to unknown merchant as per customer statement.,OPEN,04-28-2026,MEDIUM,Branch,144914.0,DUPLICATE_DEBIT,OPEN,TXN00005138,1449.14,False,1449.14,VALID_POSITIVE
CBK0000276,TXN00000311,USR38155,MCH3734,30-Jan-2026,02-04-2026,"₹2,784.85",charged twice,Customer says transaction was not authorized.,REJECTED,20-Feb-2026,P2,Email,278485.0,CHARGED TWICE,REJECTED,TXN00000311,2784.85,False,2784.85,VALID_POSITIVE
